t,seq,V_fc,V_batt,V_bus,V_chg,V_rgn,I_fc,I_batt,v_actual,I_charge,ag105_status,state,switch,aux,current,mdac_fc,mdac_bt,fault_flags,soc,elec_substep_hz,elec_events,cmd_v_sp,cmd_share_sp,h2_rate_gps,h2_cum_g,h2_sdp_cum_g,cmd_share_sp_raw,mppt_thresh_cnt,error_code,p_mot_w,p_fc_w,p_batt_w,p_chop_w,p_aux_w,p_bal_w
0.000000,0,,,15.9389,,,0.0598,0.0902,0.00000,0.0000,0x00,2,39,3,,6129,4967,0,0.70000,,,0.00000,0.15000,1.97944353e-05,1.97944353e-06,,,,0,,,,,,
0.100000,1,,,15.9389,,,0.0308,0.1192,0.00000,0.0000,0x00,2,39,3,,8163,4813,0,0.70000,,,0.00000,0.15000,1.01948784e-05,2.99893137e-06,,,,0,,,,,,
0.200000,2,,,15.9389,,,0.0225,0.1275,0.00000,0.0000,0x00,2,39,3,,8163,4813,0,0.70000,,,0.00000,0.15000,7.44151705e-06,3.74308308e-06,,,,0,,,,,,
0.300000,3,,,15.9389,,,0.0225,0.1275,0.00000,0.0000,0x00,2,39,3,,8163,4813,0,0.70000,,,0.00000,0.15000,7.44151705e-06,4.48723478e-06,,,,0,,,,,,
0.400000,4,,,15.9389,,,0.0225,0.1275,0.00000,0.0000,0x00,2,39,3,,8163,4813,0,0.69999,,,0.00000,0.15000,7.44151705e-06,5.23138649e-06,,,,0,,,,,,
0.500000,5,,,15.9389,,,0.0225,0.1275,0.00000,0.0000,0x00,2,39,3,,8163,4813,0,0.69999,,,0.00000,0.15000,7.44151705e-06,5.97553819e-06,,,,0,,,,,,
0.600000,6,,,15.9389,,,0.0225,0.1275,0.00000,0.0000,0x00,2,39,3,,8163,4813,0,0.69999,,,0.00000,0.15000,7.44151705e-06,6.71968989e-06,,,,0,,,,,,
0.700000,7,,,15.9389,,,0.0225,0.1275,0.00000,0.0000,0x00,2,39,3,,8163,4813,0,0.69999,,,0.00000,0.15000,7.44151705e-06,7.4638416e-06,,,,0,,,,,,
0.800000,8,,,15.9389,,,0.0225,0.1275,0.00000,0.0000,0x00,2,39,3,,8163,4813,0,0.69999,,,0.00000,0.15000,7.44151705e-06,8.2079933e-06,,,,0,,,,,,
0.900000,9,,,15.9389,,,0.0225,0.1275,0.00000,0.0000,0x00,2,39,3,,8163,4813,0,0.69999,,,0.00000,0.15000,7.44151705e-06,8.95214501e-06,,,,0,,,,,,
1.000000,10,,,15.9389,,,0.0225,0.1275,0.00000,0.0000,0x00,2,39,3,,8163,4813,0,0.69998,,,0.00000,0.15000,7.44151705e-06,9.69629671e-06,,,,0,,,,,,
1.100000,11,,,15.9389,,,0.0225,0.1275,0.00000,0.0000,0x00,2,39,3,,8163,4813,0,0.69998,,,0.00000,0.15000,7.44151705e-06,1.04404484e-05,,,,0,,,,,,
1.200000,12,,,15.9389,,,0.0225,0.1275,0.00000,0.0000,0x00,2,39,3,,8163,4813,0,0.69998,,,0.00000,0.15000,7.44151705e-06,1.11846001e-05,,,,0,,,,,,
1.300000,13,,,15.9389,,,0.0225,0.1275,0.00000,0.0000,0x00,2,39,3,,8163,4813,0,0.69998,,,0.00000,0.15000,7.44151705e-06,1.19287518e-05,,,,0,,,,,,
1.400000,14,,,15.9389,,,0.0225,0.1275,0.00000,0.0000,0x00,2,39,3,,8163,4813,0,0.69998,,,0.00000,0.15000,7.44151705e-06,1.26729035e-05,,,,0,,,,,,
1.500000,15,,,15.9389,,,0.0225,0.1275,0.00000,0.0000,0x00,2,39,3,,8163,4813,0,0.69998,,,0.00000,0.15000,7.44151705e-06,1.34170552e-05,,,,0,,,,,,
1.600000,16,,,15.9389,,,0.0225,0.1275,0.00000,0.0000,0x00,2,39,3,,8163,4813,0,0.69997,,,0.00000,0.15000,7.44151705e-06,1.41612069e-05,,,,0,,,,,,
1.700000,17,,,15.9389,,,0.0225,0.1275,0.00000,0.0000,0x00,2,39,3,,8163,4813,0,0.69997,,,0.00000,0.15000,7.44151705e-06,1.49053586e-05,,,,0,,,,,,
1.800000,18,,,15.9389,,,0.0225,0.1275,0.00000,0.0000,0x00,2,39,3,,8163,4813,0,0.69997,,,0.00000,0.15000,7.44151705e-06,1.56495104e-05,,,,0,,,,,,
1.900000,19,,,15.9389,,,0.0225,0.1275,0.00000,0.0000,0x00,2,39,3,,8163,4813,0,0.69997,,,0.00000,0.15000,7.44151705e-06,1.63936621e-05,,,,0,,,,,,
2.000000,20,,,15.9389,,,0.0225,0.1275,0.00000,0.0000,0x00,2,39,3,,8163,4813,0,0.69997,,,0.00000,0.15000,7.44151705e-06,1.71378138e-05,,,,0,,,,,,
2.100000,21,,,15.9389,,,0.0225,0.1275,0.00000,0.0000,0x00,2,39,3,,8163,4813,0,0.69997,,,0.00000,0.15000,7.44151705e-06,1.78819655e-05,,,,0,,,,,,
2.200000,22,,,15.9389,,,0.0225,0.1275,0.00000,0.0000,0x00,2,39,3,,8163,4813,0,0.69996,,,0.00000,0.15000,7.44151705e-06,1.86261172e-05,,,,0,,,,,,
2.300000,23,,,15.9389,,,0.0225,0.1275,0.00000,0.0000,0x00,2,39,3,,8163,4813,0,0.69996,,,0.00000,0.15000,7.44151705e-06,1.93702689e-05,,,,0,,,,,,
2.400000,24,,,15.9389,,,0.0225,0.1275,0.00000,0.0000,0x00,2,39,3,,8163,4813,0,0.69996,,,0.00000,0.15000,7.44151705e-06,2.01144206e-05,,,,0,,,,,,
2.500000,25,,,15.9389,,,0.0225,0.1275,0.00000,0.0000,0x00,2,39,3,,8163,4813,0,0.69996,,,0.00000,0.15000,7.44151705e-06,2.08585723e-05,,,,0,,,,,,
2.600000,26,,,15.9389,,,0.0225,0.1275,0.00000,0.0000,0x00,2,39,3,,8163,4813,0,0.69996,,,0.00000,0.15000,7.44151705e-06,2.1602724e-05,,,,0,,,,,,
2.700000,27,,,15.9389,,,0.0225,0.1275,0.00000,0.0000,0x00,2,39,3,,8163,4813,0,0.69995,,,0.00000,0.15000,7.44151705e-06,2.23468757e-05,,,,0,,,,,,
2.800000,28,,,15.9389,,,0.0225,0.1275,0.00000,0.0000,0x00,2,39,3,,8163,4813,0,0.69995,,,0.00000,0.15000,7.44151705e-06,2.30910274e-05,,,,0,,,,,,
2.900000,29,,,15.9389,,,0.0225,0.1275,0.00000,0.0000,0x00,2,39,3,,8163,4813,0,0.69995,,,0.00000,0.15000,7.44151705e-06,2.38351791e-05,,,,0,,,,,,
3.000000,30,,,15.9389,,,0.0225,0.1275,0.00000,0.0000,0x00,2,39,3,,8163,4813,0,0.69995,,,0.00000,0.15000,7.44151705e-06,2.45793308e-05,,,,0,,,,,,
3.100000,31,,,15.9384,,,0.0235,0.1333,0.03000,0.0000,0x00,2,39,3,,8163,4813,0,0.69995,,,0.03000,0.15000,7.77809575e-06,2.53571404e-05,,,,0,,,,,,
3.200000,32,,,15.9379,,,0.0245,0.1391,0.06000,0.0000,0x00,2,39,3,,8163,4813,0,0.69995,,,0.06000,0.15000,8.11819169e-06,2.61689596e-05,,,,0,,,,,,
3.300000,33,,,15.9374,,,0.0256,0.1450,0.09000,0.0000,0x00,2,39,3,,8163,4813,0,0.69994,,,0.09000,0.15000,8.46180487e-06,2.701514e-05,,,,0,,,,,,
3.400000,34,,,15.9369,,,0.0266,0.1509,0.12000,0.0000,0x00,2,39,3,,8163,4813,0,0.69994,,,0.12000,0.15000,8.8089353e-06,2.78960336e-05,,,,0,,,,,,
3.500000,35,,,15.9363,,,0.0277,0.1570,0.15000,0.0000,0x00,2,39,3,,8163,4813,0,0.69994,,,0.15000,0.15000,9.15958296e-06,2.88119919e-05,,,,0,,,,,,
3.600000,36,,,15.9358,,,0.0288,0.1630,0.18000,0.0000,0x00,2,39,3,,8163,4813,0,0.69994,,,0.18000,0.15000,9.51374787e-06,2.97633667e-05,,,,0,,,,,,
3.700000,37,,,15.9353,,,0.0299,0.1692,0.21000,0.0000,0x00,2,39,3,,8163,4813,0,0.69994,,,0.21000,0.15000,9.87143001e-06,3.07505097e-05,,,,0,,,,,,
3.800000,38,,,15.9347,,,0.0309,0.1754,0.24000,0.0000,0x00,2,39,3,,8163,4813,0,0.69993,,,0.24000,0.15000,1.02326294e-05,3.17737726e-05,,,,0,,,,,,
3.900000,39,,,15.9342,,,0.0321,0.1816,0.27000,0.0000,0x00,2,39,3,,8163,4813,0,0.69993,,,0.27000,0.15000,1.0597346e-05,3.28335072e-05,,,,0,,,,,,
4.000000,40,,,15.9336,,,0.0332,0.1879,0.30000,0.0000,0x00,2,39,3,,8163,4813,0,0.69993,,,0.30000,0.15000,1.09655799e-05,3.39300652e-05,,,,0,,,,,,
4.100000,41,,,15.9331,,,0.0343,0.1943,0.33000,0.0000,0x00,2,39,3,,8163,4813,0,0.69993,,,0.33000,0.15000,1.1337331e-05,3.50637983e-05,,,,0,,,,,,
4.200000,42,,,15.9325,,,0.0354,0.2008,0.36000,0.0000,0x00,2,39,3,,8163,4813,0,0.69992,,,0.36000,0.15000,1.17125993e-05,3.62350582e-05,,,,0,,,,,,
4.300000,43,,,15.9320,,,0.0366,0.2073,0.39000,0.0000,0x00,2,39,3,,8163,4813,0,0.69992,,,0.39000,0.15000,1.20913849e-05,3.74441967e-05,,,,0,,,,,,
4.400000,44,,,15.9314,,,0.0377,0.2138,0.42000,0.0000,0x00,2,39,3,,8163,4813,0,0.69992,,,0.42000,0.15000,1.24736877e-05,3.86915655e-05,,,,0,,,,,,
4.500000,45,,,15.9308,,,0.0389,0.2204,0.45000,0.0000,0x00,2,39,3,,8163,4813,0,0.69992,,,0.45000,0.15000,1.28595078e-05,3.99775163e-05,,,,0,,,,,,
4.600000,46,,,15.9302,,,0.0401,0.2271,0.48000,0.0000,0x00,2,39,3,,8163,4813,0,0.69991,,,0.48000,0.15000,1.3248845e-05,4.13024008e-05,,,,0,,,,,,
4.700000,47,,,15.9296,,,0.0413,0.2339,0.51000,0.0000,0x00,2,39,3,,8163,4813,0,0.69991,,,0.51000,0.15000,1.36416996e-05,4.26665707e-05,,,,0,,,,,,
4.800000,48,,,15.9290,,,0.0425,0.2407,0.54000,0.0000,0x00,2,39,3,,8163,4813,0,0.69991,,,0.54000,0.15000,1.40380713e-05,4.40703778e-05,,,,0,,,,,,
4.900000,49,,,15.9284,,,0.0437,0.2475,0.57000,0.0000,0x00,2,39,3,,8163,4813,0,0.69990,,,0.57000,0.15000,1.44379603e-05,4.55141739e-05,,,,0,,,,,,
5.000000,50,,,15.9278,,,0.0449,0.2545,0.60000,0.0000,0x00,2,39,3,,8163,4813,0,0.69990,,,0.60000,0.15000,1.48413665e-05,4.69983105e-05,,,,0,,,,,,
5.100000,51,,,15.9272,,,0.0461,0.2614,0.63000,0.0000,0x00,2,39,3,,8163,4813,0,0.69990,,,0.63000,0.15000,1.524829e-05,4.85231395e-05,,,,0,,,,,,
5.200000,52,,,15.9266,,,0.0474,0.2685,0.66000,0.0000,0x00,2,39,3,,8163,4813,0,0.69989,,,0.66000,0.15000,1.56587306e-05,5.00890126e-05,,,,0,,,,,,
5.300000,53,,,15.9260,,,0.0486,0.2756,0.69000,0.0000,0x00,2,39,3,,8163,4813,0,0.69989,,,0.69000,0.15000,1.60726886e-05,5.16962814e-05,,,,0,,,,,,
5.400000,54,,,15.9254,,,0.0499,0.2828,0.72000,0.0000,0x00,2,39,3,,8163,4813,0,0.69989,,,0.72000,0.15000,1.64901637e-05,5.33452978e-05,,,,0,,,,,,
5.500000,55,,,15.9248,,,0.0512,0.2900,0.75000,0.0000,0x00,2,39,3,,8163,4813,0,0.69988,,,0.75000,0.15000,1.69111561e-05,5.50364134e-05,,,,0,,,,,,
5.600000,56,,,15.9241,,,0.0525,0.2973,0.78000,0.0000,0x00,2,39,3,,8163,4813,0,0.69988,,,0.78000,0.15000,1.73356657e-05,5.676998e-05,,,,0,,,,,,
5.700000,57,,,15.9235,,,0.0538,0.3047,0.81000,0.0000,0x00,2,39,3,,8163,4813,0,0.69987,,,0.81000,0.15000,1.77636925e-05,5.85463492e-05,,,,0,,,,,,
5.800000,58,,,15.9228,,,0.0551,0.3121,0.84000,0.0000,0x00,2,39,3,,8163,4813,0,0.69987,,,0.84000,0.15000,1.81952366e-05,6.03658729e-05,,,,0,,,,,,
5.900000,59,,,15.9222,,,0.0564,0.3195,0.87000,0.0000,0x00,2,39,3,,8163,4813,0,0.69987,,,0.87000,0.15000,1.86302979e-05,6.22289027e-05,,,,0,,,,,,
6.000000,60,,,15.9215,,,0.0577,0.3271,0.90000,0.0000,0x00,2,39,3,,8163,4813,0,0.69986,,,0.90000,0.15000,1.90688764e-05,6.41357903e-05,,,,0,,,,,,
6.100000,61,,,15.9209,,,0.0591,0.3347,0.93000,0.0000,0x00,2,39,3,,8163,4813,0,0.69986,,,0.93000,0.15000,1.95109721e-05,6.60868875e-05,,,,0,,,,,,
6.200000,62,,,15.9202,,,0.0604,0.3423,0.96000,0.0000,0x00,2,39,3,,8163,4813,0,0.69985,,,0.96000,0.15000,1.99565851e-05,6.8082546e-05,,,,0,,,,,,
6.300000,63,,,15.9195,,,0.0618,0.3500,0.99000,0.0000,0x00,2,39,3,,8163,4813,0,0.69985,,,0.99000,0.15000,2.04057153e-05,7.01231176e-05,,,,0,,,,,,
6.400000,64,,,15.9188,,,0.0631,0.3578,1.02000,0.0000,0x00,2,39,3,,8163,4813,0,0.69984,,,1.02000,0.15000,2.08583627e-05,7.22089538e-05,,,,0,,,,,,
6.500000,65,,,15.9182,,,0.0645,0.3657,1.05000,0.0000,0x00,2,39,3,,8163,4813,0,0.69984,,,1.05000,0.15000,2.13145274e-05,7.43404066e-05,,,,0,,,,,,
6.600000,66,,,15.9175,,,0.0659,0.3736,1.08000,0.0000,0x00,2,39,3,,8163,4813,0,0.69983,,,1.08000,0.15000,2.17742092e-05,7.65178275e-05,,,,0,,,,,,
6.700000,67,,,15.9168,,,0.0673,0.3815,1.11000,0.0000,0x00,2,39,3,,8163,4813,0,0.69983,,,1.11000,0.15000,2.22374083e-05,7.87415683e-05,,,,0,,,,,,
6.800000,68,,,15.9161,,,0.0687,0.3896,1.14000,0.0000,0x00,2,39,3,,8163,4813,0,0.69982,,,1.14000,0.15000,2.27041246e-05,8.10119808e-05,,,,0,,,,,,
6.900000,69,,,15.9154,,,0.0702,0.3976,1.17000,0.0000,0x00,2,39,3,,8163,4813,0,0.69982,,,1.17000,0.15000,2.31743582e-05,8.33294166e-05,,,,0,,,,,,
7.000000,70,,,15.9147,,,0.0716,0.4058,1.20000,0.0000,0x00,2,39,3,,8163,4813,0,0.69981,,,1.20000,0.15000,2.36481089e-05,8.56942275e-05,,,,0,,,,,,
7.100000,71,,,15.9140,,,0.0731,0.4140,1.23000,0.0000,0x00,2,39,3,,8163,4813,0,0.69981,,,1.23000,0.15000,2.41253769e-05,8.81067652e-05,,,,0,,,,,,
7.200000,72,,,15.9132,,,0.0745,0.4223,1.26000,0.0000,0x00,2,39,3,,8163,4813,0,0.69980,,,1.26000,0.15000,2.46061621e-05,9.05673814e-05,,,,0,,,,,,
7.300000,73,,,15.9125,,,0.0760,0.4306,1.29000,0.0000,0x00,2,39,3,,8163,4813,0,0.69980,,,1.29000,0.15000,2.50904645e-05,9.30764279e-05,,,,0,,,,,,
7.400000,74,,,15.9118,,,0.0775,0.4390,1.32000,0.0000,0x00,2,39,3,,8163,4813,0,0.69979,,,1.32000,0.15000,2.55782841e-05,9.56342563e-05,,,,0,,,,,,
7.500000,75,,,15.9110,,,0.0790,0.4474,1.35000,0.0000,0x00,2,39,3,,8163,4813,0,0.69979,,,1.35000,0.15000,2.6069621e-05,9.82412184e-05,,,,0,,,,,,
7.600000,76,,,15.9103,,,0.0805,0.4560,1.38000,0.0000,0x00,2,39,3,,8163,4813,0,0.69978,,,1.38000,0.15000,2.65644751e-05,0.000100897666,,,,0,,,,,,
7.700000,77,,,15.9096,,,0.0820,0.4645,1.41000,0.0000,0x00,2,39,3,,8163,4813,0,0.69977,,,1.41000,0.15000,2.70628463e-05,0.000103603951,,,,0,,,,,,
7.800000,78,,,15.9088,,,0.0835,0.4732,1.44000,0.0000,0x00,2,39,3,,8163,4813,0,0.69977,,,1.44000,0.15000,2.75647348e-05,0.000106360424,,,,0,,,,,,
7.900000,79,,,15.9080,,,0.0850,0.4819,1.47000,0.0000,0x00,2,39,3,,8163,4813,0,0.69976,,,1.47000,0.15000,2.80701405e-05,0.000109167438,,,,0,,,,,,
8.000000,80,,,15.9116,,,0.0778,0.4410,1.50000,0.0000,0x00,2,39,3,,8163,4813,0,0.69975,,,1.50000,0.15000,2.56974227e-05,0.00011173718,,,,0,,,,,,
8.100000,81,,,15.9159,,,0.0691,0.3915,1.50000,0.0000,0x00,2,39,3,,8163,4813,0,0.69975,,,1.50000,0.15000,2.28157809e-05,0.000114018758,,,,0,,,,,,
8.200000,82,,,15.9159,,,0.0691,0.3915,1.50000,0.0000,0x00,2,39,3,,8163,4813,0,0.69974,,,1.50000,0.15000,2.28157809e-05,0.000116300336,,,,0,,,,,,
8.300000,83,,,15.9159,,,0.0691,0.3915,1.50000,0.0000,0x00,2,39,3,,8163,4813,0,0.69974,,,1.50000,0.15000,2.28157809e-05,0.000118581915,,,,0,,,,,,
8.400000,84,,,15.9159,,,0.0691,0.3915,1.50000,0.0000,0x00,2,39,3,,8163,4813,0,0.69973,,,1.50000,0.15000,2.28157809e-05,0.000120863493,,,,0,,,,,,
8.500000,85,,,15.9159,,,0.0691,0.3915,1.50000,0.0000,0x00,2,39,3,,8163,4813,0,0.69973,,,1.50000,0.15000,2.28157809e-05,0.000123145071,,,,0,,,,,,
8.600000,86,,,15.9159,,,0.0691,0.3915,1.50000,0.0000,0x00,2,39,3,,8163,4813,0,0.69972,,,1.50000,0.15000,2.28157809e-05,0.000125426649,,,,0,,,,,,
8.700000,87,,,15.9159,,,0.0691,0.3915,1.50000,0.0000,0x00,2,39,3,,8163,4813,0,0.69972,,,1.50000,0.15000,2.28157809e-05,0.000127708227,,,,0,,,,,,
8.800000,88,,,15.9159,,,0.0691,0.3915,1.50000,0.0000,0x00,2,39,3,,8163,4813,0,0.69971,,,1.50000,0.15000,2.28157809e-05,0.000129989805,,,,0,,,,,,
8.900000,89,,,15.9159,,,0.0691,0.3915,1.50000,0.0000,0x00,2,39,3,,8163,4813,0,0.69971,,,1.50000,0.15000,2.28157809e-05,0.000132271383,,,,0,,,,,,
9.000000,90,,,15.9159,,,0.0691,0.3915,1.50000,0.0000,0x00,2,39,3,,8163,4813,0,0.69970,,,1.50000,0.15000,2.28157809e-05,0.000134552961,,,,0,,,,,,
9.100000,91,,,15.9159,,,0.0691,0.3915,1.50000,0.0000,0x00,2,39,3,,8163,4813,0,0.69970,,,1.50000,0.15000,2.28157809e-05,0.000136834539,,,,0,,,,,,
9.200000,92,,,15.9159,,,0.0691,0.3915,1.50000,0.0000,0x00,2,39,3,,8163,4813,0,0.69969,,,1.50000,0.15000,2.28157809e-05,0.000139116117,,,,0,,,,,,
9.300000,93,,,15.9159,,,0.0691,0.3915,1.50000,0.0000,0x00,2,39,3,,8163,4813,0,0.69969,,,1.50000,0.15000,2.28157809e-05,0.000141397695,,,,0,,,,,,
9.400000,94,,,15.9159,,,0.0691,0.3915,1.50000,0.0000,0x00,2,39,3,,8163,4813,0,0.69968,,,1.50000,0.15000,2.28157809e-05,0.000143679274,,,,0,,,,,,
9.500000,95,,,15.9159,,,0.0691,0.3915,1.50000,0.0000,0x00,2,39,3,,8163,4813,0,0.69968,,,1.50000,0.15000,2.28157809e-05,0.000145960852,,,,0,,,,,,
9.600000,96,,,15.9159,,,0.0691,0.3915,1.50000,0.0000,0x00,2,39,3,,8163,4813,0,0.69967,,,1.50000,0.15000,2.28157809e-05,0.00014824243,,,,0,,,,,,
9.700000,97,,,15.9159,,,0.0691,0.3915,1.50000,0.0000,0x00,2,39,3,,8163,4813,0,0.69966,,,1.50000,0.15000,2.28157809e-05,0.000150524008,,,,0,,,,,,
9.800000,98,,,15.9159,,,0.0691,0.3915,1.50000,0.0000,0x00,2,39,3,,8163,4813,0,0.69966,,,1.50000,0.15000,2.28157809e-05,0.000152805586,,,,0,,,,,,
9.900000,99,,,15.9159,,,0.0691,0.3915,1.50000,0.0000,0x00,2,39,3,,8163,4813,0,0.69965,,,1.50000,0.15000,2.28157809e-05,0.000155087164,,,,0,,,,,,
10.000000,100,,,15.9159,,,0.0691,0.3915,1.50000,0.0000,0x00,2,39,3,,8163,4813,0,0.69965,,,1.50000,0.15000,2.28157809e-05,0.000157368742,,,,0,,,,,,
10.100000,101,,,15.9134,,,0.0741,0.4199,1.50000,0.0000,0x00,2,39,3,,8163,4813,0,0.69964,,,1.50000,0.15000,2.44656574e-05,0.000159815308,,,,0,,,,,,
10.200000,102,,,15.9110,,,0.0791,0.4482,1.50000,0.0000,0x00,2,39,3,,8163,4813,0,0.69964,,,1.50000,0.15000,2.61150213e-05,0.00016242681,,,,0,,,,,,
10.300000,103,,,15.9085,,,0.0841,0.4766,1.50000,0.0000,0x00,2,39,3,,8163,4813,0,0.69963,,,1.50000,0.15000,2.77638726e-05,0.000165203197,,,,0,,,,,,
10.400000,104,,,15.9060,,,0.0891,0.5050,1.50000,0.0000,0x00,2,39,3,,8163,4813,0,0.69963,,,1.50000,0.15000,2.94122113e-05,0.000168144418,,,,0,,,,,,
10.500000,105,,,15.9036,,,0.2791,0.3484,1.50000,0.0000,0x00,2,39,3,,5371,5265,0,0.69962,,,1.50000,0.15000,9.21015432e-05,0.000177354573,,,,0,,,,,,
10.600000,106,,,15.9011,,,0.3030,0.3579,1.50000,0.0000,0x00,2,39,3,,5439,5213,0,0.69961,,,1.50000,0.15000,9.99593679e-05,0.000187350509,,,,0,,,,,,
10.700000,107,,,15.8986,,,0.3028,0.3914,1.50000,0.0000,0x00,2,39,3,,5507,5170,0,0.69961,,,1.50000,0.15000,9.98958343e-05,0.000197340093,,,,0,,,,,,
10.800000,108,,,15.8962,,,0.3027,0.4249,1.50000,0.0000,0x00,2,39,3,,5575,5134,0,0.69960,,,1.50000,0.15000,9.9836824e-05,0.000207323775,,,,0,,,,,,
10.900000,109,,,15.8937,,,0.3026,0.4584,1.50000,0.0000,0x00,2,39,3,,5643,5103,0,0.69960,,,1.50000,0.15000,9.97817282e-05,0.000217301948,,,,0,,,,,,
11.000000,110,,,15.8912,,,0.3024,0.4919,1.50000,0.0000,0x00,2,39,3,,5711,5076,0,0.69959,,,1.50000,0.15000,9.97300427e-05,0.000227274952,,,,0,,,,,,
11.100000,111,,,15.8887,,,0.3023,0.5254,1.50000,0.0000,0x00,2,39,3,,5778,5053,0,0.69959,,,1.50000,0.15000,9.96813462e-05,0.000237243087,,,,0,,,,,,
11.200000,112,,,15.8863,,,0.3023,0.5589,1.50000,0.0000,0x00,2,39,3,,5846,5032,0,0.69958,,,1.50000,0.15000,9.96352843e-05,0.000247206615,,,,0,,,,,,
11.300000,113,,,15.8838,,,0.3022,0.5924,1.50000,0.0000,0x00,2,39,3,,5914,5014,0,0.69957,,,1.50000,0.15000,9.95915562e-05,0.000257165771,,,,0,,,,,,
11.400000,114,,,15.8813,,,0.3021,0.6258,1.50000,0.0000,0x00,2,39,3,,5982,4997,0,0.69956,,,1.50000,0.15000,9.95499055e-05,0.000267120762,,,,0,,,,,,
11.500000,115,,,15.8789,,,0.3020,0.6593,1.50000,0.0000,0x00,2,39,3,,6050,4982,0,0.69956,,,1.50000,0.15000,9.95101118e-05,0.000277071773,,,,0,,,,,,
11.600000,116,,,15.8764,,,0.3019,0.6927,1.50000,0.0000,0x00,2,39,3,,6118,4969,0,0.69955,,,1.50000,0.15000,9.9471985e-05,0.000287018971,,,,0,,,,,,
11.700000,117,,,15.8739,,,0.3019,0.7262,1.50000,0.0000,0x00,2,39,3,,6186,4957,0,0.69954,,,1.50000,0.15000,9.94353601e-05,0.000296962507,,,,0,,,,,,
11.800000,118,,,15.8715,,,0.3018,0.7596,1.50000,0.0000,0x00,2,39,3,,6254,4946,0,0.69953,,,1.50000,0.15000,9.94000929e-05,0.000306902517,,,,0,,,,,,
11.900000,119,,,15.8690,,,0.3018,0.7931,1.50000,0.0000,0x00,2,39,3,,6322,4936,0,0.69952,,,1.50000,0.15000,9.93660574e-05,0.000316839122,,,,0,,,,,,
12.000000,120,,,15.8665,,,0.3017,0.8265,1.50000,0.0000,0x00,2,39,3,,6389,4927,0,0.69951,,,1.50000,0.15000,9.93331427e-05,0.000326772437,,,,0,,,,,,
12.100000,121,,,15.8640,,,0.3017,0.8599,1.50000,0.0000,0x00,2,39,3,,6457,4918,0,0.69950,,,1.50000,0.15000,9.93012506e-05,0.000336702562,,,,0,,,,,,
12.200000,122,,,15.8616,,,0.3016,0.8933,1.50000,0.0000,0x00,2,39,3,,6525,4910,0,0.69948,,,1.50000,0.15000,9.92702942e-05,0.000346629591,,,,0,,,,,,
12.300000,123,,,15.8591,,,0.3016,0.9268,1.50000,0.0000,0x00,2,39,3,,6593,4903,0,0.69947,,,1.50000,0.15000,9.92401963e-05,0.000356553611,,,,0,,,,,,
12.400000,124,,,15.8566,,,0.3015,0.9602,1.50000,0.0000,0x00,2,39,3,,6661,4896,0,0.69946,,,1.50000,0.15000,9.92108877e-05,0.000366474699,,,,0,,,,,,
12.500000,125,,,15.8542,,,0.3015,0.9936,1.50000,0.0000,0x00,2,39,3,,6729,4890,0,0.69945,,,1.50000,0.15000,9.91823066e-05,0.00037639293,,,,0,,,,,,
12.600000,126,,,15.8517,,,0.3015,1.0270,1.50000,0.0000,0x00,2,39,3,,6797,4884,0,0.69943,,,1.50000,0.15000,9.91543975e-05,0.00038630837,,,,0,,,,,,
12.700000,127,,,15.8492,,,0.3014,1.0605,1.50000,0.0000,0x00,2,39,3,,6865,4878,0,0.69942,,,1.50000,0.15000,9.91271103e-05,0.000396221081,,,,0,,,,,,
12.800000,128,,,15.8468,,,0.3014,1.0939,1.50000,0.0000,0x00,2,39,3,,6933,4873,0,0.69940,,,1.50000,0.15000,9.91003999e-05,0.000406131121,,,,0,,,,,,
12.900000,129,,,15.8443,,,0.3013,1.1273,1.50000,0.0000,0x00,2,39,3,,7000,4868,0,0.69939,,,1.50000,0.15000,9.90742253e-05,0.000416038543,,,,0,,,,,,
13.000000,130,,,15.8418,,,0.3013,1.1607,1.50000,0.0000,0x00,2,39,3,,7068,4863,0,0.69937,,,1.50000,0.15000,9.90485494e-05,0.000425943398,,,,0,,,,,,
13.100000,131,,,15.8418,,,0.3000,1.1620,1.50000,0.0000,0x00,2,39,3,,7069,4863,0,0.69936,,,1.50000,0.15000,9.86183755e-05,0.000435805236,,,,0,,,,,,
13.200000,132,,,15.8418,,,0.3000,1.1620,1.50000,0.0000,0x00,2,39,3,,7069,4863,0,0.69934,,,1.50000,0.15000,9.86158574e-05,0.000445666822,,,,0,,,,,,
13.300000,133,,,15.8418,,,0.3000,1.1620,1.50000,0.0000,0x00,2,39,3,,7069,4863,0,0.69933,,,1.50000,0.15000,9.86158425e-05,0.000455528406,,,,0,,,,,,
13.400000,134,,,15.8418,,,0.3000,1.1620,1.50000,0.0000,0x00,2,39,3,,7069,4863,0,0.69931,,,1.50000,0.15000,9.86158424e-05,0.00046538999,,,,0,,,,,,
13.500000,135,,,15.8418,,,0.3000,1.1620,1.50000,0.0000,0x00,2,39,3,,7069,4863,0,0.69930,,,1.50000,0.15000,9.86158424e-05,0.000475251574,,,,0,,,,,,
13.600000,136,,,15.8418,,,0.3000,1.1620,1.50000,0.0000,0x00,2,39,3,,7069,4863,0,0.69928,,,1.50000,0.15000,9.86158424e-05,0.000485113159,,,,0,,,,,,
13.700000,137,,,15.8418,,,0.3000,1.1620,1.50000,0.0000,0x00,2,39,3,,7069,4863,0,0.69926,,,1.50000,0.15000,9.86158424e-05,0.000494974743,,,,0,,,,,,
13.800000,138,,,15.8418,,,0.3000,1.1620,1.50000,0.0000,0x00,2,39,3,,7069,4863,0,0.69925,,,1.50000,0.15000,9.86158424e-05,0.000504836327,,,,0,,,,,,
13.900000,139,,,15.8418,,,0.3000,1.1620,1.50000,0.0000,0x00,2,39,3,,7069,4863,0,0.69923,,,1.50000,0.15000,9.86158424e-05,0.000514697911,,,,0,,,,,,
14.000000,140,,,15.8418,,,0.3000,1.1620,1.50000,0.0000,0x00,2,39,3,,7069,4863,0,0.69922,,,1.50000,0.15000,9.86158424e-05,0.000524559496,,,,0,,,,,,
14.100000,141,,,15.8418,,,0.3000,1.1620,1.50000,0.0000,0x00,2,39,3,,7069,4863,0,0.69920,,,1.50000,0.15000,9.86158424e-05,0.00053442108,,,,0,,,,,,
14.200000,142,,,15.8418,,,0.3000,1.1620,1.50000,0.0000,0x00,2,39,3,,7069,4863,0,0.69919,,,1.50000,0.15000,9.86158424e-05,0.000544282664,,,,0,,,,,,
14.300000,143,,,15.8418,,,0.3000,1.1620,1.50000,0.0000,0x00,2,39,3,,7069,4863,0,0.69917,,,1.50000,0.15000,9.86158424e-05,0.000554144248,,,,0,,,,,,
14.400000,144,,,15.8418,,,0.3000,1.1620,1.50000,0.0000,0x00,2,39,3,,7069,4863,0,0.69915,,,1.50000,0.15000,9.86158424e-05,0.000564005832,,,,0,,,,,,
14.500000,145,,,15.8418,,,0.3000,1.1620,1.50000,0.0000,0x00,2,39,3,,7069,4863,0,0.69914,,,1.50000,0.15000,9.86158424e-05,0.000573867417,,,,0,,,,,,
14.600000,146,,,15.8418,,,0.3000,1.1620,1.50000,0.0000,0x00,2,39,3,,7069,4863,0,0.69912,,,1.50000,0.15000,9.86158424e-05,0.000583729001,,,,0,,,,,,
14.700000,147,,,15.8418,,,0.3000,1.1620,1.50000,0.0000,0x00,2,39,3,,7069,4863,0,0.69911,,,1.50000,0.15000,9.86158424e-05,0.000593590585,,,,0,,,,,,
14.800000,148,,,15.8418,,,0.3000,1.1620,1.50000,0.0000,0x00,2,39,3,,7069,4863,0,0.69909,,,1.50000,0.15000,9.86158424e-05,0.000603452169,,,,0,,,,,,
14.900000,149,,,15.8418,,,0.3000,1.1620,1.50000,0.0000,0x00,2,39,3,,7069,4863,0,0.69908,,,1.50000,0.15000,9.86158424e-05,0.000613313754,,,,0,,,,,,
15.000000,150,,,15.8418,,,0.3000,1.1620,1.50000,0.0000,0x00,2,39,3,,7069,4863,0,0.69906,,,1.50000,0.15000,9.86158424e-05,0.000623175338,,,,0,,,,,,
15.100000,151,,,15.8418,,,0.3000,1.1620,1.50000,0.0000,0x00,2,39,3,,7069,4863,0,0.69904,,,1.50000,0.15000,9.86158424e-05,0.000633036922,,,,0,,,,,,
15.200000,152,,,15.8418,,,0.3000,1.1620,1.50000,0.0000,0x00,2,39,3,,7069,4863,0,0.69903,,,1.50000,0.15000,9.86158424e-05,0.000642898506,,,,0,,,,,,
15.300000,153,,,15.8418,,,0.3000,1.1620,1.50000,0.0000,0x00,2,39,3,,7069,4863,0,0.69901,,,1.50000,0.15000,9.86158424e-05,0.000652760091,,,,0,,,,,,
15.400000,154,,,15.8418,,,0.3000,1.1620,1.50000,0.0000,0x00,2,39,3,,7069,4863,0,0.69900,,,1.50000,0.15000,9.86158424e-05,0.000662621675,,,,0,,,,,,
15.500000,155,,,15.8418,,,0.3000,1.1620,1.50000,0.0000,0x00,2,39,3,,7069,4863,0,0.69898,,,1.50000,0.15000,9.86158424e-05,0.000672483259,,,,0,,,,,,
15.600000,156,,,15.8418,,,0.3000,1.1620,1.50000,0.0000,0x00,2,39,3,,7069,4863,0,0.69897,,,1.50000,0.15000,9.86158424e-05,0.000682344843,,,,0,,,,,,
15.700000,157,,,15.8418,,,0.3000,1.1620,1.50000,0.0000,0x00,2,39,3,,7069,4863,0,0.69895,,,1.50000,0.15000,9.86158424e-05,0.000692206428,,,,0,,,,,,
15.800000,158,,,15.8418,,,0.3000,1.1620,1.50000,0.0000,0x00,2,39,3,,7069,4863,0,0.69893,,,1.50000,0.15000,9.86158424e-05,0.000702068012,,,,0,,,,,,
15.900000,159,,,15.8418,,,0.3000,1.1620,1.50000,0.0000,0x00,2,39,3,,7069,4863,0,0.69892,,,1.50000,0.15000,9.86158424e-05,0.000711929596,,,,0,,,,,,
16.000000,160,,,15.8418,,,0.3000,1.1620,1.50000,0.0000,0x00,2,39,3,,7069,4863,0,0.69890,,,1.50000,0.15000,9.86158424e-05,0.00072179118,,,,0,,,,,,
16.100000,161,,,15.8418,,,0.3000,1.1620,1.50000,0.0000,0x00,2,39,3,,7069,4863,0,0.69889,,,1.50000,0.15000,9.86158424e-05,0.000731652765,,,,0,,,,,,
16.200000,162,,,15.8418,,,0.3000,1.1620,1.50000,0.0000,0x00,2,39,3,,7069,4863,0,0.69887,,,1.50000,0.15000,9.86158424e-05,0.000741514349,,,,0,,,,,,
16.300000,163,,,15.8418,,,0.3000,1.1620,1.50000,0.0000,0x00,2,39,3,,7069,4863,0,0.69885,,,1.50000,0.15000,9.86158424e-05,0.000751375933,,,,0,,,,,,
16.400000,164,,,15.8418,,,0.3000,1.1620,1.50000,0.0000,0x00,2,39,3,,7069,4863,0,0.69884,,,1.50000,0.15000,9.86158424e-05,0.000761237517,,,,0,,,,,,
16.500000,165,,,15.8418,,,0.3000,1.1620,1.50000,0.0000,0x00,2,39,3,,7069,4863,0,0.69882,,,1.50000,0.15000,9.86158424e-05,0.000771099102,,,,0,,,,,,
16.600000,166,,,15.8418,,,0.3000,1.1620,1.50000,0.0000,0x00,2,39,3,,7069,4863,0,0.69881,,,1.50000,0.15000,9.86158424e-05,0.000780960686,,,,0,,,,,,
16.700000,167,,,15.8418,,,0.3000,1.1620,1.50000,0.0000,0x00,2,39,3,,7069,4863,0,0.69879,,,1.50000,0.15000,9.86158424e-05,0.00079082227,,,,0,,,,,,
16.800000,168,,,15.8418,,,0.3000,1.1620,1.50000,0.0000,0x00,2,39,3,,7069,4863,0,0.69878,,,1.50000,0.15000,9.86158424e-05,0.000800683854,,,,0,,,,,,
16.900000,169,,,15.8418,,,0.3000,1.1620,1.50000,0.0000,0x00,2,39,3,,7069,4863,0,0.69876,,,1.50000,0.15000,9.86158424e-05,0.000810545438,,,,0,,,,,,
17.000000,170,,,15.8418,,,0.3000,1.1620,1.50000,0.0000,0x00,2,39,3,,7069,4863,0,0.69874,,,1.50000,0.15000,9.86158424e-05,0.000820407023,,,,0,,,,,,
17.100000,171,,,15.8418,,,0.3000,1.1620,1.50000,0.0000,0x00,2,39,3,,7069,4863,0,0.69873,,,1.50000,0.15000,9.86158424e-05,0.000830268607,,,,0,,,,,,
17.200000,172,,,15.8418,,,0.3000,1.1620,1.50000,0.0000,0x00,2,39,3,,7069,4863,0,0.69871,,,1.50000,0.15000,9.86158424e-05,0.000840130191,,,,0,,,,,,
17.300000,173,,,15.8418,,,0.3000,1.1620,1.50000,0.0000,0x00,2,39,3,,7069,4863,0,0.69870,,,1.50000,0.15000,9.86158424e-05,0.000849991775,,,,0,,,,,,
17.400000,174,,,15.8418,,,0.3000,1.1620,1.50000,0.0000,0x00,2,39,3,,7069,4863,0,0.69868,,,1.50000,0.15000,9.86158424e-05,0.00085985336,,,,0,,,,,,
17.500000,175,,,15.8418,,,0.3000,1.1620,1.50000,0.0000,0x00,2,39,3,,7069,4863,0,0.69867,,,1.50000,0.15000,9.86158424e-05,0.000869714944,,,,0,,,,,,
17.600000,176,,,15.8418,,,0.3000,1.1620,1.50000,0.0000,0x00,2,39,3,,7069,4863,0,0.69865,,,1.50000,0.15000,9.86158424e-05,0.000879576528,,,,0,,,,,,
17.700000,177,,,15.8418,,,0.3000,1.1620,1.50000,0.0000,0x00,2,39,3,,7069,4863,0,0.69863,,,1.50000,0.15000,9.86158424e-05,0.000889438112,,,,0,,,,,,
17.800000,178,,,15.8418,,,0.3000,1.1620,1.50000,0.0000,0x00,2,39,3,,7069,4863,0,0.69862,,,1.50000,0.15000,9.86158424e-05,0.000899299697,,,,0,,,,,,
17.900000,179,,,15.8418,,,0.3000,1.1620,1.50000,0.0000,0x00,2,39,3,,7069,4863,0,0.69860,,,1.50000,0.15000,9.86158424e-05,0.000909161281,,,,0,,,,,,
18.000000,180,,,15.8418,,,0.3000,1.1620,1.50000,0.0000,0x00,2,39,3,,7069,4863,0,0.69859,,,1.50000,0.15000,9.86158424e-05,0.000919022865,,,,0,,,,,,
18.100000,181,,,15.8418,,,0.3000,1.1620,1.50000,0.0000,0x00,2,39,3,,7069,4863,0,0.69857,,,1.50000,0.15000,9.86158424e-05,0.000928884449,,,,0,,,,,,
18.200000,182,,,15.8418,,,0.3000,1.1620,1.50000,0.0000,0x00,2,39,3,,7069,4863,0,0.69856,,,1.50000,0.15000,9.86158424e-05,0.000938746034,,,,0,,,,,,
18.300000,183,,,15.8418,,,0.3000,1.1620,1.50000,0.0000,0x00,2,39,3,,7069,4863,0,0.69854,,,1.50000,0.15000,9.86158424e-05,0.000948607618,,,,0,,,,,,
18.400000,184,,,15.8418,,,0.3000,1.1620,1.50000,0.0000,0x00,2,39,3,,7069,4863,0,0.69852,,,1.50000,0.15000,9.86158424e-05,0.000958469202,,,,0,,,,,,
18.500000,185,,,15.8418,,,0.3000,1.1620,1.50000,0.0000,0x00,2,39,3,,7069,4863,0,0.69851,,,1.50000,0.15000,9.86158424e-05,0.000968330786,,,,0,,,,,,
18.600000,186,,,15.8418,,,0.3000,1.1620,1.50000,0.0000,0x00,2,39,3,,7069,4863,0,0.69849,,,1.50000,0.15000,9.86158424e-05,0.000978192371,,,,0,,,,,,
18.700000,187,,,15.8418,,,0.3000,1.1620,1.50000,0.0000,0x00,2,39,3,,7069,4863,0,0.69848,,,1.50000,0.15000,9.86158424e-05,0.000988053955,,,,0,,,,,,
18.800000,188,,,15.8418,,,0.3000,1.1620,1.50000,0.0000,0x00,2,39,3,,7069,4863,0,0.69846,,,1.50000,0.15000,9.86158424e-05,0.000997915539,,,,0,,,,,,
18.900000,189,,,15.8418,,,0.3000,1.1620,1.50000,0.0000,0x00,2,39,3,,7069,4863,0,0.69845,,,1.50000,0.15000,9.86158424e-05,0.00100777712,,,,0,,,,,,
19.000000,190,,,15.8418,,,0.3000,1.1620,1.50000,0.0000,0x00,2,39,3,,7069,4863,0,0.69843,,,1.50000,0.15000,9.86158424e-05,0.00101763871,,,,0,,,,,,
19.100000,191,,,15.8418,,,0.3000,1.1620,1.50000,0.0000,0x00,2,39,3,,7069,4863,0,0.69841,,,1.50000,0.15000,9.86158424e-05,0.00102750029,,,,0,,,,,,
19.200000,192,,,15.8418,,,0.3000,1.1620,1.50000,0.0000,0x00,2,39,3,,7069,4863,0,0.69840,,,1.50000,0.15000,9.86158424e-05,0.00103736188,,,,0,,,,,,
19.300000,193,,,15.8418,,,0.3000,1.1620,1.50000,0.0000,0x00,2,39,3,,7069,4863,0,0.69838,,,1.50000,0.15000,9.86158424e-05,0.00104722346,,,,0,,,,,,
19.400000,194,,,15.8418,,,0.3000,1.1620,1.50000,0.0000,0x00,2,39,3,,7069,4863,0,0.69837,,,1.50000,0.15000,9.86158424e-05,0.00105708504,,,,0,,,,,,
19.500000,195,,,15.8418,,,0.3000,1.1620,1.50000,0.0000,0x00,2,39,3,,7069,4863,0,0.69835,,,1.50000,0.15000,9.86158424e-05,0.00106694663,,,,0,,,,,,
19.600000,196,,,15.8418,,,0.3000,1.1620,1.50000,0.0000,0x00,2,39,3,,7069,4863,0,0.69833,,,1.50000,0.15000,9.86158424e-05,0.00107680821,,,,0,,,,,,
19.700000,197,,,15.8418,,,0.3000,1.1620,1.50000,0.0000,0x00,2,39,3,,7069,4863,0,0.69832,,,1.50000,0.15000,9.86158424e-05,0.0010866698,,,,0,,,,,,
19.800000,198,,,15.8418,,,0.3000,1.1620,1.50000,0.0000,0x00,2,39,3,,7069,4863,0,0.69830,,,1.50000,0.15000,9.86158424e-05,0.00109653138,,,,0,,,,,,
19.900000,199,,,15.8418,,,0.3000,1.1620,1.50000,0.0000,0x00,2,39,3,,7069,4863,0,0.69829,,,1.50000,0.15000,9.86158424e-05,0.00110639297,,,,0,,,,,,
20.000000,200,,,15.8418,,,0.3000,1.1620,1.50000,0.0000,0x00,2,39,3,,7069,4863,0,0.69827,,,1.50000,0.15000,9.86158424e-05,0.00111625455,,,,0,,,,,,
20.100000,201,,,15.8418,,,0.3000,1.1620,1.50000,0.0000,0x00,2,39,3,,7069,4863,0,0.69826,,,1.50000,0.15000,9.86158424e-05,0.00112611613,,,,0,,,,,,
20.200000,202,,,15.8418,,,0.3000,1.1620,1.50000,0.0000,0x00,2,39,3,,7069,4863,0,0.69824,,,1.50000,0.15000,9.86158424e-05,0.00113597772,,,,0,,,,,,
20.300000,203,,,15.8418,,,0.3000,1.1620,1.50000,0.0000,0x00,2,39,3,,7069,4863,0,0.69822,,,1.50000,0.15000,9.86158424e-05,0.0011458393,,,,0,,,,,,
20.400000,204,,,15.8418,,,0.3000,1.1620,1.50000,0.0000,0x00,2,39,3,,7069,4863,0,0.69821,,,1.50000,0.15000,9.86158424e-05,0.00115570089,,,,0,,,,,,
20.500000,205,,,15.8418,,,0.3000,1.1620,1.50000,0.0000,0x00,2,39,3,,7069,4863,0,0.69819,,,1.50000,0.15000,9.86158424e-05,0.00116556247,,,,0,,,,,,
20.600000,206,,,15.8418,,,0.3000,1.1620,1.50000,0.0000,0x00,2,39,3,,7069,4863,0,0.69818,,,1.50000,0.15000,9.86158424e-05,0.00117542406,,,,0,,,,,,
20.700000,207,,,15.8418,,,0.3000,1.1620,1.50000,0.0000,0x00,2,39,3,,7069,4863,0,0.69816,,,1.50000,0.15000,9.86158424e-05,0.00118528564,,,,0,,,,,,
20.800000,208,,,15.8418,,,0.3000,1.1620,1.50000,0.0000,0x00,2,39,3,,7069,4863,0,0.69815,,,1.50000,0.15000,9.86158424e-05,0.00119514722,,,,0,,,,,,
20.900000,209,,,15.8418,,,0.3000,1.1620,1.50000,0.0000,0x00,2,39,3,,7069,4863,0,0.69813,,,1.50000,0.15000,9.86158424e-05,0.00120500881,,,,0,,,,,,
21.000000,210,,,15.8418,,,0.3000,1.1620,1.50000,0.0000,0x00,2,39,3,,7069,4863,0,0.69811,,,1.50000,0.15000,9.86158424e-05,0.00121487039,,,,0,,,,,,
21.100000,211,,,15.8418,,,0.3000,1.1620,1.50000,0.0000,0x00,2,39,3,,7069,4863,0,0.69810,,,1.50000,0.15000,9.86158424e-05,0.00122473198,,,,0,,,,,,
21.200000,212,,,15.8418,,,0.3000,1.1620,1.50000,0.0000,0x00,2,39,3,,7069,4863,0,0.69808,,,1.50000,0.15000,9.86158424e-05,0.00123459356,,,,0,,,,,,
21.300000,213,,,15.8418,,,0.3000,1.1620,1.50000,0.0000,0x00,2,39,3,,7069,4863,0,0.69807,,,1.50000,0.15000,9.86158424e-05,0.00124445515,,,,0,,,,,,
21.400000,214,,,15.8418,,,0.3000,1.1620,1.50000,0.0000,0x00,2,39,3,,7069,4863,0,0.69805,,,1.50000,0.15000,9.86158424e-05,0.00125431673,,,,0,,,,,,
21.500000,215,,,15.8418,,,0.3000,1.1620,1.50000,0.0000,0x00,2,39,3,,7069,4863,0,0.69804,,,1.50000,0.15000,9.86158424e-05,0.00126417831,,,,0,,,,,,
21.600000,216,,,15.8418,,,0.3000,1.1620,1.50000,0.0000,0x00,2,39,3,,7069,4863,0,0.69802,,,1.50000,0.15000,9.86158424e-05,0.0012740399,,,,0,,,,,,
21.700000,217,,,15.8418,,,0.3000,1.1620,1.50000,0.0000,0x00,2,39,3,,7069,4863,0,0.69800,,,1.50000,0.15000,9.86158424e-05,0.00128390148,,,,0,,,,,,
21.800000,218,,,15.8418,,,0.3000,1.1620,1.50000,0.0000,0x00,2,39,3,,7069,4863,0,0.69799,,,1.50000,0.15000,9.86158424e-05,0.00129376307,,,,0,,,,,,
21.900000,219,,,15.8418,,,0.3000,1.1620,1.50000,0.0000,0x00,2,39,3,,7069,4863,0,0.69797,,,1.50000,0.15000,9.86158424e-05,0.00130362465,,,,0,,,,,,
22.000000,220,,,15.8418,,,0.3000,1.1620,1.50000,0.0000,0x00,2,39,3,,7069,4863,0,0.69796,,,1.50000,0.15000,9.86158424e-05,0.00131348623,,,,0,,,,,,
22.100000,221,,,15.8418,,,0.3000,1.1620,1.50000,0.0000,0x00,2,39,3,,7069,4863,0,0.69794,,,1.50000,0.15000,9.86158424e-05,0.00132334782,,,,0,,,,,,
22.200000,222,,,15.8418,,,0.3000,1.1620,1.50000,0.0000,0x00,2,39,3,,7069,4863,0,0.69793,,,1.50000,0.15000,9.86158424e-05,0.0013332094,,,,0,,,,,,
22.300000,223,,,15.8418,,,0.3000,1.1620,1.50000,0.0000,0x00,2,39,3,,7069,4863,0,0.69791,,,1.50000,0.15000,9.86158424e-05,0.00134307099,,,,0,,,,,,
22.400000,224,,,15.8418,,,0.3000,1.1620,1.50000,0.0000,0x00,2,39,3,,7069,4863,0,0.69789,,,1.50000,0.15000,9.86158424e-05,0.00135293257,,,,0,,,,,,
22.500000,225,,,15.8418,,,0.3000,1.1620,1.50000,0.0000,0x00,2,39,3,,7069,4863,0,0.69788,,,1.50000,0.15000,9.86158424e-05,0.00136279416,,,,0,,,,,,
22.600000,226,,,15.8418,,,0.3000,1.1620,1.50000,0.0000,0x00,2,39,3,,7069,4863,0,0.69786,,,1.50000,0.15000,9.86158424e-05,0.00137265574,,,,0,,,,,,
22.700000,227,,,15.8418,,,0.3000,1.1620,1.50000,0.0000,0x00,2,39,3,,7069,4863,0,0.69785,,,1.50000,0.15000,9.86158424e-05,0.00138251732,,,,0,,,,,,
22.800000,228,,,15.8418,,,0.3000,1.1620,1.50000,0.0000,0x00,2,39,3,,7069,4863,0,0.69783,,,1.50000,0.15000,9.86158424e-05,0.00139237891,,,,0,,,,,,
22.900000,229,,,15.8418,,,0.3000,1.1620,1.50000,0.0000,0x00,2,39,3,,7069,4863,0,0.69782,,,1.50000,0.15000,9.86158424e-05,0.00140224049,,,,0,,,,,,
23.000000,230,,,15.8418,,,0.3000,1.1620,1.50000,0.0000,0x00,2,39,3,,7069,4863,0,0.69780,,,1.50000,0.15000,9.86158424e-05,0.00141210208,,,,0,,,,,,
23.100000,231,,,15.8418,,,0.3000,1.1620,1.50000,0.0000,0x00,2,39,3,,7069,4863,0,0.69778,,,1.50000,0.15000,9.86158424e-05,0.00142196366,,,,0,,,,,,
23.200000,232,,,15.8418,,,0.3000,1.1620,1.50000,0.0000,0x00,2,39,3,,7069,4863,0,0.69777,,,1.50000,0.15000,9.86158424e-05,0.00143182525,,,,0,,,,,,
23.300000,233,,,15.8418,,,0.3000,1.1620,1.50000,0.0000,0x00,2,39,3,,7069,4863,0,0.69775,,,1.50000,0.15000,9.86158424e-05,0.00144168683,,,,0,,,,,,
23.400000,234,,,15.8418,,,0.3000,1.1620,1.50000,0.0000,0x00,2,39,3,,7069,4863,0,0.69774,,,1.50000,0.15000,9.86158424e-05,0.00145154841,,,,0,,,,,,
23.500000,235,,,15.8418,,,0.3000,1.1620,1.50000,0.0000,0x00,2,39,3,,7069,4863,0,0.69772,,,1.50000,0.15000,9.86158424e-05,0.00146141,,,,0,,,,,,
23.600000,236,,,15.8418,,,0.3000,1.1620,1.50000,0.0000,0x00,2,39,3,,7069,4863,0,0.69770,,,1.50000,0.15000,9.86158424e-05,0.00147127158,,,,0,,,,,,
23.700000,237,,,15.8418,,,0.3000,1.1620,1.50000,0.0000,0x00,2,39,3,,7069,4863,0,0.69769,,,1.50000,0.15000,9.86158424e-05,0.00148113317,,,,0,,,,,,
23.800000,238,,,15.8418,,,0.3000,1.1620,1.50000,0.0000,0x00,2,39,3,,7069,4863,0,0.69767,,,1.50000,0.15000,9.86158424e-05,0.00149099475,,,,0,,,,,,
23.900000,239,,,15.8418,,,0.3000,1.1620,1.50000,0.0000,0x00,2,39,3,,7069,4863,0,0.69766,,,1.50000,0.15000,9.86158424e-05,0.00150085634,,,,0,,,,,,
24.000000,240,,,15.8418,,,0.3000,1.1620,1.50000,0.0000,0x00,2,39,3,,7069,4863,0,0.69764,,,1.50000,0.15000,9.86158424e-05,0.00151071792,,,,0,,,,,,
24.100000,241,,,15.8418,,,0.3000,1.1620,1.50000,0.0000,0x00,2,39,3,,7069,4863,0,0.69763,,,1.50000,0.15000,9.86158424e-05,0.0015205795,,,,0,,,,,,
24.200000,242,,,15.8418,,,0.3000,1.1620,1.50000,0.0000,0x00,2,39,3,,7069,4863,0,0.69761,,,1.50000,0.15000,9.86158424e-05,0.00153044109,,,,0,,,,,,
24.300000,243,,,15.8418,,,0.3000,1.1620,1.50000,0.0000,0x00,2,39,3,,7069,4863,0,0.69759,,,1.50000,0.15000,9.86158424e-05,0.00154030267,,,,0,,,,,,
24.400000,244,,,15.8418,,,0.3000,1.1620,1.50000,0.0000,0x00,2,39,3,,7069,4863,0,0.69758,,,1.50000,0.15000,9.86158424e-05,0.00155016426,,,,0,,,,,,
24.500000,245,,,15.8418,,,0.3000,1.1620,1.50000,0.0000,0x00,2,39,3,,7069,4863,0,0.69756,,,1.50000,0.15000,9.86158424e-05,0.00156002584,,,,0,,,,,,
24.600000,246,,,15.8418,,,0.3000,1.1620,1.50000,0.0000,0x00,2,39,3,,7069,4863,0,0.69755,,,1.50000,0.15000,9.86158424e-05,0.00156988742,,,,0,,,,,,
24.700000,247,,,15.8418,,,0.3000,1.1620,1.50000,0.0000,0x00,2,39,3,,7069,4863,0,0.69753,,,1.50000,0.15000,9.86158424e-05,0.00157974901,,,,0,,,,,,
24.800000,248,,,15.8418,,,0.3000,1.1620,1.50000,0.0000,0x00,2,39,3,,7069,4863,0,0.69752,,,1.50000,0.15000,9.86158424e-05,0.00158961059,,,,0,,,,,,
24.900000,249,,,15.8418,,,0.3000,1.1620,1.50000,0.0000,0x00,2,39,3,,7069,4863,0,0.69750,,,1.50000,0.15000,9.86158424e-05,0.00159947218,,,,0,,,,,,
25.000000,250,,,15.8418,,,0.3000,1.1620,1.50000,0.0000,0x00,2,39,3,,7069,4863,0,0.69748,,,1.50000,0.15000,9.86158424e-05,0.00160933376,,,,0,,,,,,
25.100000,251,,,15.8418,,,0.3000,1.1620,1.50000,0.0000,0x00,2,39,3,,7069,4863,0,0.69747,,,1.50000,0.15000,9.86158424e-05,0.00161919535,,,,0,,,,,,
25.200000,252,,,15.8418,,,0.3000,1.1620,1.50000,0.0000,0x00,2,39,3,,7069,4863,0,0.69745,,,1.50000,0.15000,9.86158424e-05,0.00162905693,,,,0,,,,,,
25.300000,253,,,15.8418,,,0.3000,1.1620,1.50000,0.0000,0x00,2,39,3,,7069,4863,0,0.69744,,,1.50000,0.15000,9.86158424e-05,0.00163891851,,,,0,,,,,,
25.400000,254,,,15.8418,,,0.3000,1.1620,1.50000,0.0000,0x00,2,39,3,,7069,4863,0,0.69742,,,1.50000,0.15000,9.86158424e-05,0.0016487801,,,,0,,,,,,
25.500000,255,,,15.8418,,,0.3000,1.1620,1.50000,0.0000,0x00,2,39,3,,7069,4863,0,0.69741,,,1.50000,0.15000,9.86158424e-05,0.00165864168,,,,0,,,,,,
25.600000,256,,,15.8418,,,0.3000,1.1620,1.50000,0.0000,0x00,2,39,3,,7069,4863,0,0.69739,,,1.50000,0.15000,9.86158424e-05,0.00166850327,,,,0,,,,,,
25.700000,257,,,15.8418,,,0.3000,1.1620,1.50000,0.0000,0x00,2,39,3,,7069,4863,0,0.69737,,,1.50000,0.15000,9.86158424e-05,0.00167836485,,,,0,,,,,,
25.800000,258,,,15.8418,,,0.3000,1.1620,1.50000,0.0000,0x00,2,39,3,,7069,4863,0,0.69736,,,1.50000,0.15000,9.86158424e-05,0.00168822644,,,,0,,,,,,
25.900000,259,,,15.8418,,,0.3000,1.1620,1.50000,0.0000,0x00,2,39,3,,7069,4863,0,0.69734,,,1.50000,0.15000,9.86158424e-05,0.00169808802,,,,0,,,,,,
26.000000,260,,,15.8418,,,0.3000,1.1620,1.50000,0.0000,0x00,2,39,3,,7069,4863,0,0.69733,,,1.50000,0.15000,9.86158424e-05,0.0017079496,,,,0,,,,,,
26.100000,261,,,15.8418,,,0.3000,1.1620,1.50000,0.0000,0x00,2,39,3,,7069,4863,0,0.69731,,,1.50000,0.15000,9.86158424e-05,0.00171781119,,,,0,,,,,,
26.200000,262,,,15.8418,,,0.3000,1.1620,1.50000,0.0000,0x00,2,39,3,,7069,4863,0,0.69730,,,1.50000,0.15000,9.86158424e-05,0.00172767277,,,,0,,,,,,
26.300000,263,,,15.8418,,,0.3000,1.1620,1.50000,0.0000,0x00,2,39,3,,7069,4863,0,0.69728,,,1.50000,0.15000,9.86158424e-05,0.00173753436,,,,0,,,,,,
26.400000,264,,,15.8418,,,0.3000,1.1620,1.50000,0.0000,0x00,2,39,3,,7069,4863,0,0.69726,,,1.50000,0.15000,9.86158424e-05,0.00174739594,,,,0,,,,,,
26.500000,265,,,15.8418,,,0.3000,1.1620,1.50000,0.0000,0x00,2,39,3,,7069,4863,0,0.69725,,,1.50000,0.15000,9.86158424e-05,0.00175725753,,,,0,,,,,,
26.600000,266,,,15.8418,,,0.3000,1.1620,1.50000,0.0000,0x00,2,39,3,,7069,4863,0,0.69723,,,1.50000,0.15000,9.86158424e-05,0.00176711911,,,,0,,,,,,
26.700000,267,,,15.8418,,,0.3000,1.1620,1.50000,0.0000,0x00,2,39,3,,7069,4863,0,0.69722,,,1.50000,0.15000,9.86158424e-05,0.00177698069,,,,0,,,,,,
26.800000,268,,,15.8418,,,0.3000,1.1620,1.50000,0.0000,0x00,2,39,3,,7069,4863,0,0.69720,,,1.50000,0.15000,9.86158424e-05,0.00178684228,,,,0,,,,,,
26.900000,269,,,15.8418,,,0.3000,1.1620,1.50000,0.0000,0x00,2,39,3,,7069,4863,0,0.69718,,,1.50000,0.15000,9.86158424e-05,0.00179670386,,,,0,,,,,,
27.000000,270,,,15.8418,,,0.3000,1.1620,1.50000,0.0000,0x00,2,39,3,,7069,4863,0,0.69717,,,1.50000,0.15000,9.86158424e-05,0.00180656545,,,,0,,,,,,
27.100000,271,,,15.8418,,,0.3000,1.1620,1.50000,0.0000,0x00,2,39,3,,7069,4863,0,0.69715,,,1.50000,0.15000,9.86158424e-05,0.00181642703,,,,0,,,,,,
27.200000,272,,,15.8418,,,0.3000,1.1620,1.50000,0.0000,0x00,2,39,3,,7069,4863,0,0.69714,,,1.50000,0.15000,9.86158424e-05,0.00182628862,,,,0,,,,,,
27.300000,273,,,15.8418,,,0.3000,1.1620,1.50000,0.0000,0x00,2,39,3,,7069,4863,0,0.69712,,,1.50000,0.15000,9.86158424e-05,0.0018361502,,,,0,,,,,,
27.400000,274,,,15.8418,,,0.3000,1.1620,1.50000,0.0000,0x00,2,39,3,,7069,4863,0,0.69711,,,1.50000,0.15000,9.86158424e-05,0.00184601178,,,,0,,,,,,
27.500000,275,,,15.8418,,,0.3000,1.1620,1.50000,0.0000,0x00,2,39,3,,7069,4863,0,0.69709,,,1.50000,0.15000,9.86158424e-05,0.00185587337,,,,0,,,,,,
27.600000,276,,,15.8418,,,0.3000,1.1620,1.50000,0.0000,0x00,2,39,3,,7069,4863,0,0.69707,,,1.50000,0.15000,9.86158424e-05,0.00186573495,,,,0,,,,,,
27.700000,277,,,15.8418,,,0.3000,1.1620,1.50000,0.0000,0x00,2,39,3,,7069,4863,0,0.69706,,,1.50000,0.15000,9.86158424e-05,0.00187559654,,,,0,,,,,,
27.800000,278,,,15.8418,,,0.3000,1.1620,1.50000,0.0000,0x00,2,39,3,,7069,4863,0,0.69704,,,1.50000,0.15000,9.86158424e-05,0.00188545812,,,,0,,,,,,
27.900000,279,,,15.8418,,,0.3000,1.1620,1.50000,0.0000,0x00,2,39,3,,7069,4863,0,0.69703,,,1.50000,0.15000,9.86158424e-05,0.0018953197,,,,0,,,,,,
28.000000,280,,,15.8418,,,0.3000,1.1620,1.50000,0.0000,0x00,2,39,3,,7069,4863,0,0.69701,,,1.50000,0.15000,9.86158424e-05,0.00190518129,,,,0,,,,,,
28.100000,281,,,15.8418,,,0.3000,1.1620,1.50000,0.0000,0x00,2,39,3,,7069,4863,0,0.69700,,,1.50000,0.15000,9.86158424e-05,0.00191504287,,,,0,,,,,,
28.200000,282,,,15.8418,,,0.3000,1.1620,1.50000,0.0000,0x00,2,39,3,,7069,4863,0,0.69698,,,1.50000,0.15000,9.86158424e-05,0.00192490446,,,,0,,,,,,
28.300000,283,,,15.8418,,,0.3000,1.1620,1.50000,0.0000,0x00,2,39,3,,7069,4863,0,0.69696,,,1.50000,0.15000,9.86158424e-05,0.00193476604,,,,0,,,,,,
28.400000,284,,,15.8418,,,0.3000,1.1620,1.50000,0.0000,0x00,2,39,3,,7069,4863,0,0.69695,,,1.50000,0.15000,9.86158424e-05,0.00194462763,,,,0,,,,,,
28.500000,285,,,15.8418,,,0.3000,1.1620,1.50000,0.0000,0x00,2,39,3,,7069,4863,0,0.69693,,,1.50000,0.15000,9.86158424e-05,0.00195448921,,,,0,,,,,,
28.600000,286,,,15.8418,,,0.3000,1.1620,1.50000,0.0000,0x00,2,39,3,,7069,4863,0,0.69692,,,1.50000,0.15000,9.86158424e-05,0.00196435079,,,,0,,,,,,
28.700000,287,,,15.8418,,,0.3000,1.1620,1.50000,0.0000,0x00,2,39,3,,7069,4863,0,0.69690,,,1.50000,0.15000,9.86158424e-05,0.00197421238,,,,0,,,,,,
28.800000,288,,,15.8418,,,0.3000,1.1620,1.50000,0.0000,0x00,2,39,3,,7069,4863,0,0.69689,,,1.50000,0.15000,9.86158424e-05,0.00198407396,,,,0,,,,,,
28.900000,289,,,15.8418,,,0.3000,1.1620,1.50000,0.0000,0x00,2,39,3,,7069,4863,0,0.69687,,,1.50000,0.15000,9.86158424e-05,0.00199393555,,,,0,,,,,,
29.000000,290,,,15.8418,,,0.3000,1.1620,1.50000,0.0000,0x00,2,39,3,,7069,4863,0,0.69685,,,1.50000,0.15000,9.86158424e-05,0.00200379713,,,,0,,,,,,
29.100000,291,,,15.8418,,,0.3000,1.1620,1.50000,0.0000,0x00,2,39,3,,7069,4863,0,0.69684,,,1.50000,0.15000,9.86158424e-05,0.00201365872,,,,0,,,,,,
29.200000,292,,,15.8418,,,0.3000,1.1620,1.50000,0.0000,0x00,2,39,3,,7069,4863,0,0.69682,,,1.50000,0.15000,9.86158424e-05,0.0020235203,,,,0,,,,,,
29.300000,293,,,15.8418,,,0.3000,1.1620,1.50000,0.0000,0x00,2,39,3,,7069,4863,0,0.69681,,,1.50000,0.15000,9.86158424e-05,0.00203338188,,,,0,,,,,,
29.400000,294,,,15.8418,,,0.3000,1.1620,1.50000,0.0000,0x00,2,39,3,,7069,4863,0,0.69679,,,1.50000,0.15000,9.86158424e-05,0.00204324347,,,,0,,,,,,
29.500000,295,,,15.8418,,,0.3000,1.1620,1.50000,0.0000,0x00,2,39,3,,7069,4863,0,0.69678,,,1.50000,0.15000,9.86158424e-05,0.00205310505,,,,0,,,,,,
29.600000,296,,,15.8418,,,0.3000,1.1620,1.50000,0.0000,0x00,2,39,3,,7069,4863,0,0.69676,,,1.50000,0.15000,9.86158424e-05,0.00206296664,,,,0,,,,,,
29.700000,297,,,15.8418,,,0.3000,1.1620,1.50000,0.0000,0x00,2,39,3,,7069,4863,0,0.69674,,,1.50000,0.15000,9.86158424e-05,0.00207282822,,,,0,,,,,,
29.800000,298,,,15.8418,,,0.3000,1.1620,1.50000,0.0000,0x00,2,39,3,,7069,4863,0,0.69673,,,1.50000,0.15000,9.86158424e-05,0.00208268981,,,,0,,,,,,
29.900000,299,,,15.8418,,,0.3000,1.1620,1.50000,0.0000,0x00,2,39,3,,7069,4863,0,0.69671,,,1.50000,0.15000,9.86158424e-05,0.00209255139,,,,0,,,,,,
30.000000,300,,,15.8418,,,0.3000,1.1620,1.50000,0.0000,0x00,2,39,3,,7069,4863,0,0.69670,,,1.50000,0.15000,9.86158424e-05,0.00210241297,,,,0,,,,,,
30.100000,301,,,15.8418,,,0.3000,1.1620,1.50000,0.0000,0x00,2,39,3,,7069,4863,0,0.69668,,,1.50000,0.15000,9.86158424e-05,0.00211227456,,,,0,,,,,,
30.200000,302,,,15.8418,,,0.3000,1.1620,1.50000,0.0000,0x00,2,39,3,,7069,4863,0,0.69666,,,1.50000,0.15000,9.86158424e-05,0.00212213614,,,,0,,,,,,
30.300000,303,,,15.8418,,,0.3000,1.1620,1.50000,0.0000,0x00,2,39,3,,7069,4863,0,0.69665,,,1.50000,0.15000,9.86158424e-05,0.00213199773,,,,0,,,,,,
30.400000,304,,,15.8418,,,0.3000,1.1620,1.50000,0.0000,0x00,2,39,3,,7069,4863,0,0.69663,,,1.50000,0.15000,9.86158424e-05,0.00214185931,,,,0,,,,,,
30.500000,305,,,15.8418,,,0.3000,1.1620,1.50000,0.0000,0x00,2,39,3,,7069,4863,0,0.69662,,,1.50000,0.15000,9.86158424e-05,0.0021517209,,,,0,,,,,,
30.600000,306,,,15.8418,,,0.3000,1.1620,1.50000,0.0000,0x00,2,39,3,,7069,4863,0,0.69660,,,1.50000,0.15000,9.86158424e-05,0.00216158248,,,,0,,,,,,
30.700000,307,,,15.8418,,,0.3000,1.1620,1.50000,0.0000,0x00,2,39,3,,7069,4863,0,0.69659,,,1.50000,0.15000,9.86158424e-05,0.00217144406,,,,0,,,,,,
30.800000,308,,,15.8418,,,0.3000,1.1620,1.50000,0.0000,0x00,2,39,3,,7069,4863,0,0.69657,,,1.50000,0.15000,9.86158424e-05,0.00218130565,,,,0,,,,,,
30.900000,309,,,15.8418,,,0.3000,1.1620,1.50000,0.0000,0x00,2,39,3,,7069,4863,0,0.69655,,,1.50000,0.15000,9.86158424e-05,0.00219116723,,,,0,,,,,,
31.000000,310,,,15.8418,,,0.3000,1.1620,1.50000,0.0000,0x00,2,39,3,,7069,4863,0,0.69654,,,1.50000,0.15000,9.86158424e-05,0.00220102882,,,,0,,,,,,
31.100000,311,,,15.8418,,,0.3000,1.1620,1.50000,0.0000,0x00,2,39,3,,7069,4863,0,0.69652,,,1.50000,0.15000,9.86158424e-05,0.0022108904,,,,0,,,,,,
31.200000,312,,,15.8418,,,0.3000,1.1620,1.50000,0.0000,0x00,2,39,3,,7069,4863,0,0.69651,,,1.50000,0.15000,9.86158424e-05,0.00222075198,,,,0,,,,,,
31.300000,313,,,15.8418,,,0.3000,1.1620,1.50000,0.0000,0x00,2,39,3,,7069,4863,0,0.69649,,,1.50000,0.15000,9.86158424e-05,0.00223061357,,,,0,,,,,,
31.400000,314,,,15.8418,,,0.3000,1.1620,1.50000,0.0000,0x00,2,39,3,,7069,4863,0,0.69648,,,1.50000,0.15000,9.86158424e-05,0.00224047515,,,,0,,,,,,
31.500000,315,,,15.8418,,,0.3000,1.1620,1.50000,0.0000,0x00,2,39,3,,7069,4863,0,0.69646,,,1.50000,0.15000,9.86158424e-05,0.00225033674,,,,0,,,,,,
31.600000,316,,,15.8418,,,0.3000,1.1620,1.50000,0.0000,0x00,2,39,3,,7069,4863,0,0.69644,,,1.50000,0.15000,9.86158424e-05,0.00226019832,,,,0,,,,,,
31.700000,317,,,15.8418,,,0.3000,1.1620,1.50000,0.0000,0x00,2,39,3,,7069,4863,0,0.69643,,,1.50000,0.15000,9.86158424e-05,0.00227005991,,,,0,,,,,,
31.800000,318,,,15.8418,,,0.3000,1.1620,1.50000,0.0000,0x00,2,39,3,,7069,4863,0,0.69641,,,1.50000,0.15000,9.86158424e-05,0.00227992149,,,,0,,,,,,
31.900000,319,,,15.8418,,,0.3000,1.1620,1.50000,0.0000,0x00,2,39,3,,7069,4863,0,0.69640,,,1.50000,0.15000,9.86158424e-05,0.00228978307,,,,0,,,,,,
32.000000,320,,,15.8418,,,0.3000,1.1620,1.50000,0.0000,0x00,2,39,3,,7069,4863,0,0.69638,,,1.50000,0.15000,9.86158424e-05,0.00229964466,,,,0,,,,,,
32.100000,321,,,15.8418,,,0.3000,1.1620,1.50000,0.0000,0x00,2,39,3,,7069,4863,0,0.69637,,,1.50000,0.15000,9.86158424e-05,0.00230950624,,,,0,,,,,,
32.200000,322,,,15.8418,,,0.3000,1.1620,1.50000,0.0000,0x00,2,39,3,,7069,4863,0,0.69635,,,1.50000,0.15000,9.86158424e-05,0.00231936783,,,,0,,,,,,
32.300000,323,,,15.8418,,,0.3000,1.1620,1.50000,0.0000,0x00,2,39,3,,7069,4863,0,0.69633,,,1.50000,0.15000,9.86158424e-05,0.00232922941,,,,0,,,,,,
32.400000,324,,,15.8418,,,0.3000,1.1620,1.50000,0.0000,0x00,2,39,3,,7069,4863,0,0.69632,,,1.50000,0.15000,9.86158424e-05,0.002339091,,,,0,,,,,,
32.500000,325,,,15.8418,,,0.3000,1.1620,1.50000,0.0000,0x00,2,39,3,,7069,4863,0,0.69630,,,1.50000,0.15000,9.86158424e-05,0.00234895258,,,,0,,,,,,
32.600000,326,,,15.8418,,,0.3000,1.1620,1.50000,0.0000,0x00,2,39,3,,7069,4863,0,0.69629,,,1.50000,0.15000,9.86158424e-05,0.00235881416,,,,0,,,,,,
32.700000,327,,,15.8418,,,0.3000,1.1620,1.50000,0.0000,0x00,2,39,3,,7069,4863,0,0.69627,,,1.50000,0.15000,9.86158424e-05,0.00236867575,,,,0,,,,,,
32.800000,328,,,15.8418,,,0.3000,1.1620,1.50000,0.0000,0x00,2,39,3,,7069,4863,0,0.69626,,,1.50000,0.15000,9.86158424e-05,0.00237853733,,,,0,,,,,,
32.900000,329,,,15.8418,,,0.3000,1.1620,1.50000,0.0000,0x00,2,39,3,,7069,4863,0,0.69624,,,1.50000,0.15000,9.86158424e-05,0.00238839892,,,,0,,,,,,
33.000000,330,,,15.8418,,,0.3000,1.1620,1.50000,0.0000,0x00,2,39,3,,7069,4863,0,0.69622,,,1.50000,0.15000,9.86158424e-05,0.0023982605,,,,0,,,,,,
33.100000,331,,,15.8418,,,0.3000,1.1620,1.50000,0.0000,0x00,2,39,3,,7069,4863,0,0.69621,,,1.50000,0.15000,9.86158424e-05,0.00240812209,,,,0,,,,,,
33.200000,332,,,15.8418,,,0.3000,1.1620,1.50000,0.0000,0x00,2,39,3,,7069,4863,0,0.69619,,,1.50000,0.15000,9.86158424e-05,0.00241798367,,,,0,,,,,,
33.300000,333,,,15.8418,,,0.3000,1.1620,1.50000,0.0000,0x00,2,39,3,,7069,4863,0,0.69618,,,1.50000,0.15000,9.86158424e-05,0.00242784525,,,,0,,,,,,
33.400000,334,,,15.8418,,,0.3000,1.1620,1.50000,0.0000,0x00,2,39,3,,7069,4863,0,0.69616,,,1.50000,0.15000,9.86158424e-05,0.00243770684,,,,0,,,,,,
33.500000,335,,,15.8418,,,0.3000,1.1620,1.50000,0.0000,0x00,2,39,3,,7069,4863,0,0.69614,,,1.50000,0.15000,9.86158424e-05,0.00244756842,,,,0,,,,,,
33.600000,336,,,15.8418,,,0.3000,1.1620,1.50000,0.0000,0x00,2,39,3,,7069,4863,0,0.69613,,,1.50000,0.15000,9.86158424e-05,0.00245743001,,,,0,,,,,,
33.700000,337,,,15.8418,,,0.3000,1.1620,1.50000,0.0000,0x00,2,39,3,,7069,4863,0,0.69611,,,1.50000,0.15000,9.86158424e-05,0.00246729159,,,,0,,,,,,
33.800000,338,,,15.8418,,,0.3000,1.1620,1.50000,0.0000,0x00,2,39,3,,7069,4863,0,0.69610,,,1.50000,0.15000,9.86158424e-05,0.00247715317,,,,0,,,,,,
33.900000,339,,,15.8418,,,0.3000,1.1620,1.50000,0.0000,0x00,2,39,3,,7069,4863,0,0.69608,,,1.50000,0.15000,9.86158424e-05,0.00248701476,,,,0,,,,,,
34.000000,340,,,15.8418,,,0.3000,1.1620,1.50000,0.0000,0x00,2,39,3,,7069,4863,0,0.69607,,,1.50000,0.15000,9.86158424e-05,0.00249687634,,,,0,,,,,,
34.100000,341,,,15.8418,,,0.3000,1.1620,1.50000,0.0000,0x00,2,39,3,,7069,4863,0,0.69605,,,1.50000,0.15000,9.86158424e-05,0.00250673793,,,,0,,,,,,
34.200000,342,,,15.8418,,,0.3000,1.1620,1.50000,0.0000,0x00,2,39,3,,7069,4863,0,0.69603,,,1.50000,0.15000,9.86158424e-05,0.00251659951,,,,0,,,,,,
34.300000,343,,,15.8418,,,0.3000,1.1620,1.50000,0.0000,0x00,2,39,3,,7069,4863,0,0.69602,,,1.50000,0.15000,9.86158424e-05,0.0025264611,,,,0,,,,,,
34.400000,344,,,15.8418,,,0.3000,1.1620,1.50000,0.0000,0x00,2,39,3,,7069,4863,0,0.69600,,,1.50000,0.15000,9.86158424e-05,0.00253632268,,,,0,,,,,,
34.500000,345,,,15.8418,,,0.3000,1.1620,1.50000,0.0000,0x00,2,39,3,,7069,4863,0,0.69599,,,1.50000,0.15000,9.86158424e-05,0.00254618426,,,,0,,,,,,
34.600000,346,,,15.8418,,,0.3000,1.1620,1.50000,0.0000,0x00,2,39,3,,7069,4863,0,0.69597,,,1.50000,0.15000,9.86158424e-05,0.00255604585,,,,0,,,,,,
34.700000,347,,,15.8418,,,0.3000,1.1620,1.50000,0.0000,0x00,2,39,3,,7069,4863,0,0.69596,,,1.50000,0.15000,9.86158424e-05,0.00256590743,,,,0,,,,,,
34.800000,348,,,15.8418,,,0.3000,1.1620,1.50000,0.0000,0x00,2,39,3,,7069,4863,0,0.69594,,,1.50000,0.15000,9.86158424e-05,0.00257576902,,,,0,,,,,,
34.900000,349,,,15.8418,,,0.3000,1.1620,1.50000,0.0000,0x00,2,39,3,,7069,4863,0,0.69592,,,1.50000,0.15000,9.86158424e-05,0.0025856306,,,,0,,,,,,
35.000000,350,,,15.8418,,,0.3000,1.1620,1.50000,0.0000,0x00,2,39,3,,7069,4863,0,0.69591,,,1.50000,0.15000,9.86158424e-05,0.00259549219,,,,0,,,,,,
35.100000,351,,,15.8418,,,0.3000,1.1620,1.50000,0.0000,0x00,2,39,3,,7069,4863,0,0.69589,,,1.50000,0.15000,9.86158424e-05,0.00260535377,,,,0,,,,,,
35.200000,352,,,15.8418,,,0.3000,1.1620,1.50000,0.0000,0x00,2,39,3,,7069,4863,0,0.69588,,,1.50000,0.15000,9.86158424e-05,0.00261521535,,,,0,,,,,,
35.300000,353,,,15.8418,,,0.3000,1.1620,1.50000,0.0000,0x00,2,39,3,,7069,4863,0,0.69586,,,1.50000,0.15000,9.86158424e-05,0.00262507694,,,,0,,,,,,
35.400000,354,,,15.8418,,,0.3000,1.1620,1.50000,0.0000,0x00,2,39,3,,7069,4863,0,0.69585,,,1.50000,0.15000,9.86158424e-05,0.00263493852,,,,0,,,,,,
35.500000,355,,,15.8418,,,0.3000,1.1620,1.50000,0.0000,0x00,2,39,3,,7069,4863,0,0.69583,,,1.50000,0.15000,9.86158424e-05,0.00264480011,,,,0,,,,,,
35.600000,356,,,15.8418,,,0.3000,1.1620,1.50000,0.0000,0x00,2,39,3,,7069,4863,0,0.69581,,,1.50000,0.15000,9.86158424e-05,0.00265466169,,,,0,,,,,,
35.700000,357,,,15.8418,,,0.3000,1.1620,1.50000,0.0000,0x00,2,39,3,,7069,4863,0,0.69580,,,1.50000,0.15000,9.86158424e-05,0.00266452328,,,,0,,,,,,
35.800000,358,,,15.8418,,,0.3000,1.1620,1.50000,0.0000,0x00,2,39,3,,7069,4863,0,0.69578,,,1.50000,0.15000,9.86158424e-05,0.00267438486,,,,0,,,,,,
35.900000,359,,,15.8418,,,0.3000,1.1620,1.50000,0.0000,0x00,2,39,3,,7069,4863,0,0.69577,,,1.50000,0.15000,9.86158424e-05,0.00268424644,,,,0,,,,,,
36.000000,360,,,15.8418,,,0.3000,1.1620,1.50000,0.0000,0x00,2,39,3,,7069,4863,0,0.69575,,,1.50000,0.15000,9.86158424e-05,0.00269410803,,,,0,,,,,,
36.100000,361,,,15.8418,,,0.3000,1.1620,1.50000,0.0000,0x00,2,39,3,,7069,4863,0,0.69574,,,1.50000,0.15000,9.86158424e-05,0.00270396961,,,,0,,,,,,
36.200000,362,,,15.8418,,,0.3000,1.1620,1.50000,0.0000,0x00,2,39,3,,7069,4863,0,0.69572,,,1.50000,0.15000,9.86158424e-05,0.0027138312,,,,0,,,,,,
36.300000,363,,,15.8418,,,0.3000,1.1620,1.50000,0.0000,0x00,2,39,3,,7069,4863,0,0.69570,,,1.50000,0.15000,9.86158424e-05,0.00272369278,,,,0,,,,,,
36.400000,364,,,15.8418,,,0.3000,1.1620,1.50000,0.0000,0x00,2,39,3,,7069,4863,0,0.69569,,,1.50000,0.15000,9.86158424e-05,0.00273355437,,,,0,,,,,,
36.500000,365,,,15.8418,,,0.3000,1.1620,1.50000,0.0000,0x00,2,39,3,,7069,4863,0,0.69567,,,1.50000,0.15000,9.86158424e-05,0.00274341595,,,,0,,,,,,
36.600000,366,,,15.8418,,,0.3000,1.1620,1.50000,0.0000,0x00,2,39,3,,7069,4863,0,0.69566,,,1.50000,0.15000,9.86158424e-05,0.00275327753,,,,0,,,,,,
36.700000,367,,,15.8418,,,0.3000,1.1620,1.50000,0.0000,0x00,2,39,3,,7069,4863,0,0.69564,,,1.50000,0.15000,9.86158424e-05,0.00276313912,,,,0,,,,,,
36.800000,368,,,15.8418,,,0.3000,1.1620,1.50000,0.0000,0x00,2,39,3,,7069,4863,0,0.69562,,,1.50000,0.15000,9.86158424e-05,0.0027730007,,,,0,,,,,,
36.900000,369,,,15.8418,,,0.3000,1.1620,1.50000,0.0000,0x00,2,39,3,,7069,4863,0,0.69561,,,1.50000,0.15000,9.86158424e-05,0.00278286229,,,,0,,,,,,
37.000000,370,,,15.8418,,,0.3000,1.1620,1.50000,0.0000,0x00,2,39,3,,7069,4863,0,0.69559,,,1.50000,0.15000,9.86158424e-05,0.00279272387,,,,0,,,,,,
37.100000,371,,,15.8418,,,0.3000,1.1620,1.50000,0.0000,0x00,2,39,3,,7069,4863,0,0.69558,,,1.50000,0.15000,9.86158424e-05,0.00280258545,,,,0,,,,,,
37.200000,372,,,15.8418,,,0.3000,1.1620,1.50000,0.0000,0x00,2,39,3,,7069,4863,0,0.69556,,,1.50000,0.15000,9.86158424e-05,0.00281244704,,,,0,,,,,,
37.300000,373,,,15.8418,,,0.3000,1.1620,1.50000,0.0000,0x00,2,39,3,,7069,4863,0,0.69555,,,1.50000,0.15000,9.86158424e-05,0.00282230862,,,,0,,,,,,
37.400000,374,,,15.8418,,,0.3000,1.1620,1.50000,0.0000,0x00,2,39,3,,7069,4863,0,0.69553,,,1.50000,0.15000,9.86158424e-05,0.00283217021,,,,0,,,,,,
37.500000,375,,,15.8418,,,0.3000,1.1620,1.50000,0.0000,0x00,2,39,3,,7069,4863,0,0.69551,,,1.50000,0.15000,9.86158424e-05,0.00284203179,,,,0,,,,,,
37.600000,376,,,15.8418,,,0.3000,1.1620,1.50000,0.0000,0x00,2,39,3,,7069,4863,0,0.69550,,,1.50000,0.15000,9.86158424e-05,0.00285189338,,,,0,,,,,,
37.700000,377,,,15.8418,,,0.3000,1.1620,1.50000,0.0000,0x00,2,39,3,,7069,4863,0,0.69548,,,1.50000,0.15000,9.86158424e-05,0.00286175496,,,,0,,,,,,
37.800000,378,,,15.8418,,,0.3000,1.1620,1.50000,0.0000,0x00,2,39,3,,7069,4863,0,0.69547,,,1.50000,0.15000,9.86158424e-05,0.00287161654,,,,0,,,,,,
37.900000,379,,,15.8418,,,0.3000,1.1620,1.50000,0.0000,0x00,2,39,3,,7069,4863,0,0.69545,,,1.50000,0.15000,9.86158424e-05,0.00288147813,,,,0,,,,,,
38.000000,380,,,15.8442,,,0.2987,1.1308,1.50000,0.0000,0x00,2,39,3,,7003,4868,0,0.69544,,,1.50000,0.15000,9.82115243e-05,0.00289129928,,,,0,,,,,,
38.100000,381,,,15.8494,,,0.2972,1.0627,1.48333,0.0000,0x00,2,39,3,,6862,4878,0,0.69542,,,1.48333,0.15000,9.77294819e-05,0.00290107223,,,,0,,,,,,
38.200000,382,,,15.8521,,,0.2984,1.0244,1.46667,0.0000,0x00,2,39,3,,6786,4885,0,0.69541,,,1.46667,0.15000,9.81589523e-05,0.00291088812,,,,0,,,,,,
38.300000,383,,,15.8549,,,0.2984,0.9874,1.45000,0.0000,0x00,2,39,3,,6711,4891,0,0.69539,,,1.45000,0.15000,9.81641494e-05,0.00292070454,,,,0,,,,,,
38.400000,384,,,15.8576,,,0.2983,0.9504,1.43333,0.0000,0x00,2,39,3,,6635,4898,0,0.69538,,,1.43333,0.15000,9.81658921e-05,0.00293052113,,,,0,,,,,,
38.500000,385,,,15.8603,,,0.2983,0.9134,1.41667,0.0000,0x00,2,39,3,,6560,4906,0,0.69537,,,1.41667,0.15000,9.81666953e-05,0.0029403378,,,,0,,,,,,
38.600000,386,,,15.8631,,,0.2982,0.8765,1.40000,0.0000,0x00,2,39,3,,6485,4915,0,0.69535,,,1.40000,0.15000,9.81664906e-05,0.00295015445,,,,0,,,,,,
38.700000,387,,,15.8658,,,0.2982,0.8396,1.38333,0.0000,0x00,2,39,3,,6410,4924,0,0.69534,,,1.38333,0.15000,9.81651835e-05,0.00295997097,,,,0,,,,,,
38.800000,388,,,15.8685,,,0.2981,0.8027,1.36667,0.0000,0x00,2,39,3,,6335,4934,0,0.69533,,,1.36667,0.15000,9.81626668e-05,0.00296978723,,,,0,,,,,,
38.900000,389,,,15.8713,,,0.2981,0.7659,1.35000,0.0000,0x00,2,39,3,,6260,4945,0,0.69532,,,1.35000,0.15000,9.8158819e-05,0.00297960311,,,,0,,,,,,
39.000000,390,,,15.8740,,,0.2980,0.7290,1.33333,0.0000,0x00,2,39,3,,6185,4957,0,0.69531,,,1.33333,0.15000,9.81535014e-05,0.00298941846,,,,0,,,,,,
39.100000,391,,,15.8767,,,0.2979,0.6922,1.31667,0.0000,0x00,2,39,3,,6110,4971,0,0.69530,,,1.31667,0.15000,9.81465555e-05,0.00299923312,,,,0,,,,,,
39.200000,392,,,15.8795,,,0.2978,0.6555,1.30000,0.0000,0x00,2,39,3,,6035,4986,0,0.69529,,,1.30000,0.15000,9.81377984e-05,0.0030090469,,,,0,,,,,,
39.300000,393,,,15.8822,,,0.2978,0.6187,1.28333,0.0000,0x00,2,39,3,,5960,5002,0,0.69528,,,1.28333,0.15000,9.81270192e-05,0.0030188596,,,,0,,,,,,
39.400000,394,,,15.8849,,,0.2977,0.5820,1.26667,0.0000,0x00,2,39,3,,5885,5021,0,0.69527,,,1.26667,0.15000,9.81139722e-05,0.003028671,,,,0,,,,,,
39.500000,395,,,15.8876,,,0.2976,0.5453,1.25000,0.0000,0x00,2,39,3,,5810,5043,0,0.69527,,,1.25000,0.15000,9.80983703e-05,0.00303848084,,,,0,,,,,,
39.600000,396,,,15.8903,,,0.2975,0.5087,1.23333,0.0000,0x00,2,39,3,,5735,5067,0,0.69526,,,1.23333,0.15000,9.80798754e-05,0.00304828882,,,,0,,,,,,
39.700000,397,,,15.8931,,,0.2973,0.4721,1.21667,0.0000,0x00,2,39,3,,5661,5095,0,0.69525,,,1.21667,0.15000,9.80580867e-05,0.00305809463,,,,0,,,,,,
39.800000,398,,,15.8958,,,0.2972,0.4355,1.20000,0.0000,0x00,2,39,3,,5586,5128,0,0.69524,,,1.20000,0.15000,9.80325255e-05,0.00306789788,,,,0,,,,,,
39.900000,399,,,15.8985,,,0.2971,0.3990,1.18333,0.0000,0x00,2,39,3,,5511,5167,0,0.69524,,,1.18333,0.15000,9.80026152e-05,0.00307769815,,,,0,,,,,,
40.000000,400,,,15.9012,,,0.2969,0.3625,1.16667,0.0000,0x00,2,39,3,,5437,5215,0,0.69523,,,1.16667,0.15000,9.79676552e-05,0.00308749491,,,,0,,,,,,
40.100000,401,,,15.9039,,,0.2967,0.3260,1.15000,0.0000,0x00,2,39,3,,5362,5272,0,0.69523,,,1.15000,0.15000,9.79267851e-05,0.00309728759,,,,0,,,,,,
40.200000,402,,,15.9066,,,0.2922,0.2939,1.13333,0.0000,0x00,2,39,3,,5316,5316,0,0.69522,,,1.13333,0.15000,9.64608203e-05,0.00310693367,,,,0,,,,,,
40.300000,403,,,15.9093,,,0.2748,0.2748,1.11667,0.0000,0x00,2,39,3,,5316,5316,0,0.69522,,,1.11667,0.15000,9.07098065e-05,0.00311600465,,,,0,,,,,,
40.400000,404,,,15.9120,,,0.2565,0.2565,1.10000,0.0000,0x00,2,39,3,,5316,5316,0,0.69522,,,1.10000,0.15000,8.46886235e-05,0.00312447352,,,,0,,,,,,
40.500000,405,,,15.9147,,,0.2382,0.2382,1.08333,0.0000,0x00,2,39,3,,5316,5316,0,0.69521,,,1.08333,0.15000,7.86691845e-05,0.00313234043,,,,0,,,,,,
40.600000,406,,,15.9174,,,0.2200,0.2200,1.06667,0.0000,0x00,2,39,3,,5316,5316,0,0.69521,,,1.06667,0.15000,7.26514912e-05,0.00313960558,,,,0,,,,,,
40.700000,407,,,15.9201,,,0.2017,0.2017,1.05000,0.0000,0x00,2,39,3,,5316,5316,0,0.69521,,,1.05000,0.15000,6.66355453e-05,0.00314626914,,,,0,,,,,,
40.800000,408,,,15.9228,,,0.1835,0.1835,1.03333,0.0000,0x00,2,39,3,,5316,5316,0,0.69520,,,1.03333,0.15000,6.06213487e-05,0.00315233127,,,,0,,,,,,
40.900000,409,,,15.9255,,,0.1653,0.1653,1.01667,0.0000,0x00,2,39,3,,5316,5316,0,0.69520,,,1.01667,0.15000,5.4608903e-05,0.00315779216,,,,0,,,,,,
41.000000,410,,,15.9266,,,0.1578,0.1578,1.00000,0.0000,0x00,2,39,3,,5316,5316,0,0.69520,,,1.00000,0.15000,5.2155797e-05,0.00316300774,,,,0,,,,,,
41.100000,411,,,15.9250,,,0.1686,0.1686,1.00000,0.0000,0x00,2,39,3,,5316,5316,0,0.69520,,,1.00000,0.15000,5.57133833e-05,0.00316857908,,,,0,,,,,,
41.200000,412,,,15.9250,,,0.1686,0.1686,1.00000,0.0000,0x00,2,39,3,,5316,5316,0,0.69520,,,1.00000,0.15000,5.57133833e-05,0.00317415042,,,,0,,,,,,
41.300000,413,,,15.9250,,,0.1686,0.1686,1.00000,0.0000,0x00,2,39,3,,5316,5316,0,0.69519,,,1.00000,0.15000,5.57133833e-05,0.00317972176,,,,0,,,,,,
41.400000,414,,,15.9250,,,0.1686,0.1686,1.00000,0.0000,0x00,2,39,3,,5316,5316,0,0.69519,,,1.00000,0.15000,5.57133833e-05,0.0031852931,,,,0,,,,,,
41.500000,415,,,15.9250,,,0.1686,0.1686,1.00000,0.0000,0x00,2,39,3,,5316,5316,0,0.69519,,,1.00000,0.15000,5.57133833e-05,0.00319086443,,,,0,,,,,,
41.600000,416,,,15.9250,,,0.1686,0.1686,1.00000,0.0000,0x00,2,39,3,,5316,5316,0,0.69519,,,1.00000,0.15000,5.57133833e-05,0.00319643577,,,,0,,,,,,
41.700000,417,,,15.9250,,,0.1686,0.1686,1.00000,0.0000,0x00,2,39,3,,5316,5316,0,0.69518,,,1.00000,0.15000,5.57133833e-05,0.00320200711,,,,0,,,,,,
41.800000,418,,,15.9250,,,0.1686,0.1686,1.00000,0.0000,0x00,2,39,3,,5316,5316,0,0.69518,,,1.00000,0.15000,5.57133833e-05,0.00320757845,,,,0,,,,,,
41.900000,419,,,15.9250,,,0.1686,0.1686,1.00000,0.0000,0x00,2,39,3,,5316,5316,0,0.69518,,,1.00000,0.15000,5.57133833e-05,0.00321314979,,,,0,,,,,,
42.000000,420,,,15.9250,,,0.1686,0.1686,1.00000,0.0000,0x00,2,39,3,,5316,5316,0,0.69518,,,1.00000,0.15000,5.57133833e-05,0.00321872113,,,,0,,,,,,
42.100000,421,,,15.9250,,,0.1686,0.1686,1.00000,0.0000,0x00,2,39,3,,5316,5316,0,0.69518,,,1.00000,0.15000,5.57133833e-05,0.00322429246,,,,0,,,,,,
42.200000,422,,,15.9250,,,0.1686,0.1686,1.00000,0.0000,0x00,2,39,3,,5316,5316,0,0.69517,,,1.00000,0.15000,5.57133833e-05,0.0032298638,,,,0,,,,,,
42.300000,423,,,15.9250,,,0.1686,0.1686,1.00000,0.0000,0x00,2,39,3,,5316,5316,0,0.69517,,,1.00000,0.15000,5.57133833e-05,0.00323543514,,,,0,,,,,,
42.400000,424,,,15.9250,,,0.1686,0.1686,1.00000,0.0000,0x00,2,39,3,,5316,5316,0,0.69517,,,1.00000,0.15000,5.57133833e-05,0.00324100648,,,,0,,,,,,
42.500000,425,,,15.9250,,,0.1686,0.1686,1.00000,0.0000,0x00,2,39,3,,5316,5316,0,0.69517,,,1.00000,0.15000,5.57133833e-05,0.00324657782,,,,0,,,,,,
42.600000,426,,,15.9250,,,0.1686,0.1686,1.00000,0.0000,0x00,2,39,3,,5316,5316,0,0.69516,,,1.00000,0.15000,5.57133833e-05,0.00325214916,,,,0,,,,,,
42.700000,427,,,15.9250,,,0.1686,0.1686,1.00000,0.0000,0x00,2,39,3,,5316,5316,0,0.69516,,,1.00000,0.15000,5.57133833e-05,0.00325772049,,,,0,,,,,,
42.800000,428,,,15.9250,,,0.1686,0.1686,1.00000,0.0000,0x00,2,39,3,,5316,5316,0,0.69516,,,1.00000,0.15000,5.57133833e-05,0.00326329183,,,,0,,,,,,
42.900000,429,,,15.9250,,,0.1686,0.1686,1.00000,0.0000,0x00,2,39,3,,5316,5316,0,0.69516,,,1.00000,0.15000,5.57133833e-05,0.00326886317,,,,0,,,,,,
43.000000,430,,,15.9250,,,0.1686,0.1686,1.00000,0.0000,0x00,2,39,3,,5316,5316,0,0.69516,,,1.00000,0.15000,5.57133833e-05,0.00327443451,,,,0,,,,,,
43.100000,431,,,15.9250,,,0.1686,0.1686,1.00000,0.0000,0x00,2,39,3,,5316,5316,0,0.69515,,,1.00000,0.15000,5.57133833e-05,0.00328000585,,,,0,,,,,,
43.200000,432,,,15.9250,,,0.1686,0.1686,1.00000,0.0000,0x00,2,39,3,,5316,5316,0,0.69515,,,1.00000,0.15000,5.57133833e-05,0.00328557719,,,,0,,,,,,
43.300000,433,,,15.9250,,,0.1686,0.1686,1.00000,0.0000,0x00,2,39,3,,5316,5316,0,0.69515,,,1.00000,0.15000,5.57133833e-05,0.00329114852,,,,0,,,,,,
43.400000,434,,,15.9250,,,0.1686,0.1686,1.00000,0.0000,0x00,2,39,3,,5316,5316,0,0.69515,,,1.00000,0.15000,5.57133833e-05,0.00329671986,,,,0,,,,,,
43.500000,435,,,15.9250,,,0.1686,0.1686,1.00000,0.0000,0x00,2,39,3,,5316,5316,0,0.69514,,,1.00000,0.15000,5.57133833e-05,0.0033022912,,,,0,,,,,,
43.600000,436,,,15.9250,,,0.1686,0.1686,1.00000,0.0000,0x00,2,39,3,,5316,5316,0,0.69514,,,1.00000,0.15000,5.57133833e-05,0.00330786254,,,,0,,,,,,
43.700000,437,,,15.9250,,,0.1686,0.1686,1.00000,0.0000,0x00,2,39,3,,5316,5316,0,0.69514,,,1.00000,0.15000,5.57133833e-05,0.00331343388,,,,0,,,,,,
43.800000,438,,,15.9250,,,0.1686,0.1686,1.00000,0.0000,0x00,2,39,3,,5316,5316,0,0.69514,,,1.00000,0.15000,5.57133833e-05,0.00331900522,,,,0,,,,,,
43.900000,439,,,15.9250,,,0.1686,0.1686,1.00000,0.0000,0x00,2,39,3,,5316,5316,0,0.69514,,,1.00000,0.15000,5.57133833e-05,0.00332457655,,,,0,,,,,,
44.000000,440,,,15.9250,,,0.1686,0.1686,1.00000,0.0000,0x00,2,39,3,,5316,5316,0,0.69513,,,1.00000,0.15000,5.57133833e-05,0.00333014789,,,,0,,,,,,
44.100000,441,,,15.9250,,,0.1686,0.1686,1.00000,0.0000,0x00,2,39,3,,5316,5316,0,0.69513,,,1.00000,0.15000,5.57133833e-05,0.00333571923,,,,0,,,,,,
44.200000,442,,,15.9250,,,0.1686,0.1686,1.00000,0.0000,0x00,2,39,3,,5316,5316,0,0.69513,,,1.00000,0.15000,5.57133833e-05,0.00334129057,,,,0,,,,,,
44.300000,443,,,15.9250,,,0.1686,0.1686,1.00000,0.0000,0x00,2,39,3,,5316,5316,0,0.69513,,,1.00000,0.15000,5.57133833e-05,0.00334686191,,,,0,,,,,,
44.400000,444,,,15.9250,,,0.1686,0.1686,1.00000,0.0000,0x00,2,39,3,,5316,5316,0,0.69512,,,1.00000,0.15000,5.57133833e-05,0.00335243325,,,,0,,,,,,
44.500000,445,,,15.9250,,,0.1686,0.1686,1.00000,0.0000,0x00,2,39,3,,5316,5316,0,0.69512,,,1.00000,0.15000,5.57133833e-05,0.00335800458,,,,0,,,,,,
44.600000,446,,,15.9250,,,0.1686,0.1686,1.00000,0.0000,0x00,2,39,3,,5316,5316,0,0.69512,,,1.00000,0.15000,5.57133833e-05,0.00336357592,,,,0,,,,,,
44.700000,447,,,15.9250,,,0.1686,0.1686,1.00000,0.0000,0x00,2,39,3,,5316,5316,0,0.69512,,,1.00000,0.15000,5.57133833e-05,0.00336914726,,,,0,,,,,,
44.800000,448,,,15.9250,,,0.1686,0.1686,1.00000,0.0000,0x00,2,39,3,,5316,5316,0,0.69511,,,1.00000,0.15000,5.57133833e-05,0.0033747186,,,,0,,,,,,
44.900000,449,,,15.9250,,,0.1686,0.1686,1.00000,0.0000,0x00,2,39,3,,5316,5316,0,0.69511,,,1.00000,0.15000,5.57133833e-05,0.00338028994,,,,0,,,,,,
45.000000,450,,,15.9250,,,0.1686,0.1686,1.00000,0.0000,0x00,2,39,3,,5316,5316,0,0.69511,,,1.00000,0.15000,5.57133833e-05,0.00338586128,,,,0,,,,,,
45.100000,451,,,15.9250,,,0.1686,0.1686,1.00000,0.0000,0x00,2,39,3,,5316,5316,0,0.69511,,,1.00000,0.15000,5.57133833e-05,0.00339143261,,,,0,,,,,,
45.200000,452,,,15.9250,,,0.1686,0.1686,1.00000,0.0000,0x00,2,39,3,,5316,5316,0,0.69511,,,1.00000,0.15000,5.57133833e-05,0.00339700395,,,,0,,,,,,
45.300000,453,,,15.9250,,,0.1686,0.1686,1.00000,0.0000,0x00,2,39,3,,5316,5316,0,0.69510,,,1.00000,0.15000,5.57133833e-05,0.00340257529,,,,0,,,,,,
45.400000,454,,,15.9250,,,0.1686,0.1686,1.00000,0.0000,0x00,2,39,3,,5316,5316,0,0.69510,,,1.00000,0.15000,5.57133833e-05,0.00340814663,,,,0,,,,,,
45.500000,455,,,15.9250,,,0.1686,0.1686,1.00000,0.0000,0x00,2,39,3,,5316,5316,0,0.69510,,,1.00000,0.15000,5.57133833e-05,0.00341371797,,,,0,,,,,,
45.600000,456,,,15.9250,,,0.1686,0.1686,1.00000,0.0000,0x00,2,39,3,,5316,5316,0,0.69510,,,1.00000,0.15000,5.57133833e-05,0.00341928931,,,,0,,,,,,
45.700000,457,,,15.9250,,,0.1686,0.1686,1.00000,0.0000,0x00,2,39,3,,5316,5316,0,0.69509,,,1.00000,0.15000,5.57133833e-05,0.00342486064,,,,0,,,,,,
45.800000,458,,,15.9250,,,0.1686,0.1686,1.00000,0.0000,0x00,2,39,3,,5316,5316,0,0.69509,,,1.00000,0.15000,5.57133833e-05,0.00343043198,,,,0,,,,,,
45.900000,459,,,15.9250,,,0.1686,0.1686,1.00000,0.0000,0x00,2,39,3,,5316,5316,0,0.69509,,,1.00000,0.15000,5.57133833e-05,0.00343600332,,,,0,,,,,,
46.000000,460,,,15.9250,,,0.1686,0.1686,1.00000,0.0000,0x00,2,39,3,,5316,5316,0,0.69509,,,1.00000,0.15000,5.57133833e-05,0.00344157466,,,,0,,,,,,
46.100000,461,,,15.9250,,,0.1686,0.1686,1.00000,0.0000,0x00,2,39,3,,5316,5316,0,0.69509,,,1.00000,0.15000,5.57133833e-05,0.003447146,,,,0,,,,,,
46.200000,462,,,15.9250,,,0.1686,0.1686,1.00000,0.0000,0x00,2,39,3,,5316,5316,0,0.69508,,,1.00000,0.15000,5.57133833e-05,0.00345271734,,,,0,,,,,,
46.300000,463,,,15.9250,,,0.1686,0.1686,1.00000,0.0000,0x00,2,39,3,,5316,5316,0,0.69508,,,1.00000,0.15000,5.57133833e-05,0.00345828867,,,,0,,,,,,
46.400000,464,,,15.9250,,,0.1686,0.1686,1.00000,0.0000,0x00,2,39,3,,5316,5316,0,0.69508,,,1.00000,0.15000,5.57133833e-05,0.00346386001,,,,0,,,,,,
46.500000,465,,,15.9250,,,0.1686,0.1686,1.00000,0.0000,0x00,2,39,3,,5316,5316,0,0.69508,,,1.00000,0.15000,5.57133833e-05,0.00346943135,,,,0,,,,,,
46.600000,466,,,15.9250,,,0.1686,0.1686,1.00000,0.0000,0x00,2,39,3,,5316,5316,0,0.69507,,,1.00000,0.15000,5.57133833e-05,0.00347500269,,,,0,,,,,,
46.700000,467,,,15.9250,,,0.1686,0.1686,1.00000,0.0000,0x00,2,39,3,,5316,5316,0,0.69507,,,1.00000,0.15000,5.57133833e-05,0.00348057403,,,,0,,,,,,
46.800000,468,,,15.9250,,,0.1686,0.1686,1.00000,0.0000,0x00,2,39,3,,5316,5316,0,0.69507,,,1.00000,0.15000,5.57133833e-05,0.00348614537,,,,0,,,,,,
46.900000,469,,,15.9250,,,0.1686,0.1686,1.00000,0.0000,0x00,2,39,3,,5316,5316,0,0.69507,,,1.00000,0.15000,5.57133833e-05,0.0034917167,,,,0,,,,,,
47.000000,470,,,15.9250,,,0.1686,0.1686,1.00000,0.0000,0x00,2,39,3,,5316,5316,0,0.69507,,,1.00000,0.15000,5.57133833e-05,0.00349728804,,,,0,,,,,,
47.100000,471,,,15.9250,,,0.1686,0.1686,1.00000,0.0000,0x00,2,39,3,,5316,5316,0,0.69506,,,1.00000,0.15000,5.57133833e-05,0.00350285938,,,,0,,,,,,
47.200000,472,,,15.9250,,,0.1686,0.1686,1.00000,0.0000,0x00,2,39,3,,5316,5316,0,0.69506,,,1.00000,0.15000,5.57133833e-05,0.00350843072,,,,0,,,,,,
47.300000,473,,,15.9250,,,0.1686,0.1686,1.00000,0.0000,0x00,2,39,3,,5316,5316,0,0.69506,,,1.00000,0.15000,5.57133833e-05,0.00351400206,,,,0,,,,,,
47.400000,474,,,15.9250,,,0.1686,0.1686,1.00000,0.0000,0x00,2,39,3,,5316,5316,0,0.69506,,,1.00000,0.15000,5.57133833e-05,0.0035195734,,,,0,,,,,,
47.500000,475,,,15.9250,,,0.1686,0.1686,1.00000,0.0000,0x00,2,39,3,,5316,5316,0,0.69505,,,1.00000,0.15000,5.57133833e-05,0.00352514473,,,,0,,,,,,
47.600000,476,,,15.9250,,,0.1686,0.1686,1.00000,0.0000,0x00,2,39,3,,5316,5316,0,0.69505,,,1.00000,0.15000,5.57133833e-05,0.00353071607,,,,0,,,,,,
47.700000,477,,,15.9250,,,0.1686,0.1686,1.00000,0.0000,0x00,2,39,3,,5316,5316,0,0.69505,,,1.00000,0.15000,5.57133833e-05,0.00353628741,,,,0,,,,,,
47.800000,478,,,15.9250,,,0.1686,0.1686,1.00000,0.0000,0x00,2,39,3,,5316,5316,0,0.69505,,,1.00000,0.15000,5.57133833e-05,0.00354185875,,,,0,,,,,,
47.900000,479,,,15.9250,,,0.1686,0.1686,1.00000,0.0000,0x00,2,39,3,,5316,5316,0,0.69505,,,1.00000,0.15000,5.57133833e-05,0.00354743009,,,,0,,,,,,
48.000000,480,,,15.9250,,,0.1686,0.1686,1.00000,0.0000,0x00,2,39,3,,5316,5316,0,0.69504,,,1.00000,0.15000,5.57133833e-05,0.00355300143,,,,0,,,,,,
48.100000,481,,,15.9250,,,0.1686,0.1686,1.00000,0.0000,0x00,2,39,3,,5316,5316,0,0.69504,,,1.00000,0.15000,5.57133833e-05,0.00355857276,,,,0,,,,,,
48.200000,482,,,15.9250,,,0.1686,0.1686,1.00000,0.0000,0x00,2,39,3,,5316,5316,0,0.69504,,,1.00000,0.15000,5.57133833e-05,0.0035641441,,,,0,,,,,,
48.300000,483,,,15.9250,,,0.1686,0.1686,1.00000,0.0000,0x00,2,39,3,,5316,5316,0,0.69504,,,1.00000,0.15000,5.57133833e-05,0.00356971544,,,,0,,,,,,
48.400000,484,,,15.9250,,,0.1686,0.1686,1.00000,0.0000,0x00,2,39,3,,5316,5316,0,0.69503,,,1.00000,0.15000,5.57133833e-05,0.00357528678,,,,0,,,,,,
48.500000,485,,,15.9250,,,0.1686,0.1686,1.00000,0.0000,0x00,2,39,3,,5316,5316,0,0.69503,,,1.00000,0.15000,5.57133833e-05,0.00358085812,,,,0,,,,,,
48.600000,486,,,15.9250,,,0.1686,0.1686,1.00000,0.0000,0x00,2,39,3,,5316,5316,0,0.69503,,,1.00000,0.15000,5.57133833e-05,0.00358642946,,,,0,,,,,,
48.700000,487,,,15.9250,,,0.1686,0.1686,1.00000,0.0000,0x00,2,39,3,,5316,5316,0,0.69503,,,1.00000,0.15000,5.57133833e-05,0.00359200079,,,,0,,,,,,
48.800000,488,,,15.9250,,,0.1686,0.1686,1.00000,0.0000,0x00,2,39,3,,5316,5316,0,0.69503,,,1.00000,0.15000,5.57133833e-05,0.00359757213,,,,0,,,,,,
48.900000,489,,,15.9250,,,0.1686,0.1686,1.00000,0.0000,0x00,2,39,3,,5316,5316,0,0.69502,,,1.00000,0.15000,5.57133833e-05,0.00360314347,,,,0,,,,,,
49.000000,490,,,15.9250,,,0.1686,0.1686,1.00000,0.0000,0x00,2,39,3,,5316,5316,0,0.69502,,,1.00000,0.15000,5.57133833e-05,0.00360871481,,,,0,,,,,,
49.100000,491,,,15.9250,,,0.1686,0.1686,1.00000,0.0000,0x00,2,39,3,,5316,5316,0,0.69502,,,1.00000,0.15000,5.57133833e-05,0.00361428615,,,,0,,,,,,
49.200000,492,,,15.9250,,,0.1686,0.1686,1.00000,0.0000,0x00,2,39,3,,5316,5316,0,0.69502,,,1.00000,0.15000,5.57133833e-05,0.00361985749,,,,0,,,,,,
49.300000,493,,,15.9250,,,0.1686,0.1686,1.00000,0.0000,0x00,2,39,3,,5316,5316,0,0.69501,,,1.00000,0.15000,5.57133833e-05,0.00362542882,,,,0,,,,,,
49.400000,494,,,15.9250,,,0.1686,0.1686,1.00000,0.0000,0x00,2,39,3,,5316,5316,0,0.69501,,,1.00000,0.15000,5.57133833e-05,0.00363100016,,,,0,,,,,,
49.500000,495,,,15.9250,,,0.1686,0.1686,1.00000,0.0000,0x00,2,39,3,,5316,5316,0,0.69501,,,1.00000,0.15000,5.57133833e-05,0.0036365715,,,,0,,,,,,
49.600000,496,,,15.9250,,,0.1686,0.1686,1.00000,0.0000,0x00,2,39,3,,5316,5316,0,0.69501,,,1.00000,0.15000,5.57133833e-05,0.00364214284,,,,0,,,,,,
49.700000,497,,,15.9250,,,0.1686,0.1686,1.00000,0.0000,0x00,2,39,3,,5316,5316,0,0.69501,,,1.00000,0.15000,5.57133833e-05,0.00364771418,,,,0,,,,,,
49.800000,498,,,15.9250,,,0.1686,0.1686,1.00000,0.0000,0x00,2,39,3,,5316,5316,0,0.69500,,,1.00000,0.15000,5.57133833e-05,0.00365328552,,,,0,,,,,,
49.900000,499,,,15.9250,,,0.1686,0.1686,1.00000,0.0000,0x00,2,39,3,,5316,5316,0,0.69500,,,1.00000,0.15000,5.57133833e-05,0.00365885685,,,,0,,,,,,
50.000000,500,,,15.9250,,,0.1686,0.1686,1.00000,0.0000,0x00,2,39,3,,5316,5316,0,0.69500,,,1.00000,0.15000,5.57133833e-05,0.00366442819,,,,0,,,,,,
50.100000,501,,,15.9250,,,0.1686,0.1686,1.00000,0.0000,0x00,2,39,3,,5316,5316,0,0.69500,,,1.00000,0.15000,5.57133833e-05,0.00366999953,,,,0,,,,,,
50.200000,502,,,15.9250,,,0.1686,0.1686,1.00000,0.0000,0x00,2,39,3,,5316,5316,0,0.69499,,,1.00000,0.15000,5.57133833e-05,0.00367557087,,,,0,,,,,,
50.300000,503,,,15.9250,,,0.1686,0.1686,1.00000,0.0000,0x00,2,39,3,,5316,5316,0,0.69499,,,1.00000,0.15000,5.57133833e-05,0.00368114221,,,,0,,,,,,
50.400000,504,,,15.9250,,,0.1686,0.1686,1.00000,0.0000,0x00,2,39,3,,5316,5316,0,0.69499,,,1.00000,0.15000,5.57133833e-05,0.00368671355,,,,0,,,,,,
50.500000,505,,,15.9250,,,0.1686,0.1686,1.00000,0.0000,0x00,2,39,3,,5316,5316,0,0.69499,,,1.00000,0.15000,5.57133833e-05,0.00369228488,,,,0,,,,,,
50.600000,506,,,15.9250,,,0.1686,0.1686,1.00000,0.0000,0x00,2,39,3,,5316,5316,0,0.69498,,,1.00000,0.15000,5.57133833e-05,0.00369785622,,,,0,,,,,,
50.700000,507,,,15.9250,,,0.1686,0.1686,1.00000,0.0000,0x00,2,39,3,,5316,5316,0,0.69498,,,1.00000,0.15000,5.57133833e-05,0.00370342756,,,,0,,,,,,
50.800000,508,,,15.9250,,,0.1686,0.1686,1.00000,0.0000,0x00,2,39,3,,5316,5316,0,0.69498,,,1.00000,0.15000,5.57133833e-05,0.0037089989,,,,0,,,,,,
50.900000,509,,,15.9250,,,0.1686,0.1686,1.00000,0.0000,0x00,2,39,3,,5316,5316,0,0.69498,,,1.00000,0.15000,5.57133833e-05,0.00371457024,,,,0,,,,,,
51.000000,510,,,15.9250,,,0.1686,0.1686,1.00000,0.0000,0x00,2,39,3,,5316,5316,0,0.69498,,,1.00000,0.15000,5.57133833e-05,0.00372014158,,,,0,,,,,,
51.100000,511,,,15.9250,,,0.1686,0.1686,1.00000,0.0000,0x00,2,39,3,,5316,5316,0,0.69497,,,1.00000,0.15000,5.57133833e-05,0.00372571291,,,,0,,,,,,
51.200000,512,,,15.9250,,,0.1686,0.1686,1.00000,0.0000,0x00,2,39,3,,5316,5316,0,0.69497,,,1.00000,0.15000,5.57133833e-05,0.00373128425,,,,0,,,,,,
51.300000,513,,,15.9250,,,0.1686,0.1686,1.00000,0.0000,0x00,2,39,3,,5316,5316,0,0.69497,,,1.00000,0.15000,5.57133833e-05,0.00373685559,,,,0,,,,,,
51.400000,514,,,15.9250,,,0.1686,0.1686,1.00000,0.0000,0x00,2,39,3,,5316,5316,0,0.69497,,,1.00000,0.15000,5.57133833e-05,0.00374242693,,,,0,,,,,,
51.500000,515,,,15.9250,,,0.1686,0.1686,1.00000,0.0000,0x00,2,39,3,,5316,5316,0,0.69496,,,1.00000,0.15000,5.57133833e-05,0.00374799827,,,,0,,,,,,
51.600000,516,,,15.9250,,,0.1686,0.1686,1.00000,0.0000,0x00,2,39,3,,5316,5316,0,0.69496,,,1.00000,0.15000,5.57133833e-05,0.00375356961,,,,0,,,,,,
51.700000,517,,,15.9250,,,0.1686,0.1686,1.00000,0.0000,0x00,2,39,3,,5316,5316,0,0.69496,,,1.00000,0.15000,5.57133833e-05,0.00375914094,,,,0,,,,,,
51.800000,518,,,15.9250,,,0.1686,0.1686,1.00000,0.0000,0x00,2,39,3,,5316,5316,0,0.69496,,,1.00000,0.15000,5.57133833e-05,0.00376471228,,,,0,,,,,,
51.900000,519,,,15.9250,,,0.1686,0.1686,1.00000,0.0000,0x00,2,39,3,,5316,5316,0,0.69496,,,1.00000,0.15000,5.57133833e-05,0.00377028362,,,,0,,,,,,
52.000000,520,,,15.9250,,,0.1686,0.1686,1.00000,0.0000,0x00,2,39,3,,5316,5316,0,0.69495,,,1.00000,0.15000,5.57133833e-05,0.00377585496,,,,0,,,,,,
52.100000,521,,,15.9250,,,0.1686,0.1686,1.00000,0.0000,0x00,2,39,3,,5316,5316,0,0.69495,,,1.00000,0.15000,5.57133833e-05,0.0037814263,,,,0,,,,,,
52.200000,522,,,15.9250,,,0.1686,0.1686,1.00000,0.0000,0x00,2,39,3,,5316,5316,0,0.69495,,,1.00000,0.15000,5.57133833e-05,0.00378699764,,,,0,,,,,,
52.300000,523,,,15.9250,,,0.1686,0.1686,1.00000,0.0000,0x00,2,39,3,,5316,5316,0,0.69495,,,1.00000,0.15000,5.57133833e-05,0.00379256897,,,,0,,,,,,
52.400000,524,,,15.9250,,,0.1686,0.1686,1.00000,0.0000,0x00,2,39,3,,5316,5316,0,0.69494,,,1.00000,0.15000,5.57133833e-05,0.00379814031,,,,0,,,,,,
52.500000,525,,,15.9250,,,0.1686,0.1686,1.00000,0.0000,0x00,2,39,3,,5316,5316,0,0.69494,,,1.00000,0.15000,5.57133833e-05,0.00380371165,,,,0,,,,,,
52.600000,526,,,15.9250,,,0.1686,0.1686,1.00000,0.0000,0x00,2,39,3,,5316,5316,0,0.69494,,,1.00000,0.15000,5.57133833e-05,0.00380928299,,,,0,,,,,,
52.700000,527,,,15.9250,,,0.1686,0.1686,1.00000,0.0000,0x00,2,39,3,,5316,5316,0,0.69494,,,1.00000,0.15000,5.57133833e-05,0.00381485433,,,,0,,,,,,
52.800000,528,,,15.9250,,,0.1686,0.1686,1.00000,0.0000,0x00,2,39,3,,5316,5316,0,0.69494,,,1.00000,0.15000,5.57133833e-05,0.00382042567,,,,0,,,,,,
52.900000,529,,,15.9250,,,0.1686,0.1686,1.00000,0.0000,0x00,2,39,3,,5316,5316,0,0.69493,,,1.00000,0.15000,5.57133833e-05,0.003825997,,,,0,,,,,,
53.000000,530,,,15.9250,,,0.1686,0.1686,1.00000,0.0000,0x00,2,39,3,,5316,5316,0,0.69493,,,1.00000,0.15000,5.57133833e-05,0.00383156834,,,,0,,,,,,
53.100000,531,,,15.9250,,,0.1686,0.1686,1.00000,0.0000,0x00,2,39,3,,5316,5316,0,0.69493,,,1.00000,0.15000,5.57133833e-05,0.00383713968,,,,0,,,,,,
53.200000,532,,,15.9250,,,0.1686,0.1686,1.00000,0.0000,0x00,2,39,3,,5316,5316,0,0.69493,,,1.00000,0.15000,5.57133833e-05,0.00384271102,,,,0,,,,,,
53.300000,533,,,15.9250,,,0.1686,0.1686,1.00000,0.0000,0x00,2,39,3,,5316,5316,0,0.69492,,,1.00000,0.15000,5.57133833e-05,0.00384828236,,,,0,,,,,,
53.400000,534,,,15.9250,,,0.1686,0.1686,1.00000,0.0000,0x00,2,39,3,,5316,5316,0,0.69492,,,1.00000,0.15000,5.57133833e-05,0.0038538537,,,,0,,,,,,
53.500000,535,,,15.9250,,,0.1686,0.1686,1.00000,0.0000,0x00,2,39,3,,5316,5316,0,0.69492,,,1.00000,0.15000,5.57133833e-05,0.00385942503,,,,0,,,,,,
53.600000,536,,,15.9250,,,0.1686,0.1686,1.00000,0.0000,0x00,2,39,3,,5316,5316,0,0.69492,,,1.00000,0.15000,5.57133833e-05,0.00386499637,,,,0,,,,,,
53.700000,537,,,15.9250,,,0.1686,0.1686,1.00000,0.0000,0x00,2,39,3,,5316,5316,0,0.69492,,,1.00000,0.15000,5.57133833e-05,0.00387056771,,,,0,,,,,,
53.800000,538,,,15.9250,,,0.1686,0.1686,1.00000,0.0000,0x00,2,39,3,,5316,5316,0,0.69491,,,1.00000,0.15000,5.57133833e-05,0.00387613905,,,,0,,,,,,
53.900000,539,,,15.9250,,,0.1686,0.1686,1.00000,0.0000,0x00,2,39,3,,5316,5316,0,0.69491,,,1.00000,0.15000,5.57133833e-05,0.00388171039,,,,0,,,,,,
54.000000,540,,,15.9274,,,0.1524,0.1524,1.00000,0.0000,0x00,2,39,3,,5316,5316,0,0.69491,,,1.00000,0.15000,5.03770036e-05,0.00388674809,,,,0,,,,,,
54.100000,541,,,15.9301,,,0.1342,0.1342,0.97500,0.0000,0x00,2,39,3,,5316,5316,0,0.69491,,,0.97500,0.15000,4.43759689e-05,0.00389118568,,,,0,,,,,,
54.200000,542,,,15.9304,,,0.1323,0.1323,0.95000,0.0000,0x00,2,39,3,,5316,5316,0,0.69490,,,0.95000,0.15000,4.37194568e-05,0.00389555763,,,,0,,,,,,
54.300000,543,,,15.9307,,,0.1303,0.1303,0.92500,0.0000,0x00,2,39,3,,5316,5316,0,0.69490,,,0.92500,0.15000,4.30710864e-05,0.00389986474,,,,0,,,,,,
54.400000,544,,,15.9310,,,0.1284,0.1284,0.90000,0.0000,0x00,2,39,3,,5316,5316,0,0.69490,,,0.90000,0.15000,4.24308578e-05,0.00390410782,,,,0,,,,,,
54.500000,545,,,15.9313,,,0.1264,0.1264,0.87500,0.0000,0x00,2,39,3,,5316,5316,0,0.69490,,,0.87500,0.15000,4.1798771e-05,0.0039082877,,,,0,,,,,,
54.600000,546,,,15.9316,,,0.1246,0.1246,0.85000,0.0000,0x00,2,39,3,,5316,5316,0,0.69490,,,0.85000,0.15000,4.1174826e-05,0.00391240518,,,,0,,,,,,
54.700000,547,,,15.9318,,,0.1227,0.1227,0.82500,0.0000,0x00,2,39,3,,5316,5316,0,0.69490,,,0.82500,0.15000,4.05590227e-05,0.00391646109,,,,0,,,,,,
54.800000,548,,,15.9321,,,0.1208,0.1208,0.80000,0.0000,0x00,2,39,3,,5316,5316,0,0.69489,,,0.80000,0.15000,3.99513612e-05,0.00392045622,,,,0,,,,,,
54.900000,549,,,15.9324,,,0.1190,0.1190,0.77500,0.0000,0x00,2,39,3,,5316,5316,0,0.69489,,,0.77500,0.15000,3.93518415e-05,0.00392439141,,,,0,,,,,,
55.000000,550,,,15.9326,,,0.1172,0.1172,0.75000,0.0000,0x00,2,39,3,,5316,5316,0,0.69489,,,0.75000,0.15000,3.87604636e-05,0.00392826745,,,,0,,,,,,
55.100000,551,,,15.9329,,,0.1155,0.1155,0.72500,0.0000,0x00,2,39,3,,5316,5316,0,0.69489,,,0.72500,0.15000,3.81772275e-05,0.00393208518,,,,0,,,,,,
55.200000,552,,,15.9332,,,0.1137,0.1137,0.70000,0.0000,0x00,2,39,3,,5316,5316,0,0.69489,,,0.70000,0.15000,3.76021331e-05,0.00393584539,,,,0,,,,,,
55.300000,553,,,15.9334,,,0.1120,0.1120,0.67500,0.0000,0x00,2,39,3,,5316,5316,0,0.69489,,,0.67500,0.15000,3.70351805e-05,0.00393954891,,,,0,,,,,,
55.400000,554,,,15.9337,,,0.1103,0.1103,0.65000,0.0000,0x00,2,39,3,,5316,5316,0,0.69489,,,0.65000,0.15000,3.64763698e-05,0.00394319654,,,,0,,,,,,
55.500000,555,,,15.9339,,,0.1087,0.1087,0.62500,0.0000,0x00,2,39,3,,5316,5316,0,0.69488,,,0.62500,0.15000,3.59257008e-05,0.00394678911,,,,0,,,,,,
55.600000,556,,,15.9342,,,0.1070,0.1070,0.60000,0.0000,0x00,2,39,3,,5316,5316,0,0.69488,,,0.60000,0.15000,3.53831735e-05,0.00395032743,,,,0,,,,,,
55.700000,557,,,15.9344,,,0.1054,0.1054,0.57500,0.0000,0x00,2,39,3,,5316,5316,0,0.69488,,,0.57500,0.15000,3.48487881e-05,0.00395381231,,,,0,,,,,,
55.800000,558,,,15.9346,,,0.1038,0.1038,0.55000,0.0000,0x00,2,39,3,,5316,5316,0,0.69488,,,0.55000,0.15000,3.43225445e-05,0.00395724456,,,,0,,,,,,
55.900000,559,,,15.9349,,,0.1022,0.1022,0.52500,0.0000,0x00,2,39,3,,5316,5316,0,0.69488,,,0.52500,0.15000,3.38044426e-05,0.00396062501,,,,0,,,,,,
56.000000,560,,,15.9351,,,0.1007,0.1007,0.50000,0.0000,0x00,2,39,3,,5316,5316,0,0.69488,,,0.50000,0.15000,3.32944825e-05,0.00396395446,,,,0,,,,,,
56.100000,561,,,15.9353,,,0.0992,0.0992,0.47500,0.0000,0x00,2,39,3,,5316,5316,0,0.69488,,,0.47500,0.15000,3.27926642e-05,0.00396723372,,,,0,,,,,,
56.200000,562,,,15.9355,,,0.0977,0.0977,0.45000,0.0000,0x00,2,39,3,,5316,5316,0,0.69487,,,0.45000,0.15000,3.22989877e-05,0.00397046362,,,,0,,,,,,
56.300000,563,,,15.9358,,,0.0962,0.0962,0.42500,0.0000,0x00,2,39,3,,5316,5316,0,0.69487,,,0.42500,0.15000,3.1813453e-05,0.00397364497,,,,0,,,,,,
56.400000,564,,,15.9360,,,0.0948,0.0948,0.40000,0.0000,0x00,2,39,3,,5316,5316,0,0.69487,,,0.40000,0.15000,3.13360601e-05,0.00397677857,,,,0,,,,,,
56.500000,565,,,15.9362,,,0.0933,0.0933,0.37500,0.0000,0x00,2,39,3,,5316,5316,0,0.69487,,,0.37500,0.15000,3.08668089e-05,0.00397986525,,,,0,,,,,,
56.600000,566,,,15.9364,,,0.0919,0.0919,0.35000,0.0000,0x00,2,39,3,,5316,5316,0,0.69487,,,0.35000,0.15000,3.04056996e-05,0.00398290582,,,,0,,,,,,
56.700000,567,,,15.9366,,,0.0906,0.0906,0.32500,0.0000,0x00,2,39,3,,5316,5316,0,0.69487,,,0.32500,0.15000,2.9952732e-05,0.0039859011,,,,0,,,,,,
56.800000,568,,,15.9368,,,0.0892,0.0892,0.30000,0.0000,0x00,2,39,3,,5316,5316,0,0.69487,,,0.30000,0.15000,2.95079063e-05,0.00398885189,,,,0,,,,,,
56.900000,569,,,15.9370,,,0.0879,0.0879,0.27500,0.0000,0x00,2,39,3,,5316,5316,0,0.69487,,,0.27500,0.15000,2.90712223e-05,0.00399175901,,,,0,,,,,,
57.000000,570,,,15.9372,,,0.0866,0.0866,0.25000,0.0000,0x00,2,39,3,,5316,5316,0,0.69486,,,0.25000,0.15000,2.86426801e-05,0.00399462328,,,,0,,,,,,
57.100000,571,,,15.9374,,,0.0853,0.0853,0.22500,0.0000,0x00,2,39,3,,5316,5316,0,0.69486,,,0.22500,0.15000,2.82222797e-05,0.00399744551,,,,0,,,,,,
57.200000,572,,,15.9376,,,0.0841,0.0841,0.20000,0.0000,0x00,2,39,3,,5316,5316,0,0.69486,,,0.20000,0.15000,2.78100211e-05,0.00400022651,,,,0,,,,,,
57.300000,573,,,15.9377,,,0.0829,0.0829,0.17500,0.0000,0x00,2,39,3,,5316,5316,0,0.69486,,,0.17500,0.15000,2.74059043e-05,0.0040029671,,,,0,,,,,,
57.400000,574,,,15.9379,,,0.0817,0.0817,0.15000,0.0000,0x00,2,39,3,,5316,5316,0,0.69486,,,0.15000,0.15000,2.70099293e-05,0.00400566809,,,,0,,,,,,
57.500000,575,,,15.9381,,,0.0805,0.0805,0.12500,0.0000,0x00,2,39,3,,5316,5316,0,0.69486,,,0.12500,0.15000,2.6622096e-05,0.0040083303,,,,0,,,,,,
57.600000,576,,,15.9383,,,0.0793,0.0793,0.10000,0.0000,0x00,2,39,3,,5316,5316,0,0.69486,,,0.10000,0.15000,2.62424046e-05,0.00401095454,,,,0,,,,,,
57.700000,577,,,15.9384,,,0.0782,0.0782,0.07500,0.0000,0x00,2,39,3,,5316,5316,0,0.69486,,,0.07500,0.15000,2.5870855e-05,0.00401354163,,,,0,,,,,,
57.800000,578,,,15.9386,,,0.0771,0.0771,0.05000,0.0000,0x00,2,39,3,,5316,5316,0,0.69486,,,0.05000,0.15000,2.55074471e-05,0.00401609237,,,,0,,,,,,
57.900000,579,,,15.9387,,,0.0761,0.0761,0.02500,0.0000,0x00,2,39,3,,5316,5316,0,0.69485,,,0.02500,0.15000,2.51521811e-05,0.00401860759,,,,0,,,,,,
58.000000,580,,,15.9389,,,0.0750,0.0750,0.00000,0.0000,0x00,2,39,3,,5316,5316,0,0.69485,,,0.00000,0.15000,2.48050568e-05,0.0040210881,,,,0,,,,,,
58.100000,581,,,15.9389,,,0.0750,0.0750,0.00000,0.0000,0x00,2,39,3,,5316,5316,0,0.69485,,,0.00000,0.15000,2.48050568e-05,0.0040235686,,,,0,,,,,,
58.200000,582,,,15.9389,,,0.0750,0.0750,0.00000,0.0000,0x00,2,39,3,,5316,5316,0,0.69485,,,0.00000,0.15000,2.48050568e-05,0.00402604911,,,,0,,,,,,
58.300000,583,,,15.9389,,,0.0750,0.0750,0.00000,0.0000,0x00,2,39,3,,5316,5316,0,0.69485,,,0.00000,0.15000,2.48050568e-05,0.00402852961,,,,0,,,,,,
58.400000,584,,,15.9389,,,0.0750,0.0750,0.00000,0.0000,0x00,2,39,3,,5316,5316,0,0.69485,,,0.00000,0.15000,2.48050568e-05,0.00403101012,,,,0,,,,,,
58.500000,585,,,15.9389,,,0.0750,0.0750,0.00000,0.0000,0x00,2,39,3,,5316,5316,0,0.69485,,,0.00000,0.15000,2.48050568e-05,0.00403349062,,,,0,,,,,,
58.600000,586,,,15.9389,,,0.0750,0.0750,0.00000,0.0000,0x00,2,39,3,,5316,5316,0,0.69485,,,0.00000,0.15000,2.48050568e-05,0.00403597113,,,,0,,,,,,
58.700000,587,,,15.9389,,,0.0750,0.0750,0.00000,0.0000,0x00,2,39,3,,5316,5316,0,0.69485,,,0.00000,0.15000,2.48050568e-05,0.00403845164,,,,0,,,,,,
58.800000,588,,,15.9389,,,0.0750,0.0750,0.00000,0.0000,0x00,2,39,3,,5316,5316,0,0.69485,,,0.00000,0.15000,2.48050568e-05,0.00404093214,,,,0,,,,,,
58.900000,589,,,15.9389,,,0.0750,0.0750,0.00000,0.0000,0x00,2,39,3,,5316,5316,0,0.69484,,,0.00000,0.15000,2.48050568e-05,0.00404341265,,,,0,,,,,,
59.000000,590,,,15.9389,,,0.0750,0.0750,0.00000,0.0000,0x00,2,39,3,,5316,5316,0,0.69484,,,0.00000,0.15000,2.48050568e-05,0.00404589315,,,,0,,,,,,
59.100000,591,,,15.9389,,,0.0750,0.0750,0.00000,0.0000,0x00,2,39,3,,5316,5316,0,0.69484,,,0.00000,0.15000,2.48050568e-05,0.00404837366,,,,0,,,,,,
59.200000,592,,,15.9389,,,0.0750,0.0750,0.00000,0.0000,0x00,2,39,3,,5316,5316,0,0.69484,,,0.00000,0.15000,2.48050568e-05,0.00405085416,,,,0,,,,,,
59.300000,593,,,15.9389,,,0.0750,0.0750,0.00000,0.0000,0x00,2,39,3,,5316,5316,0,0.69484,,,0.00000,0.15000,2.48050568e-05,0.00405333467,,,,0,,,,,,
59.400000,594,,,15.9389,,,0.0750,0.0750,0.00000,0.0000,0x00,2,39,3,,5316,5316,0,0.69484,,,0.00000,0.15000,2.48050568e-05,0.00405581518,,,,0,,,,,,
59.500000,595,,,15.9389,,,0.0750,0.0750,0.00000,0.0000,0x00,2,39,3,,5316,5316,0,0.69484,,,0.00000,0.15000,2.48050568e-05,0.00405829568,,,,0,,,,,,
59.600000,596,,,15.9389,,,0.0750,0.0750,0.00000,0.0000,0x00,2,39,3,,5316,5316,0,0.69484,,,0.00000,0.15000,2.48050568e-05,0.00406077619,,,,0,,,,,,
59.700000,597,,,15.9389,,,0.0750,0.0750,0.00000,0.0000,0x00,2,39,3,,5316,5316,0,0.69484,,,0.00000,0.15000,2.48050568e-05,0.00406325669,,,,0,,,,,,
59.800000,598,,,15.9389,,,0.0750,0.0750,0.00000,0.0000,0x00,2,39,3,,5316,5316,0,0.69484,,,0.00000,0.15000,2.48050568e-05,0.0040657372,,,,0,,,,,,
59.900000,599,,,15.9389,,,0.0750,0.0750,0.00000,0.0000,0x00,2,39,3,,5316,5316,0,0.69483,,,0.00000,0.15000,2.48050568e-05,0.0040682177,,,,0,,,,,,
60.000000,600,,,15.9389,,,0.0750,0.0750,0.00000,0.0000,0x00,2,39,3,,5316,5316,0,0.69483,,,0.00000,0.15000,2.48050568e-05,0.00407069821,,,,0,,,,,,
60.100000,601,,,15.9389,,,0.0750,0.0750,0.00000,0.0000,0x00,2,39,3,,5316,5316,0,0.69483,,,0.00000,0.15000,2.48050568e-05,0.00407317872,,,,0,,,,,,
60.200000,602,,,15.9389,,,0.0750,0.0750,0.00000,0.0000,0x00,2,39,3,,5316,5316,0,0.69483,,,0.00000,0.15000,2.48050568e-05,0.00407565922,,,,0,,,,,,
60.300000,603,,,15.9389,,,0.0750,0.0750,0.00000,0.0000,0x00,2,39,3,,5316,5316,0,0.69483,,,0.00000,0.15000,2.48050568e-05,0.00407813973,,,,0,,,,,,
60.400000,604,,,15.9389,,,0.0750,0.0750,0.00000,0.0000,0x00,2,39,3,,5316,5316,0,0.69483,,,0.00000,0.15000,2.48050568e-05,0.00408062023,,,,0,,,,,,
60.500000,605,,,15.9389,,,0.0750,0.0750,0.00000,0.0000,0x00,2,39,3,,5316,5316,0,0.69483,,,0.00000,0.15000,2.48050568e-05,0.00408310074,,,,0,,,,,,
60.600000,606,,,15.9389,,,0.0750,0.0750,0.00000,0.0000,0x00,2,39,3,,5316,5316,0,0.69483,,,0.00000,0.15000,2.48050568e-05,0.00408558124,,,,0,,,,,,
60.700000,607,,,15.9389,,,0.0750,0.0750,0.00000,0.0000,0x00,2,39,3,,5316,5316,0,0.69483,,,0.00000,0.15000,2.48050568e-05,0.00408806175,,,,0,,,,,,
60.800000,608,,,15.9389,,,0.0750,0.0750,0.00000,0.0000,0x00,2,39,3,,5316,5316,0,0.69483,,,0.00000,0.15000,2.48050568e-05,0.00409054226,,,,0,,,,,,
60.900000,609,,,15.9389,,,0.0750,0.0750,0.00000,0.0000,0x00,2,39,3,,5316,5316,0,0.69482,,,0.00000,0.15000,2.48050568e-05,0.00409302276,,,,0,,,,,,
