log,fw,t0,t1,mode,share_sp,r_cmd,alpha,I_tot,I_fc,I_batt,V_bus,gFC,gBT,n_samples
PS0003,,0.497613,0.994333,legacy,0.5,0.47617446486266474,0.49998114749794403,1.0291749889014083,0.5148239559671361,0.5143510329342723,15.860555762676057,0.3128890568591549,0.2844249197605634,426
PS0003,,0.995506,1.492221,legacy,0.5,0.4749571028163888,0.5000214474820642,1.0397117129530515,0.5200639426056337,0.5196477703474178,15.86049175680751,0.31369038130751176,0.28376489885211265,426
PS0003,,1.493394,1.989914,legacy,0.5,0.47465259395747406,0.5000109269216731,1.0481297419483568,0.5243013324530517,0.5238284094953052,15.859478177934273,0.3138936097042253,0.28360187209859156,426
PS0003,,1.991087,2.487803,legacy,0.5,0.4749009568932295,0.4999860502597603,1.0508537783239438,0.525549849129108,0.5253039291948357,15.859030083333332,0.31372797995070417,0.28373492782159626,426
TP0004,,6.471333,6.96807,legacy,0.5,0.48135093161323794,0.4998955776557239,1.6504822829859154,0.8251181815938967,0.8253641013920188,15.813067429812207,0.30951895603286383,0.287259723241784,426
TP0004,,6.969244,7.4659,legacy,0.5,0.48180499240520663,0.49992284702991513,1.8122976098122066,0.9061960974413146,0.906101512370892,15.802280963849766,0.3092279564460094,0.28751201494366196,426
TP0004,,7.467078,7.963451,legacy,0.5,0.4822564084410162,0.5000515130875774,1.9058228572981222,0.953166807213615,0.9526560500845072,15.795346023943662,0.30893806021126763,0.28776233464319245,426
TP0004,,7.964625,8.461365,legacy,0.5,0.4812547555842203,0.4999988781152832,1.9791637505657276,0.9897710443427231,0.9893927062230048,15.789360634507045,0.30958340293427233,0.28720854817840374,426
TP0004,,8.462538,8.959203,legacy,0.5,0.48164240252999485,0.4999895033687132,2.03718194371831,1.0188652651830987,1.0183166785352111,15.78550908169014,0.3093326974741784,0.28742210867370893,426
TP0004,,8.960373,9.456847,legacy,0.5,0.4823720700523884,0.5000042505815425,1.9924245116384975,0.9964108829882629,0.9960136286502348,15.789808743896714,0.3088638095492957,0.28782649931220655,426
TP0005,,6.471325,6.967771,legacy,0.5,0.48189698976355805,0.49997093103169865,1.8240450166995303,0.9120603425727701,0.9119846741267605,15.80029648568075,0.3091698628661972,0.28756381921830987,426
TP0005,,6.968941,7.465604,legacy,0.5,0.4823088689244665,0.4999835687332179,1.944470125206573,0.9724242328990612,0.9720458923075117,15.793959041314556,0.30890619440610334,0.2877929042887324,426
TP0005,,7.466783,7.963157,legacy,0.5,0.48312275615505845,0.5000044974326052,2.023788764408451,1.01218759263615,1.0116011717723004,15.786757374647888,0.30838571061502346,0.2882460352887324,426
TP0005,,7.96433,8.461066,legacy,0.5,0.48215878354406394,0.4998907726104437,2.089052136838028,1.0445544417582158,1.0444976950798122,15.781486813380281,0.3090009840539906,0.2877083716032864,426
TP0005,,8.46224,8.958898,legacy,0.5,0.48279363477171705,0.5000701523563503,2.108782486741784,1.0549587503122067,1.0538237364295775,15.780622595774648,0.3085944519741784,0.2880613829201878,426
TP0005,,8.960071,9.456832,legacy,0.5,0.48236296266632267,0.49992310891417324,2.004115168584507,1.0021427120070423,1.0019724565774648,15.789093892723006,0.3088698270962441,0.2878215836971831,426
TP0007,,6.459022,6.963753,legacy,0.5,0.47759040608289405,0.4999750963028083,1.1357027445336427,0.5678607209953596,0.5678420235382831,15.844831110208817,0.3119568817842227,0.2851924135777262,431
TP0007,,6.964923,7.469661,legacy,0.5,0.47876883793927916,0.4999972937067779,1.1924495519675173,0.5962808683712297,0.5961686835962876,15.841625284918795,0.3111898091438515,0.2858378185730858,431
TP0007,,7.470821,7.975559,legacy,0.5,0.4791063288684227,0.4999347589578775,1.2367064525568445,0.6184186674013921,0.6182877851554524,15.83763913410673,0.31096969830162413,0.2860223442923434,431
TP0007,,7.976723,8.481456,legacy,0.5,0.47918000850542664,0.49998020979783775,1.2714463432575407,0.6359194950185615,0.6355268482389791,15.835044986078888,0.31092058442227377,0.2860617888027842,431
TP0007,,8.482616,8.987354,legacy,0.5,0.47943218692875167,0.5000468412316391,1.3260803370974479,0.6634234665939674,0.6626568705034802,15.830521050812065,0.31075772699071924,0.28620090531554526,431
TP0007,,8.988722,9.493478,legacy,0.5,0.47946184234208755,0.5000390093661866,1.2877692305081205,0.6442398670974477,0.6435293634106728,15.833853375406033,0.3107393111229698,0.2862178444037123,431
TP0008,,6.454689,6.959367,legacy,0.699999988,0.6730135624208051,0.7000346939426282,1.322939161788863,0.9258423921067285,0.39709676968213453,15.834696994431555,0.22137167605336427,0.45564094468677496,431
TP0008,,6.96053,7.46521,legacy,0.699999988,0.6724701186328605,0.7000671946903684,1.384285543962877,0.9688465607587007,0.4154389832041763,15.830278524593972,0.22155108831090486,0.4548893458979118,431
TP0008,,7.46637,7.971044,legacy,0.699999988,0.6717301863323912,0.699934035531994,1.4260182870812064,0.9978276324547564,0.4281906546264502,15.827705430394435,0.22179540213457075,0.45386613693503475,431
TP0008,,7.972207,8.476874,legacy,0.699999988,0.6716247204429637,0.6999481003643092,1.4630953621415312,1.0238171105522043,0.43927825158932715,15.824636744315546,0.22182996728306265,0.4537181734686775,431
TP0008,,8.478034,8.982709,legacy,0.699999988,0.6721286650510424,0.7000696069127935,1.5034444906055686,1.0521250712969838,0.45131941930858466,15.822148028306266,0.22166660302784222,0.4544411723410673,431
TP0010,,7.940001,8.444531,legacy,0.300000012,0.31588600153814433,0.2999706975198644,1.6695153805452436,0.501335139199536,1.1681802413457076,15.798115151044085,0.47166360000000007,0.2177807019187935,431
TP0010,,8.445691,8.950338,legacy,0.300000012,0.31642888224393445,0.3000053873318404,1.721886981201856,0.5172092873271462,1.20467769387471,15.795679192807425,0.47085268667981434,0.2179535003967517,431
TP0010,,8.951501,9.456191,legacy,0.300000012,0.31718372491422825,0.2999718157572055,1.6803599144941994,0.5045884981902552,1.175771416303944,15.799159149883993,0.4697300280649652,0.2181942480649652,431
TP0017,3,7.452156,7.956832,legacy,0.180000007,0.18422130147326765,0.18000310075729412,1.697168931099768,0.3063392728167053,1.3908296582830624,15.800846395823665,0.8089007852923434,0.18263169328306267,431
TP0017,3,8.46403,8.968715,legacy,0.180000007,0.184278419082462,0.17994317066224685,1.795461504410673,0.32398968009512763,1.4714718243155451,15.794962090719258,0.808644424600928,0.18264441371925755,431
TP0017,3,8.969879,9.474597,legacy,0.180000007,0.18395765448907558,0.17985137991667782,1.7404535695475638,0.3139678386658933,1.4264857308816705,15.798684592807426,0.810074540661253,0.18257284267749418,431
TP0018,3,7.488795,7.993447,legacy,0.200000003,0.20328868138585068,0.19985619178347497,1.7676396786705337,0.35422348159396744,1.4134161970765662,15.796575516473318,0.7330180769002319,0.18700290565661254,431
TP0018,3,7.99461,8.499264,legacy,0.200000003,0.20373751623942116,0.20011385312951077,1.817431030299304,0.3648249444524362,1.4526060858468677,15.794097340371229,0.7314204237517401,0.187108592712297,431
TP0019,3,6.974576,7.479194,legacy,0.224999994,0.22606344044714566,0.2250490543743529,1.7370132277703016,0.39212324389559167,1.34488998387471,15.79990786287703,0.6591349935498839,0.19250573659628772,431
TP0019,3,8.491903,8.996519,legacy,0.224999994,0.22828562714254352,0.22497593643119917,1.8795440052180972,0.4240772122482599,1.4554667929698377,15.79085991763341,0.6526986021716937,0.193059597162413,431
TP0019,3,8.997682,9.502349,legacy,0.224999994,0.22751410670134595,0.22509526495772494,1.8070726353387472,0.40794129963109044,1.3991313357076567,15.796575516473318,0.654938516238979,0.19286743403016243,431
TP0020,3,6.467245,6.972058,legacy,0.25,0.24785722378651392,0.2500524810049232,1.668917062837587,0.41829969541299306,1.250617367424594,15.804189260324826,0.6011657370719258,0.198083904450116,431
TP0020,3,7.478994,7.983613,legacy,0.25,0.2496498096594243,0.2500632256124975,1.8258822863897912,0.45754567527610207,1.3683366111136892,15.793907552436194,0.5968365965638052,0.1985567190139211,431
TP0020,3,7.984776,8.489384,legacy,0.25,0.25031312786717314,0.2500743424117668,1.8663809943410672,0.4678666761508121,1.398514318190255,15.790796656148492,0.5952414424849188,0.1987319009814385,431
TP0020,3,8.490545,8.995155,legacy,0.25,0.25118245817933327,0.24989379505263573,1.9061131058422274,0.4775145683016241,1.4285985375406032,15.78823413039443,0.5931709339698376,0.19896224908816704,431
TP0020,3,8.996318,9.50097,legacy,0.25,0.2498608081568815,0.2500665534951598,1.8349692497006962,0.45999504325058005,1.3749742064501163,15.794424247795824,0.5963308494663573,0.19861249998839908,431
TP0021,3,6.47125,6.975852,legacy,0.300000012,0.29321499798694955,0.3001221453554326,1.6927002359999999,0.5085710582969838,1.1841291777030163,15.802385993735502,0.5081270594361949,0.21079437708816703,431
TP0021,3,6.977015,7.481624,legacy,0.300000012,0.2947255149921242,0.2998611755316306,1.7771005931624126,0.5335134770835268,1.2435871160788863,15.796259167517402,0.5055265757633411,0.21124614305568448,431
TP0021,3,7.482784,7.987389,legacy,0.300000012,0.29487822129514085,0.29997299609323536,1.8451967678677497,0.5541741763596288,1.2910225915081206,15.79195665986079,0.5052589739744779,0.21129146944315544,431
TP0021,3,7.988552,8.493156,legacy,0.300000012,0.2960142161365365,0.30002738560700465,1.891884336610209,0.5685338297656612,1.3233505068445475,15.788814115545245,0.503326449150812,0.2116329091647332,431
TP0021,3,8.494316,8.998921,legacy,0.300000012,0.29646962868589466,0.30008060379830964,1.9312612002041762,0.5803693253549884,1.3508918748491878,15.786314877262182,0.502548960136891,0.21176959078422272,431
TP0021,3,9.000084,9.504736,legacy,0.300000012,0.2977287585547792,0.3000001761195126,1.8582475962691416,0.5584185009791183,1.2998290952900236,15.792167539675173,0.500435353712297,0.21215017767749422,431
TP0022,3,6.454596,6.959203,legacy,0.349999994,0.3402039165975162,0.35001856560938727,1.6769382709651972,0.58751175712529,1.089426513839907,15.804357993735499,0.43794292799999995,0.2258070775034803,431
TP0022,3,6.960366,7.464978,legacy,0.349999994,0.34218779196476135,0.3499822411425701,1.7708930402111365,0.6204753886055685,1.1504176516055682,15.79730315823666,0.43540609221345705,0.22648842390023205,431
TP0022,3,7.466138,7.970755,legacy,0.349999994,0.34235712060988227,0.34989485323561287,1.839213578733179,0.6441650772366588,1.1950485014965198,15.79265264547564,0.4351878857610209,0.22654634055916475,431
TP0022,3,7.971918,8.476518,legacy,0.349999994,0.3429848170994111,0.35006291471899326,1.89040724124826,0.6622455262598608,1.2281617149883992,15.788909054292343,0.43439093691415315,0.2267627123735499,431
TP0022,3,8.477678,8.982278,legacy,0.349999994,0.34348196120824986,0.3499308684568504,1.9291296891183294,0.6755768190719257,1.2535528700464038,15.786167222737818,0.4337647223921114,0.22693479484454757,431
TP0022,3,8.983441,9.488093,legacy,0.349999994,0.3436274562302356,0.35010185605374333,1.8633894002180973,0.6531211631438515,1.210268237074246,15.791355562412992,0.4335806326983758,0.22698503484222737,431
TP0023,3,5.962643,6.467243,legacy,0.400000006,0.3861974229840181,0.3998266122311648,1.570381418227378,0.6283657189930395,0.9420156992343387,15.814650264037123,0.3858005473016241,0.24273154473781902,431
TP0023,3,6.46841,6.973212,legacy,0.400000006,0.3870174130518059,0.3999976487747746,1.706012832401392,0.682999712825986,1.023013119575406,15.803767456612528,0.38496736225754064,0.24305240699535965,431
TP0023,3,6.974375,7.478981,legacy,0.400000006,0.3877470759242626,0.4001014254804283,1.798696171990719,0.7200019968027842,1.078694175187935,15.796396264501158,0.3842427621925754,0.24334203766589324,431
TP0023,3,7.480141,7.984752,legacy,0.400000006,0.38906255091816266,0.39988887550643,1.8644177603573084,0.7458044990510441,1.1186132613062645,15.791302847563806,0.38294055391183296,0.24386524226682132,431
TP0023,3,7.985915,8.490521,legacy,0.400000006,0.3902477021620361,0.39999043828100583,1.917948603914153,0.7673813740951276,1.1505672298190255,15.787917776798144,0.38178250372389794,0.2443405377099768,431
TP0023,3,8.491681,8.996286,legacy,0.400000006,0.3897441122751324,0.3999961178847385,1.960447939422274,0.7843773701415313,1.1760705692807425,15.785386907424595,0.38227876592807425,0.24413966387470998,431
TP0023,3,8.99745,9.502103,legacy,0.400000006,0.38912364790621207,0.4000239606748798,1.888387912308585,0.7556580632877031,1.1327298490208817,15.791134100696055,0.38289494072389796,0.24389338846171693,431
TP0024,3,5.960984,6.465569,legacy,0.449999988,0.43407855464064204,0.44988799367329385,1.5839744769350348,0.7128034726542923,0.8711710042807426,15.81222483689095,0.34323449032714615,0.26326718779814384,431
TP0024,3,6.466729,6.971321,legacy,0.449999988,0.43561054512195563,0.44996472274341043,1.726823110199536,0.7769918713085848,0.9498312388909513,15.801922017401392,0.34202069374477956,0.26397880524825984,431
TP0024,3,6.972485,7.477284,legacy,0.449999988,0.43583127522291065,0.4500649215769684,1.8177301881345709,0.8181823875150813,0.9995478006194896,15.794824989327148,0.3418463863990719,0.2640815921484919,431
TP0024,3,7.478444,7.983037,legacy,0.449999988,0.4360157479335313,0.44999352554388833,1.880534974983759,0.8463781650394431,1.0341568099443155,15.790670126218098,0.34170198445939676,0.2641680822111369,431
TP0024,3,7.984201,8.488797,legacy,0.449999988,0.4365059081988772,0.44995470695405665,1.9284752793596287,0.8678989471484919,1.060576332211137,15.787749067053364,0.34131978254292344,0.2643985885220418,431
TP0024,3,8.489956,8.994551,legacy,0.449999988,0.4367124917516305,0.44997883469592415,1.9601300834292346,0.8822212064663573,1.077908876962877,15.782486905800464,0.34115923483526683,0.2644959789164733,431
TP0024,3,8.995715,9.500358,legacy,0.449999988,0.4357320422784262,0.4500607717268636,1.8891732002459398,0.8504916070464038,1.038681593199536,15.792504996287702,0.341933310863109,0.2640393354825986,431
TP0025,3,5.965064,6.469667,legacy,0.5,0.4806097953841703,0.4997124541105156,1.6087486186774942,0.803860129048724,0.8048884896287702,15.811708095127612,0.3099989581322506,0.28685191979814384,431
TP0025,3,6.470828,6.975417,legacy,0.5,0.48239973477518266,0.500000795182148,1.7490543986473317,0.8745365480487239,0.8745178505986079,15.801711106496521,0.30884523456380514,0.28784117370069606,431
TP0025,3,6.97658,7.481185,legacy,0.5,0.48313096715517573,0.4999939092824602,1.8390079032296984,0.9195787418909512,0.9194291613387471,15.794550819721579,0.30837825473085845,0.288248803800464,431
TP0025,3,7.482345,7.986942,legacy,0.5,0.4829041592769802,0.4999429551304231,1.9015883191252902,0.9507661132529002,0.95082220587239,15.79051193526682,0.3085246147169373,0.2881236013364269,431
TP0025,3,7.988105,8.492697,legacy,0.5,0.48277683880334626,0.5000335905780896,1.9471353444918795,0.9737826943155453,0.9733526501763341,15.786958171925756,0.3086086715614849,0.28805490976798137,431
TP0026,3,5.948762,6.453374,legacy,0.550000012,0.5252640218094632,0.5500057100030453,1.3222286591902552,0.7272379159211136,0.5949907432691416,15.833283905104409,0.2836424538074246,0.3138324785058005,431
TP0026,3,6.454534,6.959138,legacy,0.550000012,0.5265985947976942,0.5499120907915992,1.436058828436195,0.7895378705846867,0.6465209578515081,15.824362553828307,0.28292570140835266,0.3147201363294664,431
TP0026,3,7.46607,7.970688,legacy,0.550000012,0.5271251777590009,0.549957521082411,1.5754671301484917,0.8665527303155452,0.7089143998329466,15.814934983526681,0.28264215437819024,0.3150693573526683,431
TP0026,3,7.971851,8.476459,legacy,0.550000012,0.5269872539740406,0.5499161656747956,1.6082437868306265,0.8844835994733179,0.7237601873573085,15.812467388167052,0.2827145499883991,0.31497530815313224,431
TP0026,3,8.477619,8.982232,legacy,0.550000012,0.5271086441471772,0.5500700317082136,1.6441055256751738,0.9044524927587008,0.7396530329164733,15.80994700162413,0.28264825600696053,0.31505451767981435,431
TP0026,3,8.983395,9.488059,legacy,0.550000012,0.5262772890920782,0.5499300995466437,1.5911169085777264,0.8750226820464037,0.7160942265313225,15.813753901856149,0.2830952646635731,0.31450230348723895,431
TP0027,3,6.458917,6.96352,legacy,0.600000024,0.5760860704236598,0.5999599183058817,1.6161715126287703,0.9696131598143852,0.6465583528143852,15.81256225359629,0.2586195701925754,0.35145944043851507,431
TP0027,3,6.964683,7.469293,legacy,0.600000024,0.5749368783986198,0.6000157404029931,1.7130617756867752,1.0279679467401392,0.6850938289466357,15.805939791415314,0.25913553221809743,0.35050681330162414,431
TP0027,3,7.470453,7.975056,legacy,0.600000024,0.5752191312793875,0.5999491774978138,1.7765583665684452,1.0658864049907193,0.7106719615777262,15.801837652668212,0.25900785945939675,0.3507384296078887,431
TP0027,3,7.976219,8.480823,legacy,0.600000024,0.5762325507099608,0.5999779616197204,1.825265268777262,1.0951292457447797,0.7301360230324826,15.797883132714617,0.2585525758607889,0.3515778144408353,431
TP0027,3,8.481983,8.986593,legacy,0.600000024,0.5759496128917393,0.600013697319097,1.8702700651554522,1.122090988025522,0.7481790771299306,15.79529954013921,0.2586797037888631,0.3513434991136892,431
TP0027,3,8.987757,9.492641,legacy,0.600000024,0.5754964221209489,0.6000862224776461,1.8090171704106726,1.0855374450301625,0.7234797253805104,15.800076562412993,0.25888328112529,0.350968076900232,431
TP0028,3,6.46828,6.973102,legacy,0.649999976,0.6242530162730635,0.6500454103820656,1.66532714787471,1.082284084974478,0.583043062900232,15.810157930394432,0.23866349444779586,0.3965118037726218,431
TP0028,3,6.974265,7.478886,legacy,0.649999976,0.6238254544311447,0.650005112211267,1.760572037201856,1.1441913935034804,0.6163806436983759,15.803271800232018,0.23882704997911833,0.3960609787308585,431
TP0028,3,7.480046,7.984664,legacy,0.649999976,0.6233205995326808,0.6500325458364582,1.8289860616194893,1.1886539647795824,0.6403320968399072,15.798442060556845,0.23902058112064967,0.39553051253596294,431
TP0028,3,7.985827,8.490444,legacy,0.649999976,0.6235521596208211,0.6499892545983372,1.8768702699651971,1.2198413365429233,0.6570289334222738,15.795594800928075,0.2389312615359629,0.39577131619489564,431
TP0028,3,8.491604,8.996223,legacy,0.649999976,0.622870052071997,0.6500449017834781,1.913423817327146,1.2437553973085846,0.6696684200185615,15.792230847563804,0.23919283559164736,0.39505511474941996,431
TP0028,3,8.997387,9.502053,legacy,0.649999976,0.6227950233422276,0.6499566490544892,1.8417190352389792,1.1967873619303944,0.6449316733085846,15.798136238979117,0.23922197049187935,0.3949779845150812,431
TP0029,3,6.471243,6.975848,legacy,0.699999988,0.6720522517892704,0.6999251679948635,1.7172874052436198,1.2017047974245938,0.5155826078190257,15.807489961484919,0.2216883741183295,0.4543056407842227,431
TP0029,3,6.977011,7.481621,legacy,0.699999988,0.67259276768586,0.6999973043537304,1.8143459465127607,1.269800964849188,0.5445449816635731,15.800445679814384,0.22150995096519724,0.45505337192807427,431
TP0029,3,7.482781,7.987393,legacy,0.699999988,0.671855885038004,0.7000380738471422,1.8789456897470997,1.3150488314153133,0.5638968583317866,15.796364631786545,0.2217531433897912,0.4540335616171694,431
TP0029,3,7.988556,8.493172,legacy,0.699999988,0.6712009517125483,0.7000470655857054,1.9279143524593967,1.3493025888399073,0.5786117636194895,15.79347518886311,0.22196934896287704,0.45312761341299307,431
TP0029,3,8.494332,8.998951,legacy,0.699999988,0.6706738958370304,0.7000222987942429,1.9644678970440834,1.374768536473318,0.5896993605707658,15.788761421577727,0.2221461489883991,0.452422523863109,431
TP0029,3,9.000115,9.504777,legacy,0.699999988,0.6704184956727497,0.699985747539792,1.875916700786543,1.3128986233178654,0.5630180774686775,15.79731371461717,0.22223110296751739,0.45207445286542924,431
TP0030,3,6.475634,6.980242,legacy,0.725000024,0.6963079234613755,0.7250252114591303,1.729328572032483,1.2534219857308584,0.47590658630162413,15.807331762180974,0.21396627735034804,0.4905973999396752,431
TP0030,3,6.981405,7.486019,legacy,0.725000024,0.6956105523504484,0.7250087563145076,1.8188520348283064,1.3182087018329465,0.5006433329953597,15.801447458932715,0.2141803810510441,0.48946860487006955,431
TP0030,3,7.487179,7.991793,legacy,0.725000024,0.6960275849123881,0.7250078570874858,1.885545897141531,1.3666164430394432,0.5189294541020882,15.797144991415315,0.21405192178886312,0.4901385291554524,431
TP0030,3,7.992956,8.497566,legacy,0.725000024,0.6956865369370675,0.7248863556397837,1.9332992248027843,1.4010197804176334,0.5322794443851508,15.794223930162413,0.21415746628074248,0.4895965098886311,431
TP0030,3,8.498726,9.003337,legacy,0.725000024,0.695828591011773,0.7250465710845335,1.9598870151693735,1.4206521136890955,0.5392349014802784,15.792800289559166,0.2141146698399072,0.4898362171832947,431
TP0030,3,9.0045,9.509164,legacy,0.725000024,0.6936475038197513,0.7249987784081101,1.8821055605290022,1.3639987948955916,0.5181067656334106,15.798294397447796,0.2147890037703016,0.48636088309744785,431
TP0031,3,6.450121,6.954723,legacy,0.75,0.7213569598986856,0.7499198507857756,1.6987769122784224,1.2734469698607889,0.4253299424176334,15.809862677262181,0.2065359191136891,0.534698484399072,431
TP0031,3,6.955887,7.460492,legacy,0.75,0.7205657986902001,0.7500587713826887,1.7943957507192574,1.3453200272853825,0.4490757234338747,15.803250704408354,0.2067624795313225,0.5331808356171694,431
TP0031,3,7.461652,7.966273,legacy,0.75,0.7203573872381223,0.750002586419301,1.8602856225452438,1.3945691548955916,0.465716467649652,15.79923297447796,0.20682249284686774,0.5327867778538282,431
TP0031,3,7.967436,8.472044,legacy,0.75,0.7197729842584732,0.7500524267650902,1.9116101627795825,1.432992444013921,0.4786177187656613,15.796354051044084,0.20699051225754056,0.5316772117935035,431
TP0031,3,8.473204,8.977812,legacy,0.75,0.7194913366406057,0.7499418182910147,1.9480889211020882,1.460253351902552,0.48783556919953597,15.794666819721575,0.20707238203712294,0.531157742800464,431
TP0031,3,8.978975,9.483635,legacy,0.75,0.7183039314706667,0.7500580483635069,1.883208714600928,1.4118830073317865,0.4713257072691416,15.797113335498839,0.2074157988051044,0.5289369773132251,431
TP0032,3,6.470784,6.975387,legacy,0.774999976,0.7454137567054121,0.7750334752033416,1.7216439147935034,1.3339893651276102,0.3876545496658933,15.809419747563805,0.1998699135939675,0.5852177087587007,431
TP0032,3,6.97655,7.481154,legacy,0.774999976,0.746019669266795,0.7750205087198861,1.8180106546032484,1.4085548603016242,0.40945579430162415,15.803282357772623,0.19970789467285383,0.586621860048724,431
TP0032,3,7.482314,7.986918,legacy,0.774999976,0.7449487991226624,0.7749995593768431,1.8873595534013923,1.4621791907192576,0.42518036268213455,15.798484231786542,0.19999526223201855,0.5841657455638052,431
TP0032,3,7.988081,8.492688,legacy,0.774999976,0.7442129585473107,0.7751201576837552,1.936739557686775,1.5005089929466358,0.43623056474013916,15.795320625058007,0.2001932520487239,0.5824911467238979,431
TP0032,3,8.493848,8.998456,legacy,0.774999976,0.7435386291598033,0.7748624004588954,1.9746767107540604,1.5294152702552204,0.4452614404988399,15.795436619025523,0.20037674344547565,0.5810071420649652,431
TP0033,3,6.470869,6.975469,legacy,0.800000012,0.771407548325387,0.7999694171309125,1.7727627866960556,1.4176792217169374,0.35508356497911836,15.807025940835267,0.19313596194431554,0.651806342475638,431
TP0033,3,6.976632,7.481242,legacy,0.800000012,0.7709000817927157,0.8001111063621406,1.865034777559165,1.491590301577726,0.3734444759814385,15.801109997679815,0.19326273705568445,0.650348355638051,431
TP0033,3,7.482402,7.987011,legacy,0.800000012,0.7698582980916525,0.7998526481105043,1.9258202345359627,1.5397736668909514,0.3860465676450116,15.798115164965198,0.19352430467053366,0.6474053660580045,431
TP0033,3,7.988174,8.492784,legacy,0.800000012,0.7689309225842212,0.8000805002324862,1.9686374355684453,1.5742331008584685,0.39440433470997677,15.792315180974478,0.19375885263341067,0.644849191426914,431
TP0033,3,8.999718,9.504378,legacy,0.800000012,0.7674124065252574,0.8000140592025532,1.9308498569814383,1.54401799575406,0.38683186122737817,15.797809297447795,0.19414178124825987,0.6406204147262181,431
TP0034,3,6.472589,6.977194,legacy,0.819999993,0.7903088447498374,0.8200910650826789,1.7564959898329466,1.4397235313689096,0.3167724584640372,15.809261582830626,0.18851702009048724,0.7105826846403713,431
TP0034,3,6.978358,7.482969,legacy,0.819999993,0.7903562871846557,0.8199994813790197,1.850862095863109,1.5170375490023205,0.3338245468607889,15.802639088631091,0.1885051751647332,0.7107152564222736,431
TP0034,3,7.484129,7.988742,legacy,0.819999993,0.7909382136447144,0.8201044021445977,1.9161723421322503,1.570904946426914,0.3452673957053365,15.799580934802785,0.1883667090858469,0.7127058409280741,431
TP0035,3,6.465248,6.969869,legacy,0.8313028408150268,0.8110588507029934,0.8400460125154681,1.7783346290440838,1.4933104667749417,0.2850241622691415,15.808069969373552,0.18369421732018562,0.7886622835730859,431
TP0035,3,6.971033,7.475641,legacy,0.839999974,0.8102135488472615,0.8400083336356605,1.8758045138955914,1.574850111136891,0.3009544027587007,15.802059111136892,0.18388589044315548,0.7851498164454755,431
TP0035,3,7.477005,7.981611,legacy,0.839999974,0.8101656993189417,0.8399167757093943,1.948930308689095,1.6361404103712296,0.3127898983178654,15.798410426682137,0.18389696272389788,0.7849707119582365,431
TP0035,3,8.488541,8.993148,legacy,0.839999974,0.8080263185765413,0.8399198115185604,2.0345086029443156,1.7078077903712297,0.3267008125730858,15.792789742459396,0.18438343388399073,0.776186399675174,431
TP0035,3,8.994311,9.498971,legacy,0.839999974,0.8086130008421655,0.8399001553489924,1.9679830237192575,1.6517901867053364,0.3161928370139211,15.797471874013924,0.18424959611832947,0.7785613835707657,431
TP0045,4,6.973415,7.478024,legacy,0.17159829620627565,0.17519112771521422,0.17196376590800108,1.748269106584687,0.3014405368631091,1.446828569721578,15.802428170301624,0.8506211977447796,0.180632232487239,431
TP0046,4,6.468878,6.973348,legacy,0.23661985177542533,0.23164196738097398,0.23695311348716191,1.2678564277215778,0.3008983103526682,0.9669581173689096,15.838514401392112,0.6432380302784224,0.1939028757726218,431
TP0046,4,6.974511,7.479,legacy,0.2322999205172817,0.22871445844941418,0.23245638644000072,1.2914339330464033,0.30087961292575405,0.9905543201206497,15.837322803016244,0.6514769337772622,0.1931669929976798,431
TP0046,4,7.480159,7.984636,legacy,0.22952186521512286,0.22833402955283758,0.22979163931462898,1.3070650141276101,0.30082352050580047,1.0062414936218096,15.836394763805105,0.6526140602575407,0.19307309293735497,431
TP0047,4,7.972363,8.476805,legacy,0.2387997546661189,0.23510970889087188,0.23912331972324954,1.2562826976914152,0.30087961290487236,0.955403084786543,15.841034766589328,0.6337408441484919,0.1947817679211137,431
TP0048,4,6.453647,6.95822,legacy,0.25,0.2447200792186555,0.2501607666317033,1.2199161289025524,0.3057222564083527,0.9141938724941995,15.842679829002321,0.6088663719744778,0.19726086024129932,431
TP0048,4,6.959383,7.463939,legacy,0.25,0.24542593055419729,0.24995984262011456,1.2543942544338744,0.31409872091415314,0.9402955335197216,15.840707852668215,0.6071063455730858,0.19744508780046405,431
TP0048,4,7.465099,7.969655,legacy,0.25,0.24585171324792113,0.25005413144470157,1.2876383460092806,0.3226060676798144,0.9650322783294665,15.838440589327147,0.6060710004547564,0.1975571237099768,431
TP0048,4,7.970818,8.475394,legacy,0.25,0.24567939477862913,0.24988745662899012,1.3097761477308585,0.3279535427610209,0.9818226049698376,15.836932592807425,0.6064735472737819,0.19751121997911833,431
TP0050,4,6.432945,6.937381,legacy,0.400000006,0.3832060443815433,0.3999236107251657,1.3012314055823666,0.5206496209211137,0.7805817846612529,15.837786762412994,0.3887954543897912,0.24155022684454758,431
TP0050,4,6.938543,7.442968,legacy,0.400000006,0.3838125972834099,0.3999881004338494,1.3904183154779581,0.55639917475174,0.834019140726218,15.831311924593967,0.38817917333642693,0.2417875712552204,431
TP0050,4,7.444128,7.948545,legacy,0.400000006,0.385006855981668,0.3999969619013104,1.425476063011601,0.5704409712204177,0.8550350917911832,15.8284330612529,0.38697485139443155,0.24225706143155454,431
TP0050,4,7.949708,8.454122,legacy,0.400000006,0.38554158492726087,0.3999660975788337,1.4303374040301624,0.5723481127146172,0.8579892913155454,15.829034133178654,0.3864389945522042,0.2424681045266821,431
TP0050,4,8.455282,8.959698,legacy,0.400000006,0.3851995690103738,0.4000891206653645,1.4304121938816705,0.5725724822807424,0.857839711600928,15.828781038283065,0.38678207933410674,0.24233320414849188,431
TP0051,4,6.432925,6.937336,legacy,0.5,0.4802218863910158,0.49986623471039054,1.5813194370069608,0.7904166514547565,0.7909027855522044,15.817149521577727,0.3102517598491879,0.28663970472621814,431
TP0051,4,6.938499,7.442912,legacy,0.5,0.4814951422550929,0.5000040460996094,1.669141431860789,0.8345613672018561,0.8345800646589329,15.811771371461717,0.3094246516102089,0.28733834028074245,431
TP0051,4,7.444072,7.948479,legacy,0.5,0.4818888524099918,0.5000098897665003,1.729235085575406,0.8647016813805105,0.8645334041948957,15.807837926914154,0.309172044911833,0.2875568508770302,431
TP0051,4,7.949642,8.45405,legacy,0.5,0.4821924468050801,0.4999692544321128,1.7694907282691414,0.8847079694779583,0.8847827587911834,15.804632148259861,0.3089788154361949,0.2877266110951276,431
TP0051,4,8.45521,8.959621,legacy,0.5,0.4827878529052678,0.5000374493249186,1.7921146612180974,0.896281700150812,0.8958329610672855,15.803335089095127,0.3085961043665893,0.2880564947401392,431
TP0051,4,8.960783,9.465255,legacy,0.5,0.48180940730692695,0.4999931797360373,1.7357791987842226,0.8678802506496519,0.8678989481345707,15.80789066774942,0.3092236074153132,0.28751323484918795,431
TP0052,4,6.442552,6.946942,legacy,0.600000024,0.5734017961487202,0.5999351082877105,1.5909860245962877,0.9543934208143852,0.6365926037819026,15.818942252204177,0.259830803800464,0.3492491686542924,431
TP0052,4,6.948104,7.452505,legacy,0.600000024,0.5737472873046973,0.5999601170194996,1.6857447819419953,1.0114767854431554,0.6742679964988397,15.812045547331786,0.2596720264709977,0.3495266241740139,431
TP0052,4,7.453665,7.958051,legacy,0.600000024,0.5738283522977116,0.599994535477326,1.7539905297192577,1.052368141387471,0.7016223883317866,15.807911778190254,0.2596356419187935,0.34959383658700693,431
TP0052,4,7.959213,8.463808,legacy,0.600000024,0.5743568316814673,0.59999560901477,1.8020991073921113,1.0811996322366588,0.7208994751554525,15.805517963109049,0.2593965811670534,0.3500275172807425,431
TP0052,4,8.464968,8.969373,legacy,0.600000024,0.5733003733027527,0.6000137830732353,1.832949920062645,1.099784907638051,0.733165012424594,15.802818346171694,0.25987447296983757,0.34916058257772625,431
TP0052,4,8.970536,9.474998,legacy,0.600000024,0.5730701706359588,0.6000610510107692,1.7738472374083525,1.0645027958654294,0.7093444415429234,15.806867799071924,0.25997930951276105,0.34897339181670534,431
TP0058,4,6.463965,6.968353,legacy,0.75,0.71959460732371,0.7499944898921144,1.7231023190162413,1.2917517927378188,0.4313505262784223,15.81437608399072,0.20704144367285382,0.531332568737819,431
TP0058,4,6.969515,7.473916,legacy,0.75,0.7190581166686966,0.7500426305023901,1.8124388053201856,1.3589691775174015,0.45346962780278427,15.809124484454758,0.20719609265197214,0.530320746162413,431
TP0058,4,7.475076,7.979482,legacy,0.75,0.7182962353467071,0.7499770718766884,1.871522797561485,1.4031699873085848,0.4683528102529002,15.80499070649652,0.2074157785174014,0.5288850100788863,431
TP0058,4,7.980848,8.485248,legacy,0.75,0.7179457260739202,0.7500197335551801,1.9079828563387473,1.4305804728074245,0.47740238353132247,15.801964200928074,0.20751755641067285,0.5282362781206497,431
TP0058,4,8.486407,8.990797,legacy,0.75,0.716860039664219,0.7500985026196203,1.940273376234339,1.4548871750116006,0.48538620122273785,15.80084639187935,0.20783247008352668,0.5262208156310905,431
TP0058,4,8.99196,9.496412,legacy,0.75,0.716577779772154,0.7499106867875958,1.8658387647354988,1.3984956175870071,0.4673431471484919,15.806445978886313,0.20791468177262185,0.5257023854988399,431
TP0060,4,6.459713,6.964197,legacy,0.769999981,0.7388969449610028,0.7701087165998447,1.6903630529350346,1.301324890812065,0.38903816212296977,15.816464071461716,0.2016331035962877,0.5706199679860788,431
TP0060,4,6.96536,7.469831,legacy,0.769999981,0.7388225467245695,0.7700071393899854,1.790712351774942,1.3783584503248258,0.412353901450116,15.810400487935036,0.20165320576334111,0.5704527630139211,431
TP0060,4,7.470991,7.975482,legacy,0.769999981,0.7377200524799283,0.7700925130214842,1.8546950775939677,1.4278132455452437,0.4268818320487239,15.806530321809747,0.2019546388538283,0.5680562411090488,431
TP0060,4,7.976645,8.481144,legacy,0.769999981,0.7372493800308756,0.7699375275324425,1.9037011327703017,1.4650959899303944,0.4386051428399072,15.802923781206497,0.20208347483758698,0.5670364943085847,431
TP0060,4,8.482304,8.98677,legacy,0.769999981,0.7370051370979432,0.7700214394808861,1.9324017462807426,1.4874020702784223,0.4449996760023202,15.801837658932715,0.20215085625290022,0.5665189336078886,431
TP0061,4,6.475228,6.979608,legacy,0.779999971,0.7487692761419288,0.779955552020673,1.686773140385151,1.315198410951276,0.3715747294338747,15.817423709976799,0.19897483997447798,0.5930510594895592,431
TP0061,4,6.980771,7.485162,legacy,0.779999971,0.7484258898076396,0.780031938989351,1.768032323424594,1.37862021199536,0.3894121114292343,15.812404093039444,0.19906585259164736,0.5922339019234338,431
TP0061,4,7.486322,7.990716,legacy,0.779999971,0.7480947387310974,0.7799594162019984,1.824218213102088,1.4223348922969838,0.4018833208051044,15.809156121577725,0.1991537910417633,0.5914506218143852,431
TP0061,4,7.991879,8.496271,legacy,0.779999971,0.7477521149999006,0.7800878580623722,1.857480996064965,1.4483430586774946,0.409137937387471,15.806277251972158,0.19924523482366588,0.5906521665661253,431
TP0061,4,8.497431,9.001822,legacy,0.779999971,0.7476670048836971,0.7800038519007884,1.8465616779535963,1.4399292009280742,0.406632477025522,15.808069947099769,0.1992680832412993,0.5904573467679815,431
TP0062,4,6.455179,6.95956,legacy,0.790000021,0.7594563107185417,0.7899102075499758,1.6516219074895593,1.3041108159396753,0.347511091549884,15.820935326218097,0.19617520512064962,0.6194134101461717,431
TP0062,4,6.960722,7.465098,legacy,0.790000021,0.7588448747246296,0.7900724848482227,1.7466611258607891,1.3795176957076567,0.3671434301531322,15.814470991183297,0.1963329481832947,0.6178325666403711,431
TP0062,4,7.466258,7.970649,legacy,0.790000021,0.7577020094809199,0.7900359302113742,1.8190951042320185,1.4364888702320184,0.382606234,15.810168499071926,0.19662874097679817,0.6149074088097447,431
TP0062,4,7.971811,8.476191,legacy,0.790000021,0.7571490619962743,0.7899736166063601,1.8750005282180973,1.480577496102088,0.39442303211600926,15.806583064733179,0.19677228292575405,0.6135055227656613,431
TP0062,4,8.477351,8.981727,legacy,0.790000021,0.7565279641521336,0.7900298578948576,1.9110118422853828,1.5091285214849188,0.401883320800464,15.805064514153134,0.1969342324013921,0.6119522788190256,431
TP0063,4,6.467308,6.971685,legacy,0.810000002,0.7783892015662548,0.8099152249974575,1.7218495864895593,1.394008228538283,0.32784135795127617,15.817233901856147,0.19140434930162414,0.6723755376658933,431
TP0063,4,6.973052,7.477428,legacy,0.810000002,0.7778677220144673,0.8101282745507558,1.8090732628491881,1.4649277151044084,0.3441455477447796,15.810896117401393,0.19153278392575407,0.6708009472645011,431
TP0063,4,7.478587,7.982963,legacy,0.810000002,0.7774837219685882,0.8099252533558481,1.8843866561809746,1.5254140183758702,0.35897263780510436,15.807152518561486,0.19162624284918792,0.6695946565800464,431
TP0063,4,7.984126,8.488501,legacy,0.810000002,0.7774567188765529,0.8100048982282784,1.9358420759698376,1.5673524283062645,0.36848964766357306,15.804041642923433,0.19163439047563804,0.6695775406334106,431
TP0064,4,7.482794,7.987168,legacy,0.829999983,0.798545633739581,0.8298384039011857,1.7811205532273782,1.4774737154292343,0.30364683779814383,15.815103719025522,0.18657229716937354,0.7396311792946636,431
TP0064,4,7.988331,8.492708,legacy,0.829999983,0.7977443171842143,0.8299241618904483,1.8123640187540604,1.5035005881206496,0.30886343063341065,15.813490259164734,0.18676014996287707,0.7367278009582365,431
TP0064,4,8.493867,8.998241,legacy,0.829999983,0.7975105741959047,0.8301104770068896,1.8418499168538283,1.5281812376334105,0.3136686792204177,15.812013941531324,0.18681468252204175,0.7358643011415313,431
TP0078,5,6.463928,6.968597,closed,0.180000007,0.18501255289194873,0.17984565785546902,1.8347074891577726,0.33088904479582365,1.503818444361949,15.79787260510441,0.8054306400719258,0.18280891203248262,431
TP0078,5,6.969761,7.474433,closed,0.180000007,0.18657644367043857,0.18012840066293928,1.9397498503085846,0.3505774758306265,1.589172374477958,15.789837009048725,0.7986886098979118,0.18316052248491876,431
TP0078,5,8.48745,8.992112,closed,0.180000007,0.1875682709975079,0.1801146547508065,2.0406600689234335,0.3688075045846868,1.671852564338747,15.785218176102088,0.7944286968839908,0.1833836876426914,431
TP0079,5,7.489688,7.994348,closed,0.200000003,0.2058244601582498,0.19987691449942074,2.0527012393781905,0.4116060028352668,1.6410952365429234,15.78326727099768,0.723953302401392,0.18759946710904873,431
TP0079,5,7.995511,8.500177,closed,0.200000003,0.20651481790929985,0.19999268221358127,2.1115608574686777,0.4236097755893271,1.6879510818793504,15.779692398839906,0.7214968667703017,0.18776205854060324,431
TP0079,5,8.501337,9.005999,closed,0.200000003,0.2075214163683865,0.20001052171250733,2.1433091520696057,0.430004308774942,1.7133048432946636,15.777446206960558,0.717987802199536,0.18800039797679816,431
TP0080,5,6.463897,6.968554,closed,0.219999999,0.22155013792866687,0.22005353889310036,1.897306600888631,0.4185427624895592,1.478763838399072,15.793707156380512,0.6725721707726219,0.1913897213526682,431
TP0080,5,7.475538,7.980404,closed,0.219999999,0.22425920984007133,0.21996343767763235,2.0800930238793502,0.45879840545707656,1.6212946184222738,15.781938558236659,0.664412432350348,0.1920573317540603,431
TP0080,5,7.981567,8.486232,closed,0.219999999,0.22479728922508235,0.2199736752051005,2.125415680164733,0.46896982661484926,1.656445853549884,15.778500754292343,0.6627983651020881,0.19219007728306264,431
TP0080,5,8.487392,8.992055,closed,0.219999999,0.22517870666698633,0.21995110659688014,2.1738234186264505,0.47932822243155454,1.6944951961948957,15.774862594895591,0.6616758702691415,0.1922846931948956,431
TP0080,5,8.993218,9.497927,closed,0.219999999,0.22574245660245446,0.22013793481152716,2.1067743021786542,0.4652677284663573,1.6415065737122971,15.780430551044086,0.6600475876728539,0.19242530784454756,431
TP0081,5,6.467772,6.972643,closed,0.25,0.24742721455941313,0.2497919218853066,1.923539140401392,0.48134754870765656,1.4421915916937356,15.79108137911833,0.6022044677563806,0.19797050268909513,431
TP0081,5,6.973806,7.478468,closed,0.25,0.2504415344658603,0.2501458747591628,2.0293107070603247,0.5085336633712297,1.5207770436890953,15.785154895359629,0.5949410251299303,0.19876613774477958,431
TP0081,5,7.479628,7.984288,closed,0.25,0.2505927534546166,0.2499447295850339,2.101800782023202,0.5263523478700696,1.5754484341531323,15.77935494037123,0.594547504310905,0.1988049522575406,431
TP0081,5,7.985451,8.490127,closed,0.25,0.2515915666301372,0.2499901557588023,2.160379940424594,0.5411981353897912,1.6191818050348026,15.77544259651972,0.5921889825614849,0.1990703491438515,431
TP0081,5,8.491287,8.995949,closed,0.25,0.25256686260197575,0.24997682149433062,2.210582630661253,0.553762832099768,1.656819798561485,15.77222624222738,0.5899031868863108,0.19933015239443155,431
TP0081,5,8.997112,9.501826,closed,0.25,0.25312777994241326,0.2499870640192917,2.128706434475638,0.5334760821786544,1.5952303522969835,15.779260038283066,0.588606336712297,0.1994802602064965,431
TP0082,5,5.971371,6.476035,closed,0.300000012,0.2899605409148317,0.30007057753894206,1.6636069828422275,0.4997458546287703,1.1638611282134572,15.810358284222737,0.5138377464013921,0.2098286745638051,431
TP0082,5,6.477195,6.981854,closed,0.300000012,0.29199965411444273,0.2999795886078062,1.8232646392946634,0.5475739710580046,1.2756906682366587,15.798484212529003,0.5102384718097448,0.21043227657540606,431
TP0082,5,6.983018,7.487669,closed,0.300000012,0.2940351909914972,0.3000051988497596,1.9250349423155453,0.5782752092064966,1.3467597331090486,15.791429388631089,0.5067248582180974,0.21104040331322507,431
TP0082,5,7.488829,7.993491,closed,0.300000012,0.2949763134704572,0.2998571170439769,2.0035642976450116,0.6014974612180974,1.4020668364269142,15.787580362645013,0.5051209449559164,0.21132307690951277,431
TP0082,5,7.994654,8.49932,closed,0.300000012,0.295700311489901,0.3000326368491791,2.0571886277424594,0.6181569028932715,1.439031724849188,15.782402567981439,0.5038543743201856,0.2115381120162413,431
TP0082,5,8.50048,9.005134,closed,0.300000012,0.2969658408823674,0.2999906239286484,2.1043623328909513,0.6321800019164733,1.4721823309744781,15.779175679582366,0.501705186187935,0.21191876528074244,431
TP0082,5,9.006297,9.510986,closed,0.300000012,0.2964768934995924,0.3000348963131582,2.0245989437981438,0.6085090107354989,1.416089933062645,15.785629414849192,0.5025316161554525,0.21177140286310903,431
TP0083,5,6.471989,6.976641,closed,0.400000006,0.3871472352407126,0.4000048909110647,1.838540467723898,0.735838750023202,1.102701717700696,15.798674033874711,0.38483886348027835,0.24310403990951276,431
TP0083,5,6.977804,7.482466,closed,0.400000006,0.38802811626749617,0.39987327322785693,1.94627526337123,0.7785998533248261,1.1676754100464037,15.791091934802786,0.383979213088167,0.24345750238747102,431
TP0083,5,7.483626,7.988284,closed,0.400000006,0.3882551361826755,0.4000753062097492,2.022467430788863,0.8094880661252901,1.2129793646635734,15.784406174477958,0.3837404924153133,0.24354425788167056,431
TP0083,5,7.989448,8.494107,closed,0.400000006,0.38924012530983754,0.3999658950690611,2.083813816774942,0.8337012837819026,1.2501125329930394,15.780578200464038,0.3827652962482599,0.24393600341299304,431
TP0083,5,8.495267,8.99993,closed,0.400000006,0.3890843599729624,0.3999757432997185,2.132707692334107,0.8534084122877031,1.2792992800464038,15.777762551044082,0.38291766797215787,0.24387358022969832,431
TP0083,5,9.001093,9.505805,closed,0.400000006,0.3889115304309083,0.40008981333607585,2.0590583724965197,0.8242777612436196,1.2347806112529003,15.783615278654294,0.38308878800232016,0.24380485216937356,431
TP0084,5,5.972198,6.476862,closed,0.5,0.4774572089289842,0.5000136043362486,1.6265486057563805,0.8132088617703015,0.8133397439860789,15.815420061020882,0.31204297924361946,0.28511900732018564,431
TP0084,5,6.478022,6.982683,closed,0.5,0.4786465551477827,0.49997100216213475,1.771865306348028,0.8859420020348029,0.8859233043132251,15.805148867517401,0.3112665859466357,0.2857686770162413,431
TP0084,5,6.983846,7.488507,closed,0.5,0.47931265737940965,0.49995604914379915,1.8589767959373549,0.9293949114222738,0.9295818845150812,15.799338421577724,0.31083445896055684,0.28613459854524365,431
TP0084,5,7.489667,7.994327,closed,0.5,0.48033812947009197,0.5000548779718732,1.9129563780092804,0.956693210387471,0.9562631676218099,15.795594809512762,0.3101723498283062,0.28670043173317866,431
TP0084,5,7.99549,8.500152,closed,0.5,0.4800471831079143,0.49984621475368396,1.9465370255127614,0.9729973989164733,0.9735396265962878,15.793485768909514,0.31036538598839913,0.28654399174477957,431
TP0084,5,9.007134,9.511845,closed,0.5,0.47909502411164984,0.4999842030564573,1.9143025970324827,0.957141950424594,0.9571606466078887,15.795130826218097,0.3109826614315545,0.2860205299791183,431
TP0089,5,6.474213,6.978858,closed,0.819999993,0.7889229943228562,0.8200405362589541,1.844317987296984,1.5117274731322505,0.3325905141647332,15.810316109744779,0.1888485296426914,0.7059342760139211,431
TP0089,5,7.48582,7.990464,closed,0.819999993,0.7870409584902737,0.8199406985564788,2.020504198575406,1.6559410186310903,0.3645631799443156,15.799992208816706,0.18930006245243616,0.6996915700997679,431
TP0089,5,7.991627,8.496285,closed,0.819999993,0.7861106526018482,0.8200434445009293,2.075886093338747,1.7013758618097448,0.3745102315290023,15.796027145011601,0.1895232181461717,0.696603188638051,431
TP0089,5,8.497445,9.002107,closed,0.819999993,0.7861319176872305,0.8200135170666574,2.1327450896287705,1.7480260420185614,0.38471904761020886,15.793211545475637,0.18951814700696057,0.6966753411044083,431
TP0089,5,9.003271,9.507931,closed,0.819999993,0.7840656524290495,0.8200460788999051,2.0568520727470996,1.685763477401392,0.3710885953457077,15.798199503016242,0.19001755728770303,0.6900059081508121,431
TP0090,5,6.466727,6.971392,closed,0.800000012,0.767759957442568,0.8000667912880993,1.8616131384756383,1.4886734940603248,0.3729396444153132,15.808175381206496,0.19405311529930397,0.6415510260603248,431
TP0090,5,7.478561,7.98321,closed,0.800000012,0.7660733414854307,0.8000088098217029,2.050644517635731,1.6397490185150807,0.41089549912064965,15.796491149651974,0.1944801885661253,0.6369193217030162,431
TP0090,5,7.984373,8.489037,closed,0.800000012,0.7659344128736338,0.7999989168208701,2.112308760663573,1.6889420521113687,0.42336670855220415,15.793580616705338,0.1945153323712297,0.636536461011601,431
TP0090,5,8.490197,8.994859,closed,0.800000012,0.7656785937639359,0.7999350090608429,2.1660078745429234,1.7318340310208813,0.43417384352204175,15.790322112993039,0.19458023946635733,0.6358386469095126,431
TP0090,5,8.996022,9.500716,closed,0.800000012,0.7647344692805536,0.8001208424291748,2.0948266248538285,1.6751433169837588,0.4196833078700695,15.79495153364269,0.19482054488399073,0.6332894860974478,431
TP0091,5,5.971914,6.476522,closed,0.779999971,0.7480570328420235,0.7799050932879921,1.757000826287703,1.3698137132714616,0.38718711301624137,15.813774993271462,0.19916451749419956,0.5913802838863109,431
TP0091,5,6.477682,6.982267,closed,0.779999971,0.7483827395502373,0.7799393699482792,1.9188834780255222,1.4960776934338746,0.4228057845916473,15.80449505174014,0.19907909828770304,0.5921791985614849,431
TP0091,5,6.98343,7.48803,closed,0.779999971,0.747302923465367,0.7800910233260604,2.017923947547564,1.5735225904176333,0.44440135712993034,15.797134419953597,0.199366838162413,0.5896503162088166,431
TP0091,5,7.48919,7.993783,closed,0.779999971,0.7462311756196387,0.7800520823567221,2.0807661322575406,1.6224164659628768,0.4583496662946636,15.793675550812065,0.19965122467517402,0.5871091147610209,431
TP0091,5,7.994946,8.499543,closed,0.779999971,0.7456653962880482,0.7800088844855239,2.1441692368700696,1.6716468918329463,0.472522345037123,15.790069011136891,0.19980241078654293,0.5857954588027842,431
TP0091,5,8.500703,9.005337,closed,0.779999971,0.7449663030659992,0.7800159321389979,2.1969895781183295,1.7129121994663574,0.48407737865197215,15.786293789095126,0.19999025229698375,0.5841980952552205,431
TP0091,5,9.006501,9.511179,closed,0.779999971,0.743858528603574,0.7800111596900863,2.1253221918167053,1.6569506840835266,0.46837150773317865,15.791703549419953,0.2002879929489559,0.5816691028607888,431
TP0092,5,5.961136,6.465801,closed,0.75,0.7180434685218634,0.7500448192223896,1.7338720608422273,1.3001095615313225,0.4337624993109048,15.81421789837587,0.20748877173085847,0.528410512037123,431
TP0092,5,6.466961,6.971624,closed,0.75,0.7173590167788118,0.7500859536070076,1.9066927283039443,1.429626899187935,0.4770658291160093,15.803451078886313,0.2076877714385151,0.5271476367354988,431
TP0092,5,6.972991,7.477626,closed,0.75,0.7168587265452456,0.7499071042462693,2.018933612974478,1.5134289390023203,0.5055046739721577,15.795383872621809,0.20783353757308584,0.5262295178051044,431
TP0092,5,7.478786,7.983435,closed,0.75,0.715941816647914,0.7499943541813886,2.1027730491229697,1.5763833063341068,0.5263897427888631,15.790511923897913,0.20809769404408351,0.5244981259535962,431
TP0092,5,7.984598,8.489251,closed,0.75,0.7155647330021174,0.7499929405036674,2.163521115709977,1.6220425183294662,0.5414785973805104,15.786631232946636,0.20820753529930394,0.5238056094338748,431
TP0092,5,8.490411,8.995075,closed,0.75,0.7145569194745746,0.7500733824189103,2.2162292672296986,1.661699839048724,0.5545294281809745,15.783457100696056,0.20850126805800462,0.5219573034176335,431
TP0092,5,8.996238,9.500926,closed,0.75,0.7139540119354102,0.7500447758690437,2.140541926046404,1.6048595429698378,0.5356823830765661,15.788455573549884,0.20867727341299305,0.5208560218607888,431
TP0093,5,5.962214,6.466879,closed,0.699999988,0.6687888382610229,0.6999989878273789,1.7526630093944313,1.2264976361948956,0.526165373199536,15.81088555475638,0.22276966803944315,0.44982536795127614,431
TP0093,5,6.468243,6.972888,closed,0.699999988,0.6680922675075225,0.7000616179559432,1.922005953352668,1.3450769616473317,0.5769289917053364,15.79799915290023,0.22300506426914152,0.44890668600696054,431
TP0093,5,6.974052,7.478688,closed,0.699999988,0.668289522938871,0.7000093404184359,2.0374254087819024,1.4257752238283061,0.6116501849535964,15.79146101786543,0.22293664201624133,0.44915255852900227,431
TP0093,5,7.479848,7.984499,closed,0.699999988,0.6673371827408452,0.6999702642200589,2.119525977784223,1.4830455588167053,0.6364804189675174,15.786219963573087,0.22325457652900232,0.44786492792575405,431
TP0093,5,7.985662,8.490328,closed,0.699999988,0.6666107630978426,0.7000020073884335,2.1850231988816704,1.5290226260556843,0.656000572825986,15.78249748700696,0.22349791668445473,0.4468894747540604,431
TP0093,5,8.491488,8.996152,closed,0.699999988,0.6654782510425565,0.6999803943190382,2.231972533078886,1.561967558700696,0.6700049743781902,15.778458585846868,0.22387829628306266,0.44537672269605566,431
TP0093,5,8.997315,9.502008,closed,0.699999988,0.664950522164266,0.7000832040075967,2.1641755272830627,1.514532092714617,0.6496434345684454,15.784163640603248,0.22405572228538287,0.44467320146403716,431
TP0094,5,5.973796,6.478475,closed,0.600000024,0.5707613191390752,0.5999483884081742,1.7697337958422275,1.061791664187935,0.7079421316542924,15.806456499767982,0.2610309157331786,0.34709604538515076,431
TP0094,5,6.479635,6.984299,closed,0.600000024,0.572476095731265,0.6001062794802202,1.9324391401136893,1.1596168036125292,0.7728223365011603,15.795932270765663,0.26025329859860785,0.34849863725986074,431
TP0094,5,6.985462,7.490098,closed,0.600000024,0.571428328736713,0.5998945595607784,2.043483384712297,1.2256749464965198,0.8178084382157773,15.78732722412993,0.26072631429002324,0.34763649182366585,431
TP0094,5,7.491258,7.995884,closed,0.600000024,0.571223768805297,0.6000614072868076,2.120479549220418,1.2722129400464037,0.848266609174014,15.781158176798145,0.260819739387471,0.34747076448259856,431
TP0094,5,7.997047,8.501706,closed,0.600000024,0.5713632208451027,0.5999953988409743,2.186388108837587,1.3114589138979116,0.8749291949396751,15.77712988352668,0.2607555935846868,0.3475826492482598,431
TP0094,5,8.502866,9.00752,closed,0.600000024,0.5711182044812512,0.5999500421985283,2.2412651734918794,1.3443664561948956,0.8968987172969837,15.774535705336428,0.2608678715684455,0.3473850416218097,431
TP0094,5,9.008683,9.513558,closed,0.600000024,0.5708963301591556,0.6000076814731369,2.1672793034454756,1.3001843463805105,0.8670949570649653,15.779945455452435,0.26096854436426914,0.34720374963109046,431
TP0107,6,6.98629,7.491212,closed,0.200000003,0.20425418228122155,0.20009086980679705,1.6458817851322505,0.3302533309791183,1.3156284541531322,15.82374037587007,0.7295115667610208,0.18722911785382831,431
TP0107,6,7.492373,7.997297,closed,0.200000003,0.20597118916050097,0.19985510240082624,1.6966454056426914,0.34001340791647333,1.3566319977262182,15.820576772157773,0.7234520392041763,0.1876344026171694,431
TP0107,6,7.99846,8.503384,closed,0.200000003,0.20707860418596183,0.20011795998031526,1.7384342402621806,0.3489134014222738,1.3895208388399074,15.817729537587006,0.7196040751020881,0.18789684579350346,431
TP0107,6,8.504544,9.009677,closed,0.200000003,0.20697105168920116,0.19996167323335828,1.7765957647447796,0.35637369010440834,1.4202220746403713,15.816158273085849,0.7199494255406031,0.18787086361252903,431
TP0107,6,9.010841,9.515811,closed,0.200000003,0.20698625504244877,0.19994201536316644,1.700197918740139,0.3411352558399072,1.3590626629002323,15.82148368422274,0.7198817363341068,0.18787419615777262,431
TP0108,6,6.978382,7.483318,closed,0.219999999,0.22273379430527418,0.2199695332577391,1.6848660005406033,0.3716308218399072,1.3132351787006962,15.820524060324827,0.6689591902830626,0.19168030274477957,431
TP0108,6,7.990574,8.49551,closed,0.219999999,0.22584653184498432,0.2199471721369766,1.7659008136357308,0.3895990860951276,1.376301727540603,15.815462277262181,0.6597546881183295,0.19245144999535965,431
TP0108,6,8.496671,9.001622,closed,0.219999999,0.22619836913642605,0.220154430216965,1.8041371336774943,0.3982186176218097,1.4059185160556844,15.813627359628772,0.6587360107146173,0.19253914744315548,431
TP0109,6,7.49302,7.998096,closed,0.25,0.25299527323532045,0.24993847733323904,1.7674153071925756,0.4429429548259861,1.3244723523665893,15.81518808886311,0.5889476479512761,0.1994461687099768,431
TP0109,6,7.99926,8.504391,closed,0.25,0.254542212714184,0.25004201782163044,1.8150564518979118,0.45496542505336424,1.3600910268445476,15.812741568213458,0.585351947837587,0.19985942119025524,431
TP0109,6,8.505756,9.01088,closed,0.25,0.25397852849861674,0.25005331291237726,1.847533947211137,0.4629866376983759,1.3845473095127614,15.810463741067288,0.5866508024570766,0.1997083936148492,431
TP0110,6,6.474737,6.979659,closed,0.349999994,0.3407080257913608,0.34988676128085944,1.6665611817354986,0.5836226843225059,1.082938497412993,15.82148366334107,0.4372926180719257,0.22597941828770304,431
TP0110,6,6.980822,7.485751,closed,0.349999994,0.3422828464957396,0.35001097328866515,1.7453522968770303,0.6114258153457076,1.1339264815313224,15.815884099303945,0.43528203760324835,0.22652071465893273,431
TP0110,6,7.486911,7.991827,closed,0.349999994,0.34255650758284684,0.34993240822396143,1.8022112911740138,0.6313947083665893,1.1708165828074246,15.812731007888631,0.4349324612668214,0.2266147490324826,431
TP0110,6,7.992991,8.497914,closed,0.349999994,0.3437223736873882,0.34999378044979434,1.8425043298654293,0.6456047820696055,1.1968995477958235,15.809461936658934,0.43345322234570766,0.2270167656566125,431
TP0110,6,8.499075,9.004011,closed,0.349999994,0.34395850630456287,0.3500085979136441,1.8795814020324826,0.6586369154431555,1.2209444865893273,15.80772193851508,0.43315702206264506,0.22709867714849188,431
TP0110,6,9.005175,9.510149,closed,0.349999994,0.3446626348741402,0.3500066778935523,1.8063621313897913,0.6329839929327147,1.1733781384570765,15.812868077030162,0.4322720563225058,0.22734268536658933,431
TP0111,6,5.954001,6.458919,closed,0.5,0.47717857280762754,0.49994814150240924,1.5115778911113686,0.7557328531554525,0.7558450379559165,15.83382172575406,0.3122307963828306,0.2849713292993039,431
TP0111,6,6.46008,6.964998,closed,0.5,0.4800201215294813,0.5000277641489875,1.6645418554153133,0.8322989738770301,0.8322428815382832,15.82328693549884,0.31037581991183294,0.28652350885614847,431
TP0111,6,6.966161,7.471089,closed,0.5,0.48140445604789206,0.4999245429560971,1.7561968298422272,0.8780703684663573,0.8781264613758701,15.816527341531323,0.30948427452900235,0.2872891551206497,431
TP0111,6,7.47225,7.977172,closed,0.5,0.4814876666387242,0.5000094514329266,1.814028090039443,0.9070888346566126,0.9069392553828307,15.81233030023202,0.30943006338747103,0.287334682287703,431
TP0111,6,7.978336,8.483259,closed,0.5,0.4821137985426006,0.5000197530906008,1.8593133498051044,0.9297688601600927,0.9295444896450116,15.809567372853829,0.30902904098839906,0.2876827686821346,431
TP0111,6,8.484623,8.989567,closed,0.5,0.4821702053411052,0.5000304343913882,1.889584547661253,0.9449512023573087,0.9446333453039444,15.806730673085847,0.3089921213712298,0.28771348548955916,431
TP0111,6,8.990731,9.495694,closed,0.5,0.48179164801925345,0.4999569985461749,1.8201608582830624,0.9101178236612528,0.9100430346218097,15.81286810812065,0.30923595028306267,0.28750413953132253,431
TP0116,6,6.478994,6.983949,closed,0.829999983,0.7969086934727948,0.8284593664499507,1.7653024968074245,1.4618987260556844,0.3034037707517402,15.82648214709977,0.18695650466589328,0.7337255223549884,431
TP0116,6,6.985113,7.490054,closed,0.829999983,0.7976014974097492,0.8299914258152646,1.8571818448074244,1.5406337559164731,0.3165480888909513,15.821156773549884,0.1867935361925754,0.7362046296867749,431
TP0116,6,8.503438,9.008395,closed,0.829999983,0.7956161368784023,0.8299536235440906,2.0140348791299303,1.670786809698376,0.34324806943155456,15.810948873085845,0.18726070128306263,0.7291131037517402,431
TP0116,6,9.009763,9.514768,closed,0.829999983,0.7950423193826037,0.8299152043216026,1.9398246392227378,1.6091038715777262,0.3307207676450117,15.816432423897911,0.18739460822273782,0.7269966280185615,431
TP0117,6,6.461938,6.966855,closed,0.800000012,0.7673448271050215,0.8000604872965339,1.7779232837424594,1.4218113581438514,0.35611192559860794,15.823866934802783,0.1941593521647332,0.6404508364663573,431
TP0117,6,6.968019,7.472926,closed,0.800000012,0.7662637628077371,0.8000005685783613,1.880703256064965,1.5037997489791184,0.3769035070858468,15.817339340139212,0.1944327164361949,0.6374686678399073,431
TP0117,6,7.980161,8.485274,closed,0.800000012,0.7643862502653432,0.8000010610504907,2.0074907657308585,1.605177403178654,0.4023133625522042,15.810495392807425,0.1949116487238979,0.632433621737819,431
TP0117,6,8.486434,8.991339,closed,0.800000012,0.7646207465744503,0.8000191060300134,2.05279472536891,1.6416374617169374,0.41115726365197214,15.807553246867752,0.1948496096450116,0.6329865703085846,431
TP0117,6,8.992503,9.497468,closed,0.800000012,0.7645356339460168,0.8000064234345786,1.9778926730626452,1.58152510450116,0.3963675685614849,15.812604475638054,0.19487164244083527,0.632769492412993,431
TP0118,6,5.964305,6.469271,closed,0.779999971,0.7473877557169671,0.7798538636193695,1.671590804,1.303138551276102,0.36845225272389787,15.829919964269143,0.19934312358700698,0.5898197412180974,431
TP0118,6,6.470432,6.975388,closed,0.779999971,0.7468539090525189,0.7800136980299114,1.825695307911833,1.4235689200232018,0.4021263878886311,15.82023932412993,0.1994849446241299,0.5885585204941997,431
TP0118,6,6.976552,7.481512,closed,0.779999971,0.7467202774682564,0.779963704683661,1.9262315815916475,1.5017430251044084,0.42448855648723904,15.814059731554524,0.1995217888700696,0.5882776889907192,431
TP0118,6,7.988797,8.493794,closed,0.779999971,0.7449308570440633,0.7799380082665099,2.0401178406798146,1.5904624958236657,0.4496553448561485,15.806329999303944,0.20000011996751735,0.5841256747911833,431
TP0118,6,8.494955,8.999904,closed,0.779999971,0.7444347193048411,0.7800112033194948,2.0878524727517402,1.6279509168445474,0.45990155590719256,15.803577638051044,0.20013281876566125,0.5829768695290023,431
TP0118,6,9.001069,9.506057,closed,0.779999971,0.7434111524108306,0.7800049180344902,2.0242810901624133,1.578047381438515,0.4462337087238979,15.808755412296984,0.20040845925986078,0.5806532700092808,431
TP0119,6,6.453573,6.958468,closed,0.75,0.717391340198673,0.750023459499046,1.8028470101322505,1.3516210781670532,0.4512259319651972,15.819849151740138,0.2076774807099768,0.5271926543109049,431
TP0119,6,6.959638,7.464531,closed,0.75,0.7161655593249716,0.7501130273367301,1.9180233910139208,1.4381716395591646,0.4798517514547564,15.812963009280741,0.2080334841067285,0.5249247355823666,431
TP0119,6,7.971757,8.476661,closed,0.75,0.7151460349126406,0.7499493092600882,2.055692825974478,1.5410824863573087,0.5146103396171694,15.804379073549882,0.2083296642134571,0.5230392585452436,431
TP0119,6,8.477822,8.982727,closed,0.75,0.714415190848603,0.7500150640201995,2.1021934277981438,1.5761215419025523,0.5260718858955916,15.801247106728539,0.20854249920881673,0.5216961229234338,431
TP0119,6,8.98389,9.488837,closed,0.75,0.7138707682355411,0.7499781584436906,2.0368270884779585,1.5267602329466359,0.5100668555313225,15.805771061484919,0.20870148203480277,0.5207025619071926,431
TP0120,6,6.459601,6.964519,closed,0.649999976,0.619638015928109,0.6500611234155848,1.8238816561415312,1.1853258185382831,0.6385558376032482,15.815061536194897,0.24044080231090487,0.39169957411600936,431
TP0120,6,6.965683,7.470589,closed,0.649999976,0.6188986237591457,0.6500201818864915,1.9355429160928073,1.2579841657076567,0.6775587503851507,15.806045233410675,0.24072951108816704,0.39094578077262176,431
TP0120,6,7.47175,7.976644,closed,0.649999976,0.6192608736967282,0.6499859914908833,2.010089713064965,1.3064666959164735,0.703623017148492,15.804041649187933,0.24058960336194893,0.3913217930742459,431
TP0120,6,7.977808,8.482707,closed,0.649999976,0.6186581378887646,0.6500113418231706,2.06745353737587,1.3437307449883993,0.723722792387471,15.798579137819027,0.24082117924825985,0.39069108357076565,431
TP0120,6,8.483867,8.988967,closed,0.649999976,0.6182119379631804,0.6499886134850104,2.1193390004570767,1.3774422716937356,0.741896728763341,15.795299538979119,0.24099519425522042,0.39023531535266825,431
TP0120,6,8.990131,9.495078,closed,0.649999976,0.6178706312415312,0.6500479133510619,2.0562911500417633,1.3364574304176333,0.71983371962413,15.800276954060324,0.24112800926450115,0.3898854511531323,431
WP0040,3,14.992893,15.497607,legacy,0.349999994,0.3381432207104604,0.3498058834536852,1.5993624902250578,0.5599329957192576,1.0394294945058007,15.809599037122972,0.4406164331995359,0.22510458363573083,431
WP0040,3,15.498979,16.003695,legacy,0.349999994,0.33936415353662136,0.35002019423772535,1.6872966699303946,0.5910642755591649,1.0962323943712295,15.803261296287703,0.4390257159048724,0.22551991529234341,431
WP0040,3,16.004855,16.509576,legacy,0.349999994,0.3396142341387074,0.34991535296825477,1.7278140804083528,0.6051621644477959,1.1226519159605568,15.800593286542924,0.43869969208816706,0.22560494407192577,431
WP0040,3,17.016627,17.521354,legacy,0.699999988,0.6750638153017313,0.7001196447801473,1.7957232709930393,1.2568997137122968,0.5388235572807425,15.802217272157772,0.22070027848955917,0.4585245149883991,431
WP0040,3,17.522517,18.027233,legacy,0.699999988,0.6719058524759491,0.7000201768268836,1.8369698799651972,1.2856003234338746,0.5513695565313225,15.799739123897913,0.2217365695150812,0.45410200198607886,431
WP0040,3,18.534275,19.038996,legacy,0.349999994,0.3365002235211019,0.3498768812205302,1.8848540868491879,0.660114015225058,1.22474007162413,15.788445072389793,0.44277633439211134,0.22454828599303947,431
WP0040,3,19.040156,19.544875,legacy,0.349999994,0.33860778173672873,0.34990399163767516,1.9067301248839907,0.667892160800464,1.2388379640835265,15.78694763526682,0.44000951538979116,0.22526243084918793,431
WP0040,3,19.546038,20.050748,legacy,0.349999994,0.3398185349161002,0.35001394180786544,1.926362462665893,0.6749037103225057,1.2514587523433878,15.786146156612528,0.43844255043387476,0.22567566452900234,431
WP0040,3,20.051912,20.556625,legacy,0.349999994,0.3419592889133248,0.34994318824070486,1.9451160216426915,0.6813917308074247,1.2637242908352668,15.784933433178654,0.43570426824593966,0.22641078637354986,431
WP0040,3,20.557788,21.062502,legacy,0.349999994,0.34157438069693785,0.35016756195847537,1.9629347033178657,0.6880854234338747,1.2748492798839908,15.78325673225058,0.43619894876798143,0.2262789408051044,431
WP0069,4,14.978365,15.482822,legacy,0.349999994,0.33628787272819516,0.34989856548154136,1.6088608013642691,0.5633359343944316,1.0455248669698376,15.814913892111372,0.4430460388399072,0.22447513413225062,431
WP0069,4,15.483989,15.988445,legacy,0.349999994,0.3384088450767303,0.34998988753560195,1.6901760806867747,0.5920365437308586,1.0981395369559166,15.809641176102089,0.44026116774013924,0.22519373244083524,431
WP0069,4,15.989605,16.494067,legacy,0.349999994,0.3387388218297396,0.3500159339834887,1.7321518924222736,0.6067327515406031,1.1254191408816705,15.80670957587007,0.4398362664176334,0.22530663877494198,431
WP0069,4,17.00085,17.505311,legacy,0.649999976,0.6256474935106188,0.6501234023021119,1.7797743350324826,1.1567186962180973,0.6230556388143852,15.808681562645011,0.2381322763225058,0.3979922949164733,431
WP0069,4,17.506474,18.010933,legacy,0.649999976,0.6227971154312982,0.6500571187170744,1.7818123581183294,1.1579340308352668,0.6238783272830626,15.808976819489558,0.23922126952436196,0.39498060551972164,431
WP0069,4,18.51772,19.022182,legacy,0.349999994,0.33685598298982067,0.3498883199158415,1.8369324879675175,0.6432862963201856,1.1936461916473318,15.79943332761021,0.44229889026914154,0.2246674507099768,431
WP0069,4,19.023341,19.527802,legacy,0.349999994,0.339118592008339,0.3499531265670025,1.8414198785684452,0.6449690682436194,1.196450810324826,15.798990398375869,0.43934460712529,0.22543623997447795,431
WP0069,4,19.528966,20.033422,legacy,0.349999994,0.3408777295577038,0.3500268644658451,1.8744769945011606,0.6568045638283062,1.2176724306728541,15.797419154988399,0.4370704663132251,0.22603699146171696,431
WP0069,4,20.03479,20.539246,legacy,0.349999994,0.341226670689005,0.3499495491851048,1.9178738160603248,0.6718373259907192,1.2460364900696055,15.793875911832949,0.4366302533851508,0.22615766095359627,431
WP0069,4,20.540409,21.04487,legacy,0.349999994,0.34194294423217747,0.3498811543722544,1.9677399520116008,0.6890950865591647,1.278644865452436,15.79118685452436,0.4357371629280743,0.22640686349419953,431
WP0069,4,21.046029,21.55049,legacy,0.349999994,0.3421009813456905,0.35009249325951874,1.992588886651972,0.6982755420580047,1.2943133445939679,15.790047939211137,0.4355369327053364,0.22646141609512763,431
WP0070,4,14.999701,15.504156,legacy,0.349999994,0.3401928933996942,0.3500124306308319,2.0147266849814383,0.705866712986079,1.3088599719953595,15.785555596287704,0.4379689644895592,0.22580492915777262,431
WP0070,4,15.505324,16.00978,legacy,0.349999994,0.3425989578698218,0.3499635880879686,2.116889638027842,0.7414479896287703,1.375441648399072,15.778448021577727,0.4348786484338747,0.22662939002088167,431
WP0070,4,16.010939,16.515401,legacy,0.349999994,0.34373194335385815,0.3500166936688985,2.176871103976798,0.7626322178979118,1.4142388860788861,15.774514616937356,0.4334423882134571,0.2270202465638051,431
WP0070,4,17.022184,17.526646,legacy,0.699999988,0.674659774475733,0.7001378420334649,2.259121253686775,1.5814503184918793,0.6776709351948955,15.777477872157773,0.22083259087935034,0.4579562835846867,431
WP0070,4,17.527808,18.032265,legacy,0.699999988,0.6708186091371372,0.7000077411022614,2.272733008684455,1.5907242615313226,0.6820087471531323,15.777488377030162,0.22209592429698377,0.45260183924825986,431
WP0070,4,18.539051,19.043513,legacy,0.349999994,0.338751533836677,0.3499281319035,2.2579994058422272,0.7907532057958236,1.4672462000464035,15.770254259164735,0.43982155271461715,0.22531121190255218,431
WP0070,4,19.044672,19.549133,legacy,0.349999994,0.34243705841465105,0.3499288711341633,2.260187007187935,0.7915198018747099,1.468667205313225,15.769505555684454,0.43508165818561484,0.22657322967749421,431
WP0070,4,19.550296,20.054753,legacy,0.349999994,0.34387159515164545,0.3499969157088114,2.2714989777795824,0.7956519417470999,1.4758470360324827,15.769410603944316,0.4332674104825986,0.22706872904176334,431
WP0070,4,20.056121,20.560577,legacy,0.349999994,0.3446036702153512,0.34998504034944034,2.2444811398167053,0.7863032090510441,1.458177930765661,15.771962630162415,0.4323452305359629,0.22732211417865428,431
WP0070,4,20.561739,21.0662,legacy,0.349999994,0.343324856369486,0.35007349655683856,2.1642503187703013,0.7582944059396752,1.4059559128306265,15.777256399303944,0.43395604776566127,0.22687947422969837,431
WP0070,4,21.067359,21.571821,legacy,0.349999994,0.34219871217133907,0.3498987918300093,2.112290057960557,0.7397465202343386,1.372543537726218,15.780420037587009,0.435384287074246,0.22649106936658933,431
WP0071,4,14.974992,15.479451,legacy,0.349999994,0.3356788792951402,0.35002102327647644,1.428261984447796,0.5002319887679815,0.9280299956798145,15.829962140835265,0.44385059368213453,0.22426944581206495,431
WP0071,4,17.503086,18.007519,legacy,0.75,0.7197600599027479,0.7501030990657513,1.5957351849234336,1.1965442991183293,0.39919088580510437,15.82466837308585,0.20699499142459393,0.5316655436774942,431
WP0071,4,19.019914,19.524358,legacy,0.349999994,0.3372353516121248,0.349923449774987,1.6387019561113692,0.5738439099582368,1.064858046153132,15.81538843851508,0.4417973978654292,0.22479554957076567,431
WP0071,4,19.525518,20.029966,legacy,0.349999994,0.33844469127132887,0.35001024024651467,1.6466483820788864,0.576760714524362,1.0698876675545244,15.814397187935034,0.44021741205568443,0.2252063159327146,431
WP0071,4,20.031134,20.53558,legacy,0.349999994,0.3386330979059744,0.34992302987091056,1.652986823475638,0.5789109230626449,1.0740759004129932,15.814260083294664,0.43997526707192575,0.22527084883294662,431
WP0071,4,20.53674,21.041197,legacy,0.349999994,0.33904977596582714,0.3500329391618997,1.6619616056426914,0.5821081896403713,1.07985341600232,15.81355354385151,0.439430121187935,0.22541227599535957,431
WP0071,4,21.042564,21.547024,legacy,0.349999994,0.33955710668067907,0.35004560372597604,1.680453398937355,0.588633605037123,1.0918197939002319,15.812572832714617,0.43877587692575404,0.2255857471763341,431
WP0072,4,15.495545,15.999949,legacy,0.349999994,0.3389769537591932,0.34992669081128663,1.5726251176635733,0.5507151452598608,1.0219099724037124,15.819775327610209,0.43953370778422274,0.2253886887099768,431
WP0072,4,16.001112,16.505534,legacy,0.349999994,0.33904427020287764,0.35002842574098625,1.6189013470046405,0.5670754274918793,1.051825919512761,15.815588802784223,0.43943997703712295,0.22541075734802785,431
WP0073,4,15.468439,15.972775,legacy,0.349999994,0.3358003293948781,0.3500513445305392,1.5620797431972158,0.5471252318886312,1.0149545113085847,15.825174567053363,0.44369670407424594,0.22431130337122968,431
WP0073,4,15.973935,16.478293,legacy,0.349999994,0.33583479496707774,0.35000444503248057,1.601400513524362,0.5607556841554524,1.0406448293689095,15.821905522969839,0.44363748661948954,0.22432118558700695,431
WP0095,5,14.999343,15.50409,closed,0.349999994,0.33610267611643857,0.35012078185357787,1.9292231759118328,0.6760816506450115,1.2531415252668214,15.79168250162413,0.44330768883062643,0.22441480812064968,431
WP0095,5,15.505254,16.009999,closed,0.349999994,0.33973749112183077,0.34988909071199215,2.029852936027842,0.7109524235916473,1.318900512436195,15.783973809976798,0.438542585925754,0.2256473347006961,431
WP0095,5,16.01116,16.515904,closed,0.349999994,0.34009611049156363,0.34990879616081205,2.101239856146172,0.735950934800464,1.3652889213457078,15.778912037587009,0.4380780105707657,0.22576967565197215,431
WP0095,5,17.022984,17.527753,closed,0.699999988,0.6744413216434404,0.7001208102528459,2.2020752890951276,1.5413068626218096,0.660768426473318,15.780789132714617,0.22090433774477958,0.4576508381902552,431
WP0095,5,17.528917,18.033662,closed,0.699999988,0.670310969684591,0.6999688618662795,2.247098782491879,1.5725129290719257,0.6745858534199536,15.777836393271462,0.22226459218793504,0.45190884992807423,431
WP0095,5,18.540743,19.045497,closed,0.349999994,0.3375987828934801,0.3498806287438567,2.2971892941136893,0.8044584479419954,1.4927308461716937,15.764496461020883,0.44132547202552197,0.2249193690603248,431
WP0095,5,19.046657,19.551607,closed,0.349999994,0.33947041229893926,0.3500275335983416,2.2691617938677493,0.794885345677494,1.4742764481902553,15.767111727842227,0.43888520598839903,0.22555576987006964,431
WP0095,5,19.55277,20.057521,closed,0.349999994,0.34076304663545964,0.3500235920430628,2.2537924725962877,0.7894630807169374,1.4643293918793503,15.768640805336426,0.43721804842923434,0.22599773455220415,431
WP0095,5,20.058682,20.563439,closed,0.349999994,0.3414812731031484,0.34995665566902984,2.252502355350348,0.7888834592946636,1.4636188960556846,15.768841181206497,0.4363006334013922,0.22624453562645014,431
WP0095,5,20.564602,21.069354,closed,0.349999994,0.34239928046477525,0.34997803057402194,2.2587847023248258,0.79118324749884,1.467601454825986,15.768250608120647,0.4351294697401393,0.22656018012064963,431
WP0095,5,21.070515,21.575261,closed,0.349999994,0.34201358630143314,0.3499939244846192,2.2662449887587006,0.7938756825406033,1.4723693062180976,15.768071368909514,0.4356206000232019,0.2264274341136891,431
WP0096,5,15.969896,16.47462,closed,0.349999994,0.3389289352919447,0.35000333565982694,2.0139226909791184,0.705530158612529,1.3083925323665895,15.784870178886313,0.4395950049234339,0.2253721741276102,431
WP0097,5,15.006112,15.510747,closed,0.349999994,0.3365257292944396,0.3500516973805838,1.9105257062946632,0.6692570757842228,1.241268630510441,15.798368228074246,0.4427326097726218,0.22455559128306266,431
WP0097,5,15.511911,16.016571,closed,0.349999994,0.3370191412971015,0.3498555209663351,1.9942155618074244,0.6982007521786544,1.2960148096287702,15.79089158399072,0.442107167700696,0.22472568881902552,431
WP0097,5,16.017731,16.522402,closed,0.349999994,0.3397293507506227,0.34992333417946825,2.06089072675406,0.7217595585870069,1.3391311681670535,15.7868527162413,0.43854943908120647,0.2256440577563805,431
WP0098,5,14.999225,15.503873,closed,0.349999994,0.3374117501682937,0.3500277811705157,1.858359779477958,0.6510644419605568,1.2072953375174011,15.795194093503481,0.44156114004872393,0.22485469894199536,431
WP0098,5,16.010867,16.515542,closed,0.349999994,0.34007940440657564,0.3500267123389989,2.034695575410673,0.7128595650394433,1.3218360103712294,15.782550184222737,0.4381013802296984,0.22576422024129933,431
WP0099,5,14.978374,15.483036,closed,0.349999994,0.3377554823707532,0.3499693731085862,1.8306127419327147,0.6411921802157774,1.1894205617169373,15.798811135730856,0.44111083429698383,0.22497128747331785,431
WP0099,5,15.484197,15.988863,closed,0.349999994,0.3401499588640649,0.3499187987230743,1.9348324120371228,0.6776148428027843,1.2572175692343388,15.792083236658934,0.4380303274222738,0.22579108901624126,431
WP0099,5,15.990026,16.4947,closed,0.349999994,0.33921604127538857,0.3500786844951843,2.0005540039327143,0.700967977064965,1.2995860268677495,15.786778874709976,0.4392270438190255,0.22547066662645013,431
WP0100,5,14.989964,15.494482,closed,0.349999994,0.33530669805083296,0.3499652061789985,1.6980290177238981,0.594691583812065,1.103337433911833,15.813764455916473,0.444341605062645,0.22414364651276103,431
WP0100,5,15.495645,16.000162,closed,0.349999994,0.3360934665566133,0.3499239033803228,1.7927503772018558,0.6279543747424594,1.1647960024593966,15.806456493503482,0.44329621965429233,0.22440860958236655,431
WP0100,5,16.001322,16.505839,closed,0.349999994,0.3379585951525657,0.350024050830419,1.8591637739257543,0.6513449039489558,1.207818869976798,15.802470336658933,0.4408483467192575,0.2250406605684455,431
WP0100,5,18.525335,19.029851,closed,0.349999994,0.3335615463236267,0.34986889081604855,2.0435207808979117,0.7156267899002321,1.3278939909976795,15.789425768445476,0.4466813398723897,0.2235585350556845,431
WP0100,5,19.031011,19.535528,closed,0.349999994,0.3380734257030131,0.3499243788850968,2.073567604519722,0.7261347654477959,1.347432839071926,15.78774906287703,0.44069758685614846,0.22507956402552207,431
WP0100,5,19.536691,20.041207,closed,0.349999994,0.3396897189787322,0.3499718055265707,2.103520947714617,0.7369045055104408,1.3666164422041764,15.785523961948957,0.43860040283062646,0.22563048650348025,431
WP0100,5,20.042367,20.546895,closed,0.349999994,0.34056806767076403,0.34996756025738995,2.1256213517865428,0.744813533387471,1.3808078183990717,15.783530887703018,0.4374680843457076,0.22593087475406035,431
WP0100,5,20.548058,21.052592,closed,0.349999994,0.34169915687301344,0.3499306374795503,2.1494419197679817,0.7528347460092808,1.3966071737587007,15.781906903480278,0.43602076137122964,0.226319183675174,431
WP0100,5,21.053751,21.558276,closed,0.349999994,0.3430801600888504,0.3500365452455268,2.1813958924825987,0.7642215024593968,1.417174390023202,15.780314593271463,0.43426433607192577,0.22679478676334106,431
WP0101,5,15.000272,15.504821,closed,0.349999994,0.33878235639145476,0.34994978525330256,1.9109931487819025,0.6694440504524363,1.2415490983294664,15.799907841067286,0.4397976628932715,0.22532393625754063,431
WP0101,5,15.505984,16.010538,closed,0.349999994,0.3411604985287995,0.3500185026447512,2.013567441573086,0.7054927636844547,1.308074677888631,15.792610465661253,0.43672289309512763,0.22613605408816706,431
WP0101,5,16.011697,16.516253,closed,0.349999994,0.3413584248305586,0.3499799517596609,2.0935178059675175,0.7335015668259861,1.3600162391415314,15.785956320649651,0.4364557137122969,0.22620206376334107,431
WP0124,6,7.442775,7.94776,closed,0.5,0.4688150278930074,0.4999177962517716,0.9717820656287703,0.4857975454663573,0.48598452016241295,15.877036645475638,0.31779699032018566,0.2804812790417633,431
WP0124,6,8.961197,9.466166,closed,0.649999976,0.6149636064837777,0.6500731200001029,1.0507601593457079,0.6828127381809745,0.36794742116473317,15.8727551900232,0.24227042646171695,0.3869522632227378,431
WP0124,6,9.46733,9.972308,closed,0.649999976,0.6158394809568832,0.6499100327355252,1.0709721193828308,0.6958635689930395,0.37510855038979124,15.87153195150812,0.24192556583062644,0.38783329464965194,431
WP0124,6,9.973469,10.478447,closed,0.649999976,0.6156019778101505,0.6499813295063775,1.08759416612761,0.7065959141322505,0.38099825199535964,15.870097811368911,0.2420193577911833,0.3875955823967517,431
