w,rga11_re,rga11_im,rga11_mag
1.000000000e-01,1.000000000e+00,-1.427120989e-20,1.000000000e+00
1.029274772e-01,1.000000000e+00,-8.118992213e-21,1.000000000e+00
1.059406557e-01,1.000000000e+00,1.160373441e-20,1.000000000e+00
1.090420443e-01,1.000000000e+00,-8.977947883e-21,1.000000000e+00
1.122342253e-01,1.000000000e+00,-5.112904311e-21,1.000000000e+00
1.155198567e-01,1.000000000e+00,6.189736308e-21,1.000000000e+00
1.189016742e-01,1.000000000e+00,-3.002231263e-20,1.000000000e+00
1.223824937e-01,1.000000000e+00,-9.792312964e-21,1.000000000e+00
1.259652133e-01,1.000000000e+00,2.172520876e-20,1.000000000e+00
1.296528163e-01,1.000000000e+00,-1.106615256e-20,1.000000000e+00
1.334483730e-01,1.000000000e+00,1.658887990e-20,1.000000000e+00
1.373550437e-01,1.000000000e+00,5.745694159e-20,1.000000000e+00
1.413760814e-01,1.000000000e+00,1.709151018e-20,1.000000000e+00
1.455148340e-01,1.000000000e+00,1.201174254e-21,1.000000000e+00
1.497747476e-01,1.000000000e+00,-1.189985641e-20,1.000000000e+00
1.541593693e-01,1.000000000e+00,5.085953554e-20,1.000000000e+00
1.586723497e-01,1.000000000e+00,-5.471677702e-22,1.000000000e+00
1.633174467e-01,1.000000000e+00,3.406555500e-20,1.000000000e+00
1.680985277e-01,1.000000000e+00,1.749407047e-20,1.000000000e+00
1.730195739e-01,1.000000000e+00,5.496443997e-20,1.000000000e+00
1.780846825e-01,1.000000000e+00,-4.717005914e-20,1.000000000e+00
1.832980711e-01,1.000000000e+00,1.507573423e-20,1.000000000e+00
1.886640804e-01,1.000000000e+00,1.271929547e-20,1.000000000e+00
1.941871784e-01,1.000000000e+00,-2.903679936e-20,1.000000000e+00
1.998719639e-01,1.000000000e+00,1.785057475e-20,1.000000000e+00
2.057231701e-01,1.000000000e+00,-2.771855468e-20,1.000000000e+00
2.117456691e-01,1.000000000e+00,-1.757929583e-20,1.000000000e+00
2.179444754e-01,1.000000000e+00,-5.764789437e-20,1.000000000e+00
2.243247503e-01,1.000000000e+00,-9.952963927e-21,1.000000000e+00
2.308918063e-01,1.000000000e+00,-4.010418291e-20,1.000000000e+00
2.376511114e-01,1.000000000e+00,-1.359775275e-20,1.000000000e+00
2.446082936e-01,1.000000000e+00,-7.024755727e-20,1.000000000e+00
2.517691457e-01,1.000000000e+00,4.880944322e-20,1.000000000e+00
2.591396301e-01,1.000000000e+00,-1.349353559e-19,1.000000000e+00
2.667258838e-01,1.000000000e+00,7.072632275e-20,1.000000000e+00
2.745342234e-01,1.000000000e+00,-3.108088574e-20,1.000000000e+00
2.825711503e-01,1.000000000e+00,-5.400397233e-20,1.000000000e+00
2.908433564e-01,1.000000000e+00,-8.398407435e-20,1.000000000e+00
2.993577295e-01,1.000000000e+00,-3.747071085e-20,1.000000000e+00
3.081213589e-01,1.000000000e+00,8.253276250e-20,1.000000000e+00
3.171415415e-01,1.000000000e+00,-6.682059167e-20,1.000000000e+00
3.264257880e-01,1.000000000e+00,2.369576455e-20,1.000000000e+00
3.359818286e-01,1.000000000e+00,-2.956810874e-20,1.000000000e+00
3.458176202e-01,1.000000000e+00,2.020747996e-20,1.000000000e+00
3.559413523e-01,1.000000000e+00,3.168481166e-20,1.000000000e+00
3.663614544e-01,1.000000000e+00,-5.770659212e-20,1.000000000e+00
3.770866026e-01,1.000000000e+00,5.272430897e-20,1.000000000e+00
3.881257271e-01,1.000000000e+00,-3.675613389e-20,1.000000000e+00
3.994880194e-01,1.000000000e+00,-1.781695111e-20,1.000000000e+00
4.111829402e-01,1.000000000e+00,-2.100625074e-20,1.000000000e+00
4.232202272e-01,1.000000000e+00,3.802538438e-20,1.000000000e+00
4.356099031e-01,1.000000000e+00,1.214944674e-20,1.000000000e+00
4.483622838e-01,1.000000000e+00,1.976498277e-20,1.000000000e+00
4.614879877e-01,1.000000000e+00,2.776188850e-20,1.000000000e+00
4.749979435e-01,1.000000000e+00,8.218516021e-20,1.000000000e+00
4.889034002e-01,1.000000000e+00,1.690780246e-20,1.000000000e+00
5.032159359e-01,1.000000000e+00,1.769404374e-20,1.000000000e+00
5.179474679e-01,1.000000000e+00,1.327653350e-19,1.000000000e+00
5.331102622e-01,1.000000000e+00,-1.959325371e-19,1.000000000e+00
5.487169438e-01,1.000000000e+00,3.818719100e-20,1.000000000e+00
5.647805074e-01,1.000000000e+00,-3.072735473e-20,1.000000000e+00
5.813143282e-01,1.000000000e+00,-3.540287470e-20,1.000000000e+00
5.983321729e-01,1.000000000e+00,2.735741420e-20,1.000000000e+00
6.158482111e-01,1.000000000e+00,1.785081724e-20,1.000000000e+00
6.338770273e-01,1.000000000e+00,1.511869321e-20,1.000000000e+00
6.524336330e-01,1.000000000e+00,-3.157796790e-20,1.000000000e+00
6.715334791e-01,1.000000000e+00,1.378873522e-19,1.000000000e+00
6.911924689e-01,1.000000000e+00,1.668485986e-19,1.000000000e+00
7.114269711e-01,1.000000000e+00,7.770830160e-20,1.000000000e+00
7.322538338e-01,1.000000000e+00,-9.842251900e-20,1.000000000e+00
7.536903981e-01,1.000000000e+00,-1.933160486e-20,1.000000000e+00
7.757545130e-01,1.000000000e+00,-1.240114336e-21,1.000000000e+00
7.984645498e-01,1.000000000e+00,1.381535288e-20,1.000000000e+00
8.218394177e-01,1.000000000e+00,-6.698528852e-21,1.000000000e+00
8.458985797e-01,1.000000000e+00,-1.463938845e-19,1.000000000e+00
8.706620681e-01,1.000000000e+00,1.302883052e-19,1.000000000e+00
8.961505019e-01,1.000000000e+00,-1.941442692e-20,1.000000000e+00
9.223851039e-01,1.000000000e+00,2.137103910e-19,1.000000000e+00
9.493877179e-01,1.000000000e+00,2.150157439e-19,1.000000000e+00
9.771808273e-01,1.000000000e+00,-2.951012368e-19,1.000000000e+00
1.005787574e+00,1.000000000e+00,-1.390595256e-19,1.000000000e+00
1.035231776e+00,1.000000000e+00,-1.552125103e-19,1.000000000e+00
1.065537951e+00,1.000000000e+00,-7.887849722e-20,1.000000000e+00
1.096731332e+00,1.000000000e+00,3.683629513e-19,1.000000000e+00
1.128837892e+00,1.000000000e+00,-7.114981235e-20,1.000000000e+00
1.161884364e+00,1.000000000e+00,1.313732993e-19,1.000000000e+00
1.195898264e+00,1.000000000e+00,1.624788087e-19,1.000000000e+00
1.230907914e+00,1.000000000e+00,2.790636846e-19,1.000000000e+00
1.266942463e+00,1.000000000e+00,-6.733716057e-20,1.000000000e+00
1.304031915e+00,1.000000000e+00,1.234577327e-19,1.000000000e+00
1.342207153e+00,1.000000000e+00,1.299641032e-19,1.000000000e+00
1.381499962e+00,1.000000000e+00,-4.369598037e-20,1.000000000e+00
1.421943059e+00,1.000000000e+00,-2.211449433e-19,1.000000000e+00
1.463570118e+00,1.000000000e+00,5.738654638e-20,1.000000000e+00
1.506415800e+00,1.000000000e+00,-3.926496296e-19,1.000000000e+00
1.550515780e+00,1.000000000e+00,1.919888398e-19,1.000000000e+00
1.595906776e+00,1.000000000e+00,-5.115735410e-20,1.000000000e+00
1.642626584e+00,1.000000000e+00,-1.363428416e-19,1.000000000e+00
1.690714103e+00,1.000000000e+00,4.176495759e-20,1.000000000e+00
1.740209374e+00,1.000000000e+00,-4.222348769e-19,1.000000000e+00
1.791153607e+00,1.000000000e+00,3.032110701e-19,1.000000000e+00
1.843589222e+00,1.000000000e+00,1.725658406e-19,1.000000000e+00
1.897559877e+00,1.000000000e+00,-3.045582297e-20,1.000000000e+00
1.953110510e+00,1.000000000e+00,-5.334795780e-19,1.000000000e+00
2.010287376e+00,1.000000000e+00,4.165028125e-20,1.000000000e+00
2.069138081e+00,1.000000000e+00,5.222421702e-20,1.000000000e+00
2.129711628e+00,1.000000000e+00,2.753524359e-20,1.000000000e+00
2.192058451e+00,1.000000000e+00,2.815935931e-19,1.000000000e+00
2.256230463e+00,1.000000000e+00,3.807337560e-19,1.000000000e+00
2.322281096e+00,1.000000000e+00,-8.988306003e-19,1.000000000e+00
2.390265347e+00,1.000000000e+00,-1.604801247e-19,1.000000000e+00
2.460239821e+00,1.000000000e+00,2.888768700e-19,1.000000000e+00
2.532262782e+00,1.000000000e+00,7.442435931e-19,1.000000000e+00
2.606394198e+00,1.000000000e+00,-2.292759779e-19,1.000000000e+00
2.682695795e+00,1.000000000e+00,1.183056781e-19,1.000000000e+00
2.761231104e+00,1.000000000e+00,-3.095383167e-19,1.000000000e+00
2.842065516e+00,1.000000000e+00,1.868998759e-19,1.000000000e+00
2.925266337e+00,1.000000000e+00,6.697577809e-19,1.000000000e+00
3.010902844e+00,1.000000000e+00,-6.346979432e-19,1.000000000e+00
3.099046339e+00,1.000000000e+00,-2.099119353e-19,1.000000000e+00
3.189770215e+00,1.000000000e+00,2.956940963e-19,1.000000000e+00
3.283150013e+00,1.000000000e+00,1.793721990e-19,1.000000000e+00
3.379263482e+00,1.000000000e+00,-2.521347930e-19,1.000000000e+00
3.478190651e+00,1.000000000e+00,3.374826292e-19,1.000000000e+00
3.580013891e+00,1.000000000e+00,3.389142683e-20,1.000000000e+00
3.684817983e+00,1.000000000e+00,-6.912604669e-19,1.000000000e+00
3.792690191e+00,1.000000000e+00,-2.586978457e-19,1.000000000e+00
3.903720333e+00,1.000000000e+00,-1.390266747e-19,1.000000000e+00
4.018000857e+00,1.000000000e+00,-1.322094278e-19,1.000000000e+00
4.135626918e+00,1.000000000e+00,9.022327863e-19,1.000000000e+00
4.256696455e+00,1.000000000e+00,9.541805683e-20,1.000000000e+00
4.381310275e+00,1.000000000e+00,7.146388728e-19,1.000000000e+00
4.509572136e+00,1.000000000e+00,-3.267319524e-20,1.000000000e+00
4.641588834e+00,1.000000000e+00,-1.996873411e-18,1.000000000e+00
4.777470290e+00,1.000000000e+00,-1.427290231e-18,1.000000000e+00
4.917329646e+00,1.000000000e+00,1.754816651e-18,1.000000000e+00
5.061283352e+00,1.000000000e+00,1.019241637e-18,1.000000000e+00
5.209451270e+00,1.000000000e+00,4.477234204e-19,1.000000000e+00
5.361956771e+00,1.000000000e+00,-5.920686964e-19,1.000000000e+00
5.518926835e+00,1.000000000e+00,4.631223437e-19,1.000000000e+00
5.680492162e+00,1.000000000e+00,1.953718955e-19,1.000000000e+00
5.846787277e+00,1.000000000e+00,-8.084717258e-20,1.000000000e+00
6.017950644e+00,1.000000000e+00,1.386533471e-18,1.000000000e+00
6.194124779e+00,1.000000000e+00,-1.060636489e-18,1.000000000e+00
6.375456372e+00,1.000000000e+00,-2.598655908e-19,1.000000000e+00
6.562096407e+00,1.000000000e+00,-6.387398881e-19,1.000000000e+00
6.754200286e+00,1.000000000e+00,-1.355800722e-19,1.000000000e+00
6.951927962e+00,1.000000000e+00,3.464131703e-19,1.000000000e+00
7.155444071e+00,1.000000000e+00,-6.329381512e-19,1.000000000e+00
7.364918067e+00,1.000000000e+00,-2.751675242e-18,1.000000000e+00
7.580524368e+00,1.000000000e+00,-1.540415306e-19,1.000000000e+00
7.802442493e+00,1.000000000e+00,7.928347661e-20,1.000000000e+00
8.030857221e+00,1.000000000e+00,-1.250944832e-18,1.000000000e+00
8.265958739e+00,1.000000000e+00,-1.133924968e-18,1.000000000e+00
8.507942800e+00,1.000000000e+00,7.628375304e-19,1.000000000e+00
8.757010889e+00,1.000000000e+00,1.843472511e-18,1.000000000e+00
9.013370390e+00,1.000000000e+00,2.059616051e-18,1.000000000e+00
9.277234756e+00,1.000000000e+00,-1.590685972e-18,1.000000000e+00
9.548823692e+00,1.000000000e+00,3.141226876e-18,1.000000000e+00
9.828363333e+00,1.000000000e+00,-2.089768529e-18,1.000000000e+00
1.011608643e+01,1.000000000e+00,-2.810285587e-19,1.000000000e+00
1.041223256e+01,1.000000000e+00,1.763871143e-18,1.000000000e+00
1.071704830e+01,1.000000000e+00,3.872106235e-18,1.000000000e+00
1.103078745e+01,1.000000000e+00,-9.503242755e-20,1.000000000e+00
1.135371124e+01,1.000000000e+00,1.577475210e-18,1.000000000e+00
1.168608855e+01,1.000000000e+00,3.678950669e-20,1.000000000e+00
1.202819614e+01,1.000000000e+00,-1.221984329e-18,1.000000000e+00
1.238031884e+01,1.000000000e+00,1.166258692e-18,1.000000000e+00
1.274274986e+01,1.000000000e+00,-1.635235733e-18,1.000000000e+00
1.311579096e+01,1.000000000e+00,6.553867889e-19,1.000000000e+00
1.349975275e+01,1.000000000e+00,-4.463190722e-19,1.000000000e+00
1.389495494e+01,1.000000000e+00,6.318957010e-19,1.000000000e+00
1.430172659e+01,1.000000000e+00,7.306193848e-19,1.000000000e+00
1.472040638e+01,1.000000000e+00,-1.375609013e-18,1.000000000e+00
1.515134292e+01,1.000000000e+00,1.743140580e-18,1.000000000e+00
1.559489504e+01,1.000000000e+00,4.651631405e-18,1.000000000e+00
1.605143204e+01,1.000000000e+00,1.785520599e-18,1.000000000e+00
1.652133406e+01,1.000000000e+00,-3.000095799e-18,1.000000000e+00
1.700499236e+01,1.000000000e+00,-1.033721635e-18,1.000000000e+00
1.750280964e+01,1.000000000e+00,6.655734321e-18,1.000000000e+00
1.801520041e+01,1.000000000e+00,-3.953742964e-18,1.000000000e+00
1.854259130e+01,1.000000000e+00,5.044653062e-18,1.000000000e+00
1.908542144e+01,1.000000000e+00,3.005925239e-18,1.000000000e+00
1.964414281e+01,1.000000000e+00,1.216580337e-18,1.000000000e+00
2.021922062e+01,1.000000000e+00,2.884620103e-19,1.000000000e+00
2.081113370e+01,1.000000000e+00,1.032309194e-18,1.000000000e+00
2.142037490e+01,1.000000000e+00,2.920697974e-18,1.000000000e+00
2.204745150e+01,1.000000000e+00,6.474993732e-19,1.000000000e+00
2.269288563e+01,1.000000000e+00,6.153174234e-19,1.000000000e+00
2.335721469e+01,1.000000000e+00,3.268900012e-18,1.000000000e+00
2.404099184e+01,1.000000000e+00,3.744433355e-18,1.000000000e+00
2.474478640e+01,1.000000000e+00,9.955360897e-20,1.000000000e+00
2.546918439e+01,1.000000000e+00,-2.747771503e-19,1.000000000e+00
2.621478897e+01,1.000000000e+00,9.600752795e-19,1.000000000e+00
2.698222095e+01,1.000000000e+00,3.344702776e-18,1.000000000e+00
2.777211932e+01,1.000000000e+00,4.669382195e-18,1.000000000e+00
2.858514180e+01,1.000000000e+00,-4.433390693e-18,1.000000000e+00
2.942196532e+01,1.000000000e+00,6.289082881e-18,1.000000000e+00
3.028328666e+01,1.000000000e+00,4.880144958e-19,1.000000000e+00
3.116982298e+01,1.000000000e+00,2.134462990e-18,1.000000000e+00
3.208231245e+01,1.000000000e+00,5.992485690e-18,1.000000000e+00
3.302151485e+01,1.000000000e+00,2.497812902e-19,1.000000000e+00
3.398821218e+01,1.000000000e+00,-7.271785001e-19,1.000000000e+00
3.498320936e+01,1.000000000e+00,-8.814473923e-18,1.000000000e+00
3.600733485e+01,1.000000000e+00,-1.170288283e-17,1.000000000e+00
3.706144138e+01,1.000000000e+00,2.109124962e-18,1.000000000e+00
3.814640664e+01,1.000000000e+00,-5.504355940e-18,1.000000000e+00
3.926313402e+01,1.000000000e+00,-5.519008330e-18,1.000000000e+00
4.041255333e+01,1.000000000e+00,-2.090413690e-18,1.000000000e+00
4.159562163e+01,1.000000000e+00,-4.056688416e-18,1.000000000e+00
4.281332399e+01,1.000000000e+00,1.410353185e-18,1.000000000e+00
4.406667430e+01,1.000000000e+00,7.358807819e-18,1.000000000e+00
4.535671616e+01,1.000000000e+00,-5.555967674e-18,1.000000000e+00
4.668452371e+01,1.000000000e+00,-8.790695072e-18,1.000000000e+00
4.805120251e+01,1.000000000e+00,9.967002987e-18,1.000000000e+00
4.945789053e+01,1.000000000e+00,-2.363177029e-18,1.000000000e+00
5.090575902e+01,1.000000000e+00,-1.542632382e-17,1.000000000e+00
5.239601353e+01,1.000000000e+00,-1.061433749e-17,1.000000000e+00
5.392989490e+01,1.000000000e+00,1.892379588e-18,1.000000000e+00
5.550868030e+01,1.000000000e+00,2.265574299e-18,1.000000000e+00
5.713368428e+01,1.000000000e+00,-1.832191990e-19,1.000000000e+00
5.880625989e+01,1.000000000e+00,-1.413154171e-17,1.000000000e+00
6.052779976e+01,1.000000000e+00,-4.042811859e-18,1.000000000e+00
6.229973732e+01,1.000000000e+00,2.541139608e-18,1.000000000e+00
6.412354796e+01,1.000000000e+00,-1.406722533e-18,1.000000000e+00
6.600075023e+01,1.000000000e+00,-5.033777002e-19,1.000000000e+00
6.793290717e+01,1.000000000e+00,3.098901222e-17,1.000000000e+00
6.992162757e+01,1.000000000e+00,3.595557851e-19,1.000000000e+00
7.196856730e+01,1.000000000e+00,-1.359785514e-18,1.000000000e+00
7.407543073e+01,1.000000000e+00,-4.754835894e-18,1.000000000e+00
7.624397210e+01,1.000000000e+00,1.437272851e-17,1.000000000e+00
7.847599704e+01,1.000000000e+00,-7.751182143e-18,1.000000000e+00
8.077336399e+01,1.000000000e+00,5.944568870e-18,1.000000000e+00
8.313798584e+01,1.000000000e+00,-1.483658048e-17,1.000000000e+00
8.557183145e+01,1.000000000e+00,1.393974490e-17,1.000000000e+00
8.807692734e+01,1.000000000e+00,2.173501308e-17,1.000000000e+00
9.065535934e+01,1.000000000e+00,-3.444553390e-18,1.000000000e+00
9.330927435e+01,1.000000000e+00,4.562306649e-18,1.000000000e+00
9.604088213e+01,1.000000000e+00,1.603601807e-17,1.000000000e+00
9.885245709e+01,1.000000000e+00,-6.906786779e-18,1.000000000e+00
1.017463403e+02,1.000000000e+00,-3.417805801e-17,1.000000000e+00
1.047249412e+02,1.000000000e+00,1.517461567e-18,1.000000000e+00
1.077907400e+02,1.000000000e+00,1.299187081e-17,1.000000000e+00
1.109462894e+02,1.000000000e+00,1.067895308e-17,1.000000000e+00
1.141942168e+02,1.000000000e+00,-9.322217295e-18,1.000000000e+00
1.175372265e+02,1.000000000e+00,2.647665370e-17,1.000000000e+00
1.209781021e+02,1.000000000e+00,-2.928545875e-17,1.000000000e+00
1.245197085e+02,1.000000000e+00,-1.333998946e-17,1.000000000e+00
1.281649946e+02,1.000000000e+00,-9.808508482e-19,1.000000000e+00
1.319169956e+02,1.000000000e+00,-2.365195818e-17,1.000000000e+00
1.357788357e+02,1.000000000e+00,4.109404906e-17,1.000000000e+00
1.397537302e+02,1.000000000e+00,7.672852371e-18,1.000000000e+00
1.438449888e+02,1.000000000e+00,-2.126427330e-17,1.000000000e+00
1.480560181e+02,1.000000000e+00,2.570219467e-18,1.000000000e+00
1.523903244e+02,1.000000000e+00,4.177474368e-18,1.000000000e+00
1.568515164e+02,1.000000000e+00,8.801689674e-18,1.000000000e+00
1.614433089e+02,1.000000000e+00,4.137890068e-17,1.000000000e+00
1.661695250e+02,1.000000000e+00,2.935721968e-17,1.000000000e+00
1.710341000e+02,1.000000000e+00,2.834385751e-17,1.000000000e+00
1.760410844e+02,1.000000000e+00,9.315790496e-18,1.000000000e+00
1.811946471e+02,1.000000000e+00,-4.967866464e-17,1.000000000e+00
1.864990791e+02,1.000000000e+00,3.169769467e-17,1.000000000e+00
1.919587972e+02,1.000000000e+00,-3.688832333e-17,1.000000000e+00
1.975783473e+02,1.000000000e+00,-2.175770800e-18,1.000000000e+00
2.033624085e+02,1.000000000e+00,-2.754026115e-18,1.000000000e+00
2.093157967e+02,1.000000000e+00,-1.515002653e-17,1.000000000e+00
2.154434690e+02,1.000000000e+00,4.551759848e-18,1.000000000e+00
2.217505275e+02,1.000000000e+00,3.307471415e-17,1.000000000e+00
2.282422238e+02,1.000000000e+00,-1.568580589e-17,1.000000000e+00
2.349239629e+02,1.000000000e+00,2.623815381e-17,1.000000000e+00
2.418013085e+02,1.000000000e+00,-2.711951783e-17,1.000000000e+00
2.488799867e+02,1.000000000e+00,9.730529618e-17,1.000000000e+00
2.561658917e+02,1.000000000e+00,-1.051493413e-17,1.000000000e+00
2.636650899e+02,1.000000000e+00,-1.565257545e-17,1.000000000e+00
2.713838254e+02,1.000000000e+00,4.540472786e-17,1.000000000e+00
2.793285251e+02,1.000000000e+00,3.909893056e-17,1.000000000e+00
2.875058041e+02,1.000000000e+00,2.806832002e-17,1.000000000e+00
2.959224711e+02,1.000000000e+00,1.473883699e-17,1.000000000e+00
3.045855341e+02,1.000000000e+00,-1.541210826e-17,1.000000000e+00
3.135022063e+02,1.000000000e+00,4.797132362e-17,1.000000000e+00
3.226799120e+02,1.000000000e+00,1.189036206e-17,1.000000000e+00
3.321262930e+02,1.000000000e+00,1.245566621e-17,1.000000000e+00
3.418492146e+02,1.000000000e+00,-3.852219463e-17,1.000000000e+00
3.518567726e+02,1.000000000e+00,-3.762811652e-17,1.000000000e+00
3.621572995e+02,1.000000000e+00,-3.878913964e-18,1.000000000e+00
3.727593720e+02,1.000000000e+00,5.783139942e-17,1.000000000e+00
3.836718178e+02,1.000000000e+00,-2.864149706e-17,1.000000000e+00
3.949037230e+02,1.000000000e+00,3.170829506e-17,1.000000000e+00
4.064644396e+02,1.000000000e+00,1.638101466e-18,1.000000000e+00
4.183635935e+02,1.000000000e+00,3.053620060e-17,1.000000000e+00
4.306110925e+02,1.000000000e+00,4.042033624e-18,1.000000000e+00
4.432171342e+02,1.000000000e+00,-6.301762190e-17,1.000000000e+00
4.561922150e+02,1.000000000e+00,-8.487537974e-19,1.000000000e+00
4.695471382e+02,1.000000000e+00,-4.189469187e-17,1.000000000e+00
4.832930239e+02,1.000000000e+00,4.750658270e-17,1.000000000e+00
4.974413171e+02,1.000000000e+00,5.528062285e-18,1.000000000e+00
5.120037985e+02,1.000000000e+00,-2.624991539e-17,1.000000000e+00
5.269925932e+02,1.000000000e+00,-4.883449390e-17,1.000000000e+00
5.424201814e+02,1.000000000e+00,-9.947971278e-17,1.000000000e+00
5.582994087e+02,1.000000000e+00,9.791589270e-18,1.000000000e+00
5.746434969e+02,1.000000000e+00,1.269057342e-17,1.000000000e+00
5.914660545e+02,1.000000000e+00,7.015701890e-17,1.000000000e+00
6.087810886e+02,1.000000000e+00,-4.604262004e-17,1.000000000e+00
6.266030164e+02,1.000000000e+00,-5.579377553e-18,1.000000000e+00
6.449466771e+02,1.000000000e+00,4.091449934e-17,1.000000000e+00
6.638273443e+02,1.000000000e+00,-1.883053486e-17,1.000000000e+00
6.832607387e+02,1.000000000e+00,-5.756557496e-18,1.000000000e+00
7.032630413e+02,1.000000000e+00,2.555296191e-17,1.000000000e+00
7.238509068e+02,1.000000000e+00,5.150420305e-18,1.000000000e+00
7.450414774e+02,1.000000000e+00,1.700666206e-17,1.000000000e+00
7.668523971e+02,1.000000000e+00,-1.067996998e-18,1.000000000e+00
7.893018265e+02,1.000000000e+00,1.178026311e-17,1.000000000e+00
8.124084578e+02,1.000000000e+00,1.109209861e-17,1.000000000e+00
8.361915305e+02,1.000000000e+00,2.162486323e-18,1.000000000e+00
8.606708472e+02,1.000000000e+00,6.991759920e-19,1.000000000e+00
8.858667904e+02,1.000000000e+00,1.339346002e-18,1.000000000e+00
9.118003391e+02,1.000000000e+00,-5.653614671e-18,1.000000000e+00
9.384930865e+02,1.000000000e+00,-1.027440057e-18,1.000000000e+00
9.659672580e+02,1.000000000e+00,1.498609503e-17,1.000000000e+00
9.942457296e+02,1.000000000e+00,7.218245017e-18,1.000000000e+00
1.023352047e+03,1.000000000e+00,-1.110958498e-17,1.000000000e+00
1.053310445e+03,1.000000000e+00,-1.023367759e-17,1.000000000e+00
1.084145869e+03,1.000000000e+00,-3.131966466e-17,1.000000000e+00
1.115883993e+03,1.000000000e+00,-2.119717013e-18,1.000000000e+00
1.148551242e+03,1.000000000e+00,2.642007407e-17,1.000000000e+00
1.182174819e+03,1.000000000e+00,-1.416011694e-17,1.000000000e+00
1.216782717e+03,1.000000000e+00,-2.136604772e-17,1.000000000e+00
1.252403755e+03,1.000000000e+00,2.631053031e-18,1.000000000e+00
1.289067589e+03,1.000000000e+00,9.432633612e-18,1.000000000e+00
1.326804750e+03,1.000000000e+00,-3.479123899e-17,1.000000000e+00
1.365646657e+03,1.000000000e+00,1.886892981e-17,1.000000000e+00
1.405625652e+03,1.000000000e+00,4.589433244e-17,1.000000000e+00
1.446775023e+03,1.000000000e+00,-5.481609040e-17,1.000000000e+00
1.489129032e+03,1.000000000e+00,6.736576392e-17,1.000000000e+00
1.532722946e+03,1.000000000e+00,-4.787570060e-17,1.000000000e+00
1.577593061e+03,1.000000000e+00,-2.260284671e-17,1.000000000e+00
1.623776739e+03,1.000000000e+00,-3.373383925e-17,1.000000000e+00
1.671312434e+03,1.000000000e+00,3.275930567e-17,1.000000000e+00
1.720239725e+03,1.000000000e+00,-1.284027846e-17,1.000000000e+00
1.770599351e+03,1.000000000e+00,2.897626911e-17,1.000000000e+00
1.822433244e+03,1.000000000e+00,1.650179453e-18,1.000000000e+00
1.875784563e+03,1.000000000e+00,-2.161180331e-18,1.000000000e+00
1.930697729e+03,1.000000000e+00,1.823456766e-18,1.000000000e+00
1.987218465e+03,1.000000000e+00,1.998293459e-18,1.000000000e+00
2.045393834e+03,1.000000000e+00,1.133068738e-17,1.000000000e+00
2.105272273e+03,1.000000000e+00,-3.155249391e-18,1.000000000e+00
2.166903639e+03,1.000000000e+00,2.122491352e-18,1.000000000e+00
2.230339250e+03,1.000000000e+00,-2.065513478e-17,1.000000000e+00
2.295631924e+03,1.000000000e+00,-1.647639790e-17,1.000000000e+00
2.362836026e+03,1.000000000e+00,-5.261022324e-17,1.000000000e+00
2.432007513e+03,1.000000000e+00,-1.580765590e-17,1.000000000e+00
2.503203980e+03,1.000000000e+00,-3.250302445e-17,1.000000000e+00
2.576484707e+03,1.000000000e+00,8.165411858e-18,1.000000000e+00
2.651910710e+03,1.000000000e+00,2.728602939e-17,1.000000000e+00
2.729544792e+03,1.000000000e+00,-1.380566017e-17,1.000000000e+00
2.809451595e+03,1.000000000e+00,-3.890592092e-17,1.000000000e+00
2.891697651e+03,1.000000000e+00,4.822732262e-17,1.000000000e+00
2.976351442e+03,1.000000000e+00,-1.964721798e-17,1.000000000e+00
3.063483453e+03,1.000000000e+00,-2.896888266e-17,1.000000000e+00
3.153166234e+03,1.000000000e+00,-1.969018925e-17,1.000000000e+00
3.245474457e+03,1.000000000e+00,-3.032483633e-17,1.000000000e+00
3.340484984e+03,1.000000000e+00,3.421986349e-18,1.000000000e+00
3.438276921e+03,1.000000000e+00,-6.253948301e-18,1.000000000e+00
3.538931695e+03,1.000000000e+00,2.796128313e-19,1.000000000e+00
3.642533115e+03,1.000000000e+00,-5.209778166e-18,1.000000000e+00
3.749167443e+03,1.000000000e+00,-2.744161640e-18,1.000000000e+00
3.858923467e+03,1.000000000e+00,7.305313669e-17,1.000000000e+00
3.971892573e+03,1.000000000e+00,8.224499067e-18,1.000000000e+00
4.088168824e+03,1.000000000e+00,-2.714905062e-17,1.000000000e+00
4.207849036e+03,1.000000000e+00,1.792653477e-17,1.000000000e+00
4.331032859e+03,1.000000000e+00,2.866870623e-17,1.000000000e+00
4.457822860e+03,1.000000000e+00,1.850569815e-17,1.000000000e+00
4.588324610e+03,1.000000000e+00,-8.742233997e-18,1.000000000e+00
4.722646769e+03,1.000000000e+00,-1.048160114e-17,1.000000000e+00
4.860901178e+03,1.000000000e+00,8.835358782e-18,1.000000000e+00
5.003202954e+03,1.000000000e+00,3.139886013e-17,1.000000000e+00
5.149670582e+03,1.000000000e+00,-8.290130232e-18,1.000000000e+00
5.300426016e+03,1.000000000e+00,4.548830537e-17,1.000000000e+00
5.455594781e+03,1.000000000e+00,-1.525808047e-17,1.000000000e+00
5.615306077e+03,1.000000000e+00,-6.662657184e-20,1.000000000e+00
5.779692884e+03,1.000000000e+00,1.665838672e-17,1.000000000e+00
5.948892078e+03,1.000000000e+00,-1.014002992e-18,1.000000000e+00
6.123044540e+03,1.000000000e+00,5.492115851e-19,1.000000000e+00
6.302295275e+03,1.000000000e+00,-6.438990998e-19,1.000000000e+00
6.486793535e+03,1.000000000e+00,-1.670281270e-18,1.000000000e+00
6.676692939e+03,1.000000000e+00,8.598847102e-18,1.000000000e+00
6.872151605e+03,1.000000000e+00,3.967634334e-17,1.000000000e+00
7.073332280e+03,1.000000000e+00,-2.478277355e-18,1.000000000e+00
7.280402472e+03,1.000000000e+00,3.315179394e-17,1.000000000e+00
7.493534598e+03,1.000000000e+00,1.150899038e-17,1.000000000e+00
7.712906118e+03,1.000000000e+00,4.173571456e-17,1.000000000e+00
7.938699689e+03,1.000000000e+00,1.948722754e-17,1.000000000e+00
8.171103315e+03,1.000000000e+00,-4.713919928e-17,1.000000000e+00
8.410310505e+03,1.000000000e+00,7.265860400e-17,1.000000000e+00
8.656520431e+03,1.000000000e+00,-1.247637281e-17,1.000000000e+00
8.909938097e+03,1.000000000e+00,8.501041942e-18,1.000000000e+00
9.170774507e+03,1.000000000e+00,-4.913580126e-17,1.000000000e+00
9.439246843e+03,1.000000000e+00,1.528532460e-17,1.000000000e+00
9.715578646e+03,1.000000000e+00,8.555178653e-18,1.000000000e+00
1.000000000e+04,1.000000000e+00,-4.069241210e-17,1.000000000e+00
