w,K11_mag,K12_mag,K21_mag,K22_mag,K11_ph,K22_ph
1.000000000e-01,7.992466636e+01,1.716710543e+00,9.927602551e-04,1.334540305e+00,-9.001935052e+01,-5.077005327e+01
1.029274772e-01,7.765143781e+01,1.671903511e+00,9.754946089e-04,1.311980136e+00,-9.001991700e+01,-4.996098629e+01
1.059406557e-01,7.544286472e+01,1.628478346e+00,9.589119582e-04,1.290323187e+00,-9.002050006e+01,-4.914808599e+01
1.090420443e-01,7.329710815e+01,1.586398052e+00,9.429916760e-04,1.269541742e+00,-9.002110020e+01,-4.833200320e+01
1.122342253e-01,7.121238147e+01,1.545626688e+00,9.277135000e-04,1.249608574e+00,-9.002171790e+01,-4.751340222e+01
1.155198567e-01,6.918694886e+01,1.506129335e+00,9.130575253e-04,1.230496935e+00,-9.002235369e+01,-4.669295826e+01
1.189016742e-01,6.721912386e+01,1.467872059e+00,8.990041987e-04,1.212180554e+00,-9.002300809e+01,-4.587135468e+01
1.223824937e-01,6.530726800e+01,1.430821887e+00,8.855343136e-04,1.194633630e+00,-9.002368165e+01,-4.504928030e+01
1.259652133e-01,6.344978938e+01,1.394946763e+00,8.726290069e-04,1.177830830e+00,-9.002437492e+01,-4.422742651e+01
1.296528163e-01,6.164514141e+01,1.360215528e+00,8.602697565e-04,1.161747290e+00,-9.002508849e+01,-4.340648444e+01
1.334483730e-01,5.989182147e+01,1.326597880e+00,8.484383802e-04,1.146358608e+00,-9.002582295e+01,-4.258714210e+01
1.373550437e-01,5.818836968e+01,1.294064348e+00,8.371170355e-04,1.131640855e+00,-9.002657891e+01,-4.177008157e+01
1.413760814e-01,5.653336768e+01,1.262586262e+00,8.262882204e-04,1.117570568e+00,-9.002735700e+01,-4.095597626e+01
1.455148340e-01,5.492543745e+01,1.232135721e+00,8.159347747e-04,1.104124761e+00,-9.002815787e+01,-4.014548820e+01
1.497747476e-01,5.336324018e+01,1.202685570e+00,8.060398819e-04,1.091280922e+00,-9.002898219e+01,-3.933926552e+01
1.541593693e-01,5.184547512e+01,1.174209365e+00,7.965870720e-04,1.079017020e+00,-9.002983063e+01,-3.853794001e+01
1.586723497e-01,5.037087852e+01,1.146681349e+00,7.875602240e-04,1.067311510e+00,-9.003070392e+01,-3.774212489e+01
1.633174467e-01,4.893822258e+01,1.120076427e+00,7.789435695e-04,1.056143337e+00,-9.003160277e+01,-3.695241270e+01
1.680985277e-01,4.754631442e+01,1.094370135e+00,7.707216958e-04,1.045491938e+00,-9.003252793e+01,-3.616937339e+01
1.730195739e-01,4.619399508e+01,1.069538617e+00,7.628795489e-04,1.035337251e+00,-9.003348018e+01,-3.539355270e+01
1.780846825e-01,4.488013857e+01,1.045558602e+00,7.554024371e-04,1.025659715e+00,-9.003446031e+01,-3.462547059e+01
1.832980711e-01,4.360365093e+01,1.022407375e+00,7.482760335e-04,1.016440275e+00,-9.003546912e+01,-3.386562006e+01
1.886640804e-01,4.236346930e+01,1.000062756e+00,7.414863789e-04,1.007660384e+00,-9.003650747e+01,-3.311446606e+01
1.941871784e-01,4.115856107e+01,9.785030800e-01,7.350198842e-04,9.993020071e-01,-9.003757622e+01,-3.237244470e+01
1.998719639e-01,3.998792298e+01,9.577071687e-01,7.288633316e-04,9.913476219e-01,-9.003867626e+01,-3.163996263e+01
2.057231701e-01,3.885058031e+01,9.376543146e-01,7.230038765e-04,9.837802189e-01,-9.003980849e+01,-3.091739666e+01
2.117456691e-01,3.774558608e+01,9.183242585e-01,7.174290479e-04,9.765833020e-01,-9.004097388e+01,-3.020509354e+01
2.179444754e-01,3.667202022e+01,8.996971706e-01,7.121267483e-04,9.697408872e-01,-9.004217338e+01,-2.950337000e+01
2.243247503e-01,3.562898884e+01,8.817536325e-01,7.070852532e-04,9.632375008e-01,-9.004340799e+01,-2.881251292e+01
2.308918063e-01,3.461562347e+01,8.644746195e-01,7.022932102e-04,9.570581762e-01,-9.004467875e+01,-2.813277966e+01
2.376511114e-01,3.363108036e+01,8.478414844e-01,6.977396365e-04,9.511884507e-01,-9.004598671e+01,-2.746439857e+01
2.446082936e-01,3.267453973e+01,8.318359428e-01,6.934139168e-04,9.456143602e-01,-9.004733296e+01,-2.680756964e+01
2.517691457e-01,3.174520514e+01,8.164400585e-01,6.893057996e-04,9.403224341e-01,-9.004871863e+01,-2.616246525e+01
2.591396301e-01,3.084230277e+01,8.016362312e-01,6.854053939e-04,9.352996887e-01,-9.005014485e+01,-2.552923104e+01
2.667258838e-01,2.996508085e+01,7.874071846e-01,6.817031639e-04,9.305336202e-01,-9.005161283e+01,-2.490798686e+01
2.745342234e-01,2.911280897e+01,7.737359557e-01,6.781899248e-04,9.260121965e-01,-9.005312378e+01,-2.429882783e+01
2.825711503e-01,2.828477749e+01,7.606058860e-01,6.748568364e-04,9.217238490e-01,-9.005467897e+01,-2.370182542e+01
2.908433564e-01,2.748029696e+01,7.480006131e-01,6.716953975e-04,9.176574633e-01,-9.005627968e+01,-2.311702861e+01
2.993577295e-01,2.669869755e+01,7.359040637e-01,6.686974392e-04,9.138023690e-01,-9.005792726e+01,-2.254446508e+01
3.081213589e-01,2.593932846e+01,7.243004480e-01,6.658551175e-04,9.101483301e-01,-9.005962306e+01,-2.198414237e+01
3.171415415e-01,2.520155742e+01,7.131742549e-01,6.631609065e-04,9.066855341e-01,-9.006136852e+01,-2.143604919e+01
3.264257880e-01,2.448477012e+01,7.025102483e-01,6.606075903e-04,9.034045807e-01,-9.006316506e+01,-2.090015656e+01
3.359818286e-01,2.378836976e+01,6.922934645e-01,6.581882553e-04,9.002964706e-01,-9.006501421e+01,-2.037641907e+01
3.458176202e-01,2.311177647e+01,6.825092104e-01,6.558962816e-04,8.973525943e-01,-9.006691748e+01,-1.986477610e+01
3.559413523e-01,2.245442690e+01,6.731430629e-01,6.537253350e-04,8.945647197e-01,-9.006887647e+01,-1.936515295e+01
3.663614544e-01,2.181577372e+01,6.641808683e-01,6.516693583e-04,8.919249805e-01,-9.007089282e+01,-1.887746205e+01
3.770866026e-01,2.119528516e+01,6.556087433e-01,6.497225626e-04,8.894258643e-01,-9.007296818e+01,-1.840160406e+01
3.881257271e-01,2.059244458e+01,6.474130759e-01,6.478794188e-04,8.870602008e-01,-9.007510431e+01,-1.793746894e+01
3.994880194e-01,2.000675003e+01,6.395805271e-01,6.461346485e-04,8.848211492e-01,-9.007730297e+01,-1.748493706e+01
4.111829402e-01,1.943771384e+01,6.320980331e-01,6.444832158e-04,8.827021868e-01,-9.007956600e+01,-1.704388012e+01
4.232202272e-01,1.888486222e+01,6.249528073e-01,6.429203182e-04,8.806970972e-01,-9.008189527e+01,-1.661416219e+01
4.356099031e-01,1.834773483e+01,6.181323430e-01,6.414413782e-04,8.787999583e-01,-9.008429273e+01,-1.619564058e+01
4.483622838e-01,1.782588444e+01,6.116244158e-01,6.400420344e-04,8.770051312e-01,-9.008676038e+01,-1.578816673e+01
4.614879877e-01,1.731887655e+01,6.054170865e-01,6.387181339e-04,8.753072484e-01,-9.008930027e+01,-1.539158700e+01
4.749979435e-01,1.682628899e+01,5.994987033e-01,6.374657233e-04,8.737012033e-01,-9.009191451e+01,-1.500574350e+01
4.889034002e-01,1.634771162e+01,5.938579040e-01,6.362810406e-04,8.721821388e-01,-9.009460528e+01,-1.463047476e+01
5.032159359e-01,1.588274597e+01,5.884836185e-01,6.351605078e-04,8.707454371e-01,-9.009737483e+01,-1.426561645e+01
5.179474679e-01,1.543100488e+01,5.833650700e-01,6.341007227e-04,8.693867090e-01,-9.010022545e+01,-1.391100202e+01
5.331102622e-01,1.499211221e+01,5.784917769e-01,6.330984515e-04,8.681017843e-01,-9.010315953e+01,-1.356646326e+01
5.487169438e-01,1.456570253e+01,5.738535532e-01,6.321506212e-04,8.668867015e-01,-9.010617949e+01,-1.323183089e+01
5.647805074e-01,1.415142080e+01,5.694405094e-01,6.312543128e-04,8.657376988e-01,-9.010928787e+01,-1.290693505e+01
5.813143282e-01,1.374892206e+01,5.652430524e-01,6.304067541e-04,8.646512047e-01,-9.011248724e+01,-1.259160579e+01
5.983321729e-01,1.335787118e+01,5.612518846e-01,6.296053131e-04,8.636238292e-01,-9.011578027e+01,-1.228567347e+01
6.158482111e-01,1.297794256e+01,5.574580035e-01,6.288474915e-04,8.626523552e-01,-9.011916971e+01,-1.198896922e+01
6.338770273e-01,1.260881986e+01,5.538526993e-01,6.281309181e-04,8.617337303e-01,-9.012265837e+01,-1.170132527e+01
6.524336330e-01,1.225019573e+01,5.504275535e-01,6.274533435e-04,8.608650589e-01,-9.012624916e+01,-1.142257526e+01
6.715334791e-01,1.190177156e+01,5.471744360e-01,6.268126332e-04,8.600435944e-01,-9.012994507e+01,-1.115255462e+01
6.911924689e-01,1.156325725e+01,5.440855015e-01,6.262067632e-04,8.592667318e-01,-9.013374917e+01,-1.089110079e+01
7.114269711e-01,1.123437094e+01,5.411531866e-01,6.256338133e-04,8.585320011e-01,-9.013766464e+01,-1.063805347e+01
7.322538338e-01,1.091483878e+01,5.383702051e-01,6.250919631e-04,8.578370600e-01,-9.014169473e+01,-1.039325489e+01
7.536903981e-01,1.060439472e+01,5.357295438e-01,6.245794862e-04,8.571796875e-01,-9.014584280e+01,-1.015654998e+01
7.757545130e-01,1.030278027e+01,5.332244575e-01,6.240947458e-04,8.565577779e-01,-9.015011230e+01,-9.927786570e+00
7.984645498e-01,1.000974430e+01,5.308484634e-01,6.236361900e-04,8.559693347e-01,-9.015450679e+01,-9.706815547e+00
8.218394177e-01,9.725042812e+00,5.285953358e-01,6.232023475e-04,8.554124647e-01,-9.015902993e+01,-9.493491002e+00
8.458985797e-01,9.448438754e+00,5.264591002e-01,6.227918233e-04,8.548853731e-01,-9.016368548e+01,-9.287670359e+00
8.706620681e-01,9.179701817e+00,5.244340267e-01,6.224032947e-04,8.543863574e-01,-9.016847732e+01,-9.089214487e+00
8.961505019e-01,8.918608239e+00,5.225146240e-01,6.220355076e-04,8.539138034e-01,-9.017340943e+01,-8.897987806e+00
9.223851039e-01,8.664940625e+00,5.206956328e-01,6.216872726e-04,8.534661795e-01,-9.017848593e+01,-8.713858365e+00
9.493877179e-01,8.418487761e+00,5.189720187e-01,6.213574616e-04,8.530420330e-01,-9.018371105e+01,-8.536697922e+00
9.771808273e-01,8.179044442e+00,5.173389655e-01,6.210450047e-04,8.526399850e-01,-9.018908912e+01,-8.366382005e+00
1.005787574e+00,7.946411298e+00,5.157918686e-01,6.207488864e-04,8.522587267e-01,-9.019462464e+01,-8.202789966e+00
1.035231776e+00,7.720394631e+00,5.143263276e-01,6.204681431e-04,8.518970154e-01,-9.020032220e+01,-8.045805029e+00
1.065537951e+00,7.500806250e+00,5.129381394e-01,6.202018601e-04,8.515536704e-01,-9.020618656e+01,-7.895314322e+00
1.096731332e+00,7.287463318e+00,5.116232912e-01,6.199491685e-04,8.512275697e-01,-9.021222259e+01,-7.751208911e+00
1.128837892e+00,7.080188198e+00,5.103779537e-01,6.197092428e-04,8.509176466e-01,-9.021843532e+01,-7.613383821e+00
1.161884364e+00,6.878808305e+00,5.091984736e-01,6.194812983e-04,8.506228860e-01,-9.022482992e+01,-7.481738054e+00
1.195898264e+00,6.683155963e+00,5.080813677e-01,6.192645887e-04,8.503423216e-01,-9.023141173e+01,-7.356174602e+00
1.230907914e+00,6.493068264e+00,5.070233150e-01,6.190584038e-04,8.500750326e-01,-9.023818620e+01,-7.236600454e+00
1.266942463e+00,6.308386934e+00,5.060211511e-01,6.188620672e-04,8.498201413e-01,-9.024515900e+01,-7.122926603e+00
1.304031915e+00,6.128958200e+00,5.050718608e-01,6.186749342e-04,8.495768097e-01,-9.025233592e+01,-7.015068043e+00
1.342207153e+00,5.954632664e+00,5.041725722e-01,6.184963898e-04,8.493442374e-01,-9.025972293e+01,-6.912943769e+00
1.381499962e+00,5.785265176e+00,5.033205500e-01,6.183258467e-04,8.491216586e-01,-9.026732619e+01,-6.816476770e+00
1.421943059e+00,5.620714714e+00,5.025131898e-01,6.181627438e-04,8.489083401e-01,-9.027515203e+01,-6.725594026e+00
1.463570118e+00,5.460844267e+00,5.017480118e-01,6.180065437e-04,8.487035787e-01,-9.028320697e+01,-6.640226498e+00
1.506415800e+00,5.305520721e+00,5.010226551e-01,6.178567317e-04,8.485066991e-01,-9.029149770e+01,-6.560309115e+00
1.550515780e+00,5.154614748e+00,5.003348721e-01,6.177128138e-04,8.483170516e-01,-9.030003113e+01,-6.485780768e+00
1.595906776e+00,5.008000698e+00,4.996825226e-01,6.175743152e-04,8.481340100e-01,-9.030881437e+01,-6.416584295e+00
1.642626584e+00,4.865556495e+00,4.990635690e-01,6.174407787e-04,8.479569697e-01,-9.031785473e+01,-6.352666469e+00
1.690714103e+00,4.727163534e+00,4.984760709e-01,6.173117634e-04,8.477853459e-01,-9.032715973e+01,-6.293977989e+00
1.740209374e+00,4.592706585e+00,4.979181799e-01,6.171868431e-04,8.476185713e-01,-9.033673712e+01,-6.240473460e+00
1.791153607e+00,4.462073694e+00,4.973881351e-01,6.170656050e-04,8.474560947e-01,-9.034659487e+01,-6.192111389e+00
1.843589222e+00,4.335156090e+00,4.968842582e-01,6.169476486e-04,8.472973788e-01,-9.035674120e+01,-6.148854167e+00
1.897559877e+00,4.211848097e+00,4.964049489e-01,6.168325840e-04,8.471418990e-01,-9.036718454e+01,-6.110668057e+00
1.953110510e+00,4.092047045e+00,4.959486809e-01,6.167200307e-04,8.469891411e-01,-9.037793359e+01,-6.077523187e+00
2.010287376e+00,3.975653183e+00,4.955139972e-01,6.166096168e-04,8.468386000e-01,-9.038899730e+01,-6.049393534e+00
2.069138081e+00,3.862569597e+00,4.950995064e-01,6.165009773e-04,8.466897783e-01,-9.040038488e+01,-6.026256916e+00
2.129711628e+00,3.752702130e+00,4.947038787e-01,6.163937533e-04,8.465421839e-01,-9.041210581e+01,-6.008094983e+00
2.192058451e+00,3.645959300e+00,4.943258418e-01,6.162875905e-04,8.463953294e-01,-9.042416984e+01,-5.994893209e+00
2.256230463e+00,3.542252232e+00,4.939641777e-01,6.161821383e-04,8.462487296e-01,-9.043658702e+01,-5.986640882e+00
2.322281096e+00,3.441494574e+00,4.936177188e-01,6.160770485e-04,8.461019006e-01,-9.044936769e+01,-5.983331098e+00
2.390265347e+00,3.343602431e+00,4.932853448e-01,6.159719745e-04,8.459543581e-01,-9.046252247e+01,-5.984960757e+00
2.460239821e+00,3.248494295e+00,4.929659789e-01,6.158665698e-04,8.458056157e-01,-9.047606232e+01,-5.991530553e+00
2.532262782e+00,3.156090976e+00,4.926585852e-01,6.157604872e-04,8.456551832e-01,-9.048999852e+01,-6.003044977e+00
2.606394198e+00,3.066315535e+00,4.923621652e-01,6.156533773e-04,8.455025657e-01,-9.050434266e+01,-6.019512307e+00
2.682695795e+00,2.979093221e+00,4.920757550e-01,6.155448879e-04,8.453472612e-01,-9.051910667e+01,-6.040944609e+00
2.761231104e+00,2.894351410e+00,4.917984221e-01,6.154346625e-04,8.451887595e-01,-9.053430286e+01,-6.067357732e+00
2.842065516e+00,2.812019543e+00,4.915292631e-01,6.153223395e-04,8.450265407e-01,-9.054994385e+01,-6.098771312e+00
2.925266337e+00,2.732029068e+00,4.912674003e-01,6.152075506e-04,8.448600731e-01,-9.056604268e+01,-6.135208765e+00
3.010902844e+00,2.654313380e+00,4.910119796e-01,6.150899201e-04,8.446888119e-01,-9.058261274e+01,-6.176697291e+00
3.099046339e+00,2.578807772e+00,4.907621676e-01,6.149690635e-04,8.445121975e-01,-9.059966782e+01,-6.223267872e+00
3.189770215e+00,2.505449374e+00,4.905171491e-01,6.148445866e-04,8.443296536e-01,-9.061722211e+01,-6.274955271e+00
3.283150013e+00,2.434177106e+00,4.902761244e-01,6.147160837e-04,8.441405857e-01,-9.063529022e+01,-6.331798034e+00
3.379263482e+00,2.364931622e+00,4.900383074e-01,6.145831370e-04,8.439443789e-01,-9.065388719e+01,-6.393838491e+00
3.478190651e+00,2.297655268e+00,4.898029225e-01,6.144453151e-04,8.437403965e-01,-9.067302848e+01,-6.461122748e+00
3.580013891e+00,2.232292026e+00,4.895692029e-01,6.143021714e-04,8.435279777e-01,-9.069273003e+01,-6.533700696e+00
3.684817983e+00,2.168787473e+00,4.893363878e-01,6.141532436e-04,8.433064360e-01,-9.071300823e+01,-6.611625998e+00
3.792690191e+00,2.107088731e+00,4.891037202e-01,6.139980512e-04,8.430750569e-01,-9.073387994e+01,-6.694956092e+00
3.903720333e+00,2.047144428e+00,4.888704448e-01,6.138360953e-04,8.428330959e-01,-9.075536254e+01,-6.783752183e+00
4.018000857e+00,1.988904653e+00,4.886358054e-01,6.136668561e-04,8.425797765e-01,-9.077747388e+01,-6.878079237e+00
4.135626918e+00,1.932320912e+00,4.883990432e-01,6.134897921e-04,8.423142877e-01,-9.080023237e+01,-6.978005968e+00
4.256696455e+00,1.877346092e+00,4.881593939e-01,6.133043386e-04,8.420357822e-01,-9.082365694e+01,-7.083604828e+00
4.381310275e+00,1.823934419e+00,4.879160859e-01,6.131099057e-04,8.417433734e-01,-9.084776706e+01,-7.194951992e+00
4.509572136e+00,1.772041419e+00,4.876683379e-01,6.129058768e-04,8.414361336e-01,-9.087258279e+01,-7.312127336e+00
4.641588834e+00,1.721623886e+00,4.874153570e-01,6.126916074e-04,8.411130911e-01,-9.089812477e+01,-7.435214413e+00
4.777470290e+00,1.672639838e+00,4.871563359e-01,6.124664229e-04,8.407732277e-01,-9.092441422e+01,-7.564300427e+00
4.917329646e+00,1.625048491e+00,4.868904511e-01,6.122296169e-04,8.404154762e-01,-9.095147303e+01,-7.699476198e+00
5.061283352e+00,1.578810217e+00,4.866168605e-01,6.119804496e-04,8.400387175e-01,-9.097932366e+01,-7.840836119e+00
5.209451270e+00,1.533886517e+00,4.863347010e-01,6.117181459e-04,8.396417777e-01,-9.100798929e+01,-7.988478111e+00
5.361956771e+00,1.490239985e+00,4.860430867e-01,6.114418934e-04,8.392234255e-01,-9.103749373e+01,-8.142503570e+00
5.518926835e+00,1.447834280e+00,4.857411060e-01,6.111508407e-04,8.387823690e-01,-9.106786151e+01,-8.303017298e+00
5.680492162e+00,1.406634093e+00,4.854278199e-01,6.108440948e-04,8.383172527e-01,-9.109911787e+01,-8.470127437e+00
5.846787277e+00,1.366605118e+00,4.851022592e-01,6.105207200e-04,8.378266545e-01,-9.113128876e+01,-8.643945381e+00
6.017950644e+00,1.327714026e+00,4.847634226e-01,6.101797352e-04,8.373090824e-01,-9.116440092e+01,-8.824585682e+00
6.194124779e+00,1.289928434e+00,4.844102738e-01,6.098201116e-04,8.367629712e-01,-9.119848185e+01,-9.012165945e+00
6.375456372e+00,1.253216881e+00,4.840417401e-01,6.094407715e-04,8.361866796e-01,-9.123355986e+01,-9.206806708e+00
6.562096407e+00,1.217548798e+00,4.836567092e-01,6.090405853e-04,8.355784863e-01,-9.126966406e+01,-9.408631303e+00
6.754200286e+00,1.182894488e+00,4.832540273e-01,6.086183695e-04,8.349365872e-01,-9.130682444e+01,-9.617765705e+00
6.951927962e+00,1.149225094e+00,4.828324967e-01,6.081728850e-04,8.342590917e-01,-9.134507183e+01,-9.834338367e+00
7.155444071e+00,1.116512582e+00,4.823908737e-01,6.077028345e-04,8.335440195e-01,-9.138443797e+01,-1.005848003e+01
7.364918067e+00,1.084729715e+00,4.819278661e-01,6.072068605e-04,8.327892975e-01,-9.142495552e+01,-1.029032350e+01
7.580524368e+00,1.053850027e+00,4.814421309e-01,6.066835434e-04,8.319927557e-01,-9.146665808e+01,-1.053000346e+01
7.802442493e+00,1.023847807e+00,4.809322728e-01,6.061313992e-04,8.311521251e-01,-9.150958023e+01,-1.077765615e+01
8.030857221e+00,9.946980740e-01,4.803968412e-01,6.055488776e-04,8.302650336e-01,-9.155375754e+01,-1.103341916e+01
8.265958739e+00,9.663765555e-01,4.798343290e-01,6.049343604e-04,8.293290037e-01,-9.159922663e+01,-1.129743106e+01
8.507942800e+00,9.388596696e-01,4.792431702e-01,6.042861595e-04,8.283414491e-01,-9.164602513e+01,-1.156983110e+01
8.757010889e+00,9.121245040e-01,4.786217383e-01,6.036025152e-04,8.272996726e-01,-9.169419182e+01,-1.185075885e+01
9.013370390e+00,8.861487972e-01,4.779683450e-01,6.028815951e-04,8.262008631e-01,-9.174376654e+01,-1.214035377e+01
9.277234756e+00,8.609109203e-01,4.772812381e-01,6.021214926e-04,8.250420941e-01,-9.179479030e+01,-1.243875479e+01
9.548823692e+00,8.363898585e-01,4.765586009e-01,6.013202262e-04,8.238203214e-01,-9.184730529e+01,-1.274609987e+01
9.828363333e+00,8.125651936e-01,4.757985509e-01,6.004757383e-04,8.225323820e-01,-9.190135490e+01,-1.306252544e+01
1.011608643e+01,7.894170875e-01,4.749991391e-01,5.995858954e-04,8.211749932e-01,-9.195698377e+01,-1.338816589e+01
1.041223256e+01,7.669262653e-01,4.741583499e-01,5.986484875e-04,8.197447519e-01,-9.201423781e+01,-1.372315299e+01
1.071704830e+01,7.450739992e-01,4.732741004e-01,5.976612291e-04,8.182381350e-01,-9.207316424e+01,-1.406761522e+01
1.103078745e+01,7.238420932e-01,4.723442415e-01,5.966217593e-04,8.166515005e-01,-9.213381161e+01,-1.442167711e+01
1.135371124e+01,7.032128675e-01,4.713665580e-01,5.955276439e-04,8.149810882e-01,-9.219622987e+01,-1.478545854e+01
1.168608855e+01,6.831691444e-01,4.703387704e-01,5.943763767e-04,8.132230231e-01,-9.226047036e+01,-1.515907395e+01
1.202819614e+01,6.636942333e-01,4.692585365e-01,5.931653824e-04,8.113733183e-01,-9.232658589e+01,-1.554263152e+01
1.238031884e+01,6.447719174e-01,4.681234534e-01,5.918920198e-04,8.094278791e-01,-9.239463074e+01,-1.593623234e+01
1.274274986e+01,6.263864399e-01,4.669310612e-01,5.905535856e-04,8.073825088e-01,-9.246466071e+01,-1.633996946e+01
1.311579096e+01,6.085224909e-01,4.656788462e-01,5.891473194e-04,8.052329151e-01,-9.253673316e+01,-1.675392695e+01
1.349975275e+01,5.911651947e-01,4.643642456e-01,5.876704092e-04,8.029747179e-01,-9.261090705e+01,-1.717817888e+01
1.389495494e+01,5.743000972e-01,4.629846527e-01,5.861199982e-04,8.006034590e-01,-9.268724296e+01,-1.761278832e+01
1.430172659e+01,5.579131545e-01,4.615374230e-01,5.844931920e-04,7.981146122e-01,-9.276580314e+01,-1.805780618e+01
1.472040638e+01,5.419907205e-01,4.600198812e-01,5.827870679e-04,7.955035961e-01,-9.284665156e+01,-1.851327013e+01
1.515134292e+01,5.265195358e-01,4.584293293e-01,5.809986840e-04,7.927657877e-01,-9.292985392e+01,-1.897920341e+01
1.559489504e+01,5.114867169e-01,4.567630553e-01,5.791250905e-04,7.898965383e-01,-9.301547769e+01,-1.945561362e+01
1.605143204e+01,4.968797450e-01,4.550183434e-01,5.771633415e-04,7.868911906e-01,-9.310359217e+01,-1.994249152e+01
1.652133406e+01,4.826864562e-01,4.531924849e-01,5.751105087e-04,7.837450979e-01,-9.319426850e+01,-2.043980977e+01
1.700499236e+01,4.688950309e-01,4.512827905e-01,5.729636955e-04,7.804536455e-01,-9.328757971e+01,-2.094752167e+01
1.750280964e+01,4.554939841e-01,4.492866031e-01,5.707200527e-04,7.770122729e-01,-9.338360075e+01,-2.146555989e+01
1.801520041e+01,4.424721559e-01,4.472013124e-01,5.683767961e-04,7.734164991e-01,-9.348240850e+01,-2.199383521e+01
1.854259130e+01,4.298187025e-01,4.450243697e-01,5.659312238e-04,7.696619488e-01,-9.358408184e+01,-2.253223529e+01
1.908542144e+01,4.175230867e-01,4.427533047e-01,5.633807359e-04,7.657443805e-01,-9.368870166e+01,-2.308062342e+01
1.964414281e+01,4.055750693e-01,4.403857422e-01,5.607228548e-04,7.616597165e-01,-9.379635088e+01,-2.363883739e+01
2.021922062e+01,3.939647009e-01,4.379194203e-01,5.579552461e-04,7.574040738e-01,-9.390711448e+01,-2.420668829e+01
2.081113370e+01,3.826823135e-01,4.353522093e-01,5.550757412e-04,7.529737972e-01,-9.402107955e+01,-2.478395948e+01
2.142037490e+01,3.717185123e-01,4.326821308e-01,5.520823594e-04,7.483654923e-01,-9.413833524e+01,-2.537040563e+01
2.204745150e+01,3.610641682e-01,4.299073780e-01,5.489733314e-04,7.435760606e-01,-9.425897288e+01,-2.596575177e+01
2.269288563e+01,3.507104101e-01,4.270263355e-01,5.457471228e-04,7.386027338e-01,-9.438308588e+01,-2.656969254e+01
2.335721469e+01,3.406486176e-01,4.240375998e-01,5.424024573e-04,7.334431095e-01,-9.451076985e+01,-2.718189155e+01
2.404099184e+01,3.308704141e-01,4.209399994e-01,5.389383402e-04,7.280951860e-01,-9.464212250e+01,-2.780198081e+01
2.474478640e+01,3.213676595e-01,4.177326148e-01,5.353540810e-04,7.225573967e-01,-9.477724375e+01,-2.842956042e+01
2.546918439e+01,3.121324438e-01,4.144147977e-01,5.316493156e-04,7.168286435e-01,-9.491623563e+01,-2.906419835e+01
2.621478897e+01,3.031570804e-01,4.109861895e-01,5.278240263e-04,7.109083287e-01,-9.505920232e+01,-2.970543046e+01
2.698222095e+01,2.944341001e-01,4.074467384e-01,5.238785623e-04,7.047963852e-01,-9.520625015e+01,-3.035276062e+01
2.777211932e+01,2.859562447e-01,4.037967155e-01,5.198136559e-04,6.984933037e-01,-9.535748752e+01,-3.100566118e+01
2.858514180e+01,2.777164610e-01,4.000367289e-01,5.156304387e-04,6.920001574e-01,-9.551302495e+01,-3.166357350e+01
2.942196532e+01,2.697078953e-01,3.961677359e-01,5.113304543e-04,6.853186234e-01,-9.567297496e+01,-3.232590881e+01
3.028328666e+01,2.619238878e-01,3.921910532e-01,5.069156681e-04,6.784509999e-01,-9.583745210e+01,-3.299204924e+01
3.116982298e+01,2.543579668e-01,3.881083641e-01,5.023884743e-04,6.714002192e-01,-9.600657287e+01,-3.366134905e+01
3.208231245e+01,2.470038439e-01,3.839217237e-01,4.977516998e-04,6.641698563e-01,-9.618045563e+01,-3.433313614e+01
3.302151485e+01,2.398554086e-01,3.796335604e-01,4.930086038e-04,6.567641319e-01,-9.635922059e+01,-3.500671371e+01
3.398821218e+01,2.329067234e-01,3.752466752e-01,4.881628743e-04,6.491879112e-01,-9.654298966e+01,-3.568136215e+01
3.498320936e+01,2.261520192e-01,3.707642373e-01,4.832186207e-04,6.414466962e-01,-9.673188640e+01,-3.635634115e+01
3.600733485e+01,2.195856903e-01,3.661897766e-01,4.781803617e-04,6.335466127e-01,-9.692603591e+01,-3.703089189e+01
3.706144138e+01,2.132022902e-01,3.615271730e-01,4.730530102e-04,6.254943924e-01,-9.712556468e+01,-3.770423948e+01
3.814640664e+01,2.069965271e-01,3.567806427e-01,4.678418535e-04,6.172973488e-01,-9.733060050e+01,-3.837559550e+01
3.926313402e+01,2.009632596e-01,3.519547211e-01,4.625525304e-04,6.089633478e-01,-9.754127224e+01,-3.904416064e+01
4.041255333e+01,1.950974928e-01,3.470542431e-01,4.571910042e-04,6.005007735e-01,-9.775770975e+01,-3.970912743e+01
4.159562163e+01,1.893943740e-01,3.420843204e-01,4.517635326e-04,5.919184895e-01,-9.798004363e+01,-4.036968304e+01
4.281332399e+01,1.838491891e-01,3.370503160e-01,4.462766342e-04,5.832257950e-01,-9.820840502e+01,-4.102501206e+01
4.406667430e+01,1.784573590e-01,3.319578177e-01,4.407370530e-04,5.744323780e-01,-9.844292541e+01,-4.167429938e+01
4.535671616e+01,1.732144355e-01,3.268126081e-01,4.351517197e-04,5.655482649e-01,-9.868373632e+01,-4.231673294e+01
4.668452371e+01,1.681160984e-01,3.216206344e-01,4.295277123e-04,5.565837673e-01,-9.893096907e+01,-4.295150649e+01
4.805120251e+01,1.631581515e-01,3.163879764e-01,4.238722140e-04,5.475494273e-01,-9.918475445e+01,-4.357782221e+01
4.945789053e+01,1.583365202e-01,3.111208136e-01,4.181924713e-04,5.384559609e-01,-9.944522240e+01,-4.419489330e+01
5.090575902e+01,1.536472474e-01,3.058253928e-01,4.124957510e-04,5.293142011e-01,-9.971250161e+01,-4.480194638e+01
5.239601353e+01,1.490864912e-01,3.005079945e-01,4.067892981e-04,5.201350414e-01,-9.998671918e+01,-4.539822373e+01
5.392989490e+01,1.446505214e-01,2.951749009e-01,4.010802932e-04,5.109293793e-01,-1.002680001e+02,-4.598298545e+01
5.550868030e+01,1.403357173e-01,2.898323640e-01,3.953758120e-04,5.017080619e-01,-1.005564669e+02,-4.655551133e+01
5.713368428e+01,1.361385646e-01,2.844865748e-01,3.896827854e-04,4.924818325e-01,-1.008522389e+02,-4.711510257e+01
5.880625989e+01,1.320556527e-01,2.791436343e-01,3.840079625e-04,4.832612809e-01,-1.011554320e+02,-4.766108334e+01
6.052779976e+01,1.280836724e-01,2.738095261e-01,3.783578744e-04,4.740567957e-01,-1.014661579e+02,-4.819280206e+01
6.229973732e+01,1.242194137e-01,2.684900904e-01,3.727388024e-04,4.648785202e-01,-1.017845234e+02,-4.870963252e+01
6.412354796e+01,1.204597627e-01,2.631910011e-01,3.671567469e-04,4.557363121e-01,-1.021106297e+02,-4.921097479e+01
6.600075023e+01,1.168017006e-01,2.579177442e-01,3.616174017e-04,4.466397067e-01,-1.024445720e+02,-4.969625589e+01
6.793290717e+01,1.132423002e-01,2.526755992e-01,3.561261291e-04,4.375978849e-01,-1.027864384e+02,-5.016493030e+01
6.992162757e+01,1.097787250e-01,2.474696226e-01,3.506879403e-04,4.286196449e-01,-1.031363089e+02,-5.061648030e+01
7.196856730e+01,1.064082267e-01,2.423046340e-01,3.453074781e-04,4.197133781e-01,-1.034942552e+02,-5.105041608e+01
7.407543073e+01,1.031281433e-01,2.371852046e-01,3.399890032e-04,4.108870496e-01,-1.038603391e+02,-5.146627573e+01
7.624397210e+01,9.993589739e-02,2.321156483e-01,3.347363844e-04,4.021481823e-01,-1.042346118e+02,-5.186362509e+01
7.847599704e+01,9.682899465e-02,2.271000145e-01,3.295530914e-04,3.935038457e-01,-1.046171129e+02,-5.224205741e+01
8.077336399e+01,9.380502180e-02,2.221420839e-01,3.244421916e-04,3.849606480e-01,-1.050078693e+02,-5.260119298e+01
8.313798584e+01,9.086164523e-02,2.172453661e-01,3.194063496e-04,3.765247319e-01,-1.054068941e+02,-5.294067861e+01
8.557183145e+01,8.799660941e-02,2.124130988e-01,3.144478301e-04,3.682017739e-01,-1.058141854e+02,-5.326018701e+01
8.807692734e+01,8.520773534e-02,2.076482493e-01,3.095685036e-04,3.599969868e-01,-1.062297252e+02,-5.355941617e+01
9.065535934e+01,8.249291915e-02,2.029535172e-01,3.047698542e-04,3.519151246e-01,-1.066534780e+02,-5.383808865e+01
9.330927435e+01,7.985013062e-02,1.983313392e-01,3.000529914e-04,3.439604904e-01,-1.070853898e+02,-5.409595084e+01
9.604088213e+01,7.727741179e-02,1.937838947e-01,2.954186626e-04,3.361369464e-01,-1.075253866e+02,-5.433277221e+01
9.885245709e+01,7.477287557e-02,1.893131122e-01,2.908672687e-04,3.284479257e-01,-1.079733733e+02,-5.454834460e+01
1.017463403e+02,7.233470430e-02,1.849206779e-01,2.863988819e-04,3.208964459e-01,-1.084292322e+02,-5.474248142e+01
1.047249412e+02,6.996114843e-02,1.806080437e-01,2.820132642e-04,3.134851242e-01,-1.088928219e+02,-5.491501703e+01
1.077907400e+02,6.765052502e-02,1.763764370e-01,2.777098883e-04,3.062161931e-01,-1.093639760e+02,-5.506580600e+01
1.109462894e+02,6.540121634e-02,1.722268700e-01,2.734879597e-04,2.990915179e-01,-1.098425018e+02,-5.519472250e+01
1.141942168e+02,6.321166838e-02,1.681601506e-01,2.693464395e-04,2.921126139e-01,-1.103281789e+02,-5.530165981e+01
1.175372265e+02,6.108038932e-02,1.641768923e-01,2.652840686e-04,2.852806645e-01,-1.108207585e+02,-5.538652972e+01
1.209781021e+02,5.900594794e-02,1.602775250e-01,2.612993920e-04,2.785965399e-01,-1.113199620e+02,-5.544926221e+01
1.245197085e+02,5.698697196e-02,1.564623061e-01,2.573907844e-04,2.720608147e-01,-1.118254799e+02,-5.548980503e+01
1.281649946e+02,5.502214631e-02,1.527313304e-01,2.535564751e-04,2.656737869e-01,-1.123369711e+02,-5.550812349e+01
1.319169956e+02,5.311021129e-02,1.490845416e-01,2.497945740e-04,2.594354955e-01,-1.128540621e+02,-5.550420029e+01
1.357788357e+02,5.124996070e-02,1.455217417e-01,2.461030963e-04,2.533457384e-01,-1.133763461e+02,-5.547803543e+01
1.397537302e+02,4.944023979e-02,1.420426022e-01,2.424799882e-04,2.474040896e-01,-1.139033828e+02,-5.542964623e+01
1.438449888e+02,4.767994317e-02,1.386466728e-01,2.389231508e-04,2.416099158e-01,-1.144346975e+02,-5.535906743e+01
1.480560181e+02,4.596801259e-02,1.353333919e-01,2.354304640e-04,2.359623929e-01,-1.149697816e+02,-5.526635139e+01
1.523903244e+02,4.430343462e-02,1.321020951e-01,2.319998095e-04,2.304605210e-01,-1.155080920e+02,-5.515156839e+01
1.568515164e+02,4.268523821e-02,1.289520243e-01,2.286290926e-04,2.251031397e-01,-1.160490515e+02,-5.501480697e+01
1.614433089e+02,4.111249225e-02,1.258823357e-01,2.253162624e-04,2.198889416e-01,-1.165920493e+02,-5.485617438e+01
1.661695250e+02,3.958430286e-02,1.228921082e-01,2.220593314e-04,2.148164864e-01,-1.171364414e+02,-5.467579715e+01
1.710341000e+02,3.809981079e-02,1.199803502e-01,2.188563925e-04,2.098842126e-01,-1.176815514e+02,-5.447382161e+01
1.760410844e+02,3.665818865e-02,1.171460071e-01,2.157056356e-04,2.050904499e-01,-1.182266721e+02,-5.425041459e+01
1.811946471e+02,3.525863810e-02,1.143879676e-01,2.126053611e-04,2.004334301e-01,-1.187710661e+02,-5.400576407e+01
1.864990791e+02,3.390038704e-02,1.117050699e-01,2.095539926e-04,1.959112975e-01,-1.193139676e+02,-5.374007997e+01
1.919587972e+02,3.258268678e-02,1.090961072e-01,2.065500870e-04,1.915221184e-01,-1.198545842e+02,-5.345359486e+01
1.975783473e+02,3.130480916e-02,1.065598328e-01,2.035923427e-04,1.872638899e-01,-1.203920988e+02,-5.314656475e+01
2.033624085e+02,3.006604382e-02,1.040949653e-01,2.006796059e-04,1.831345484e-01,-1.209256721e+02,-5.281926989e+01
2.093157967e+02,2.886569540e-02,1.017001923e-01,1.978108750e-04,1.791319770e-01,-1.214544441e+02,-5.247201549e+01
2.154434690e+02,2.770308093e-02,9.937417461e-02,1.949853023e-04,1.752540125e-01,-1.219775376e+02,-5.210513246e+01
2.217505275e+02,2.657752721e-02,9.711554987e-02,1.922021946e-04,1.714984516e-01,-1.224940604e+02,-5.171897811e+01
2.282422238e+02,2.548836847e-02,9.492293538e-02,1.894610113e-04,1.678630570e-01,-1.230031081e+02,-5.131393675e+01
2.349239629e+02,2.443494401e-02,9.279493100e-02,1.867613608e-04,1.643455627e-01,-1.235037673e+02,-5.089042024e+01
2.418013085e+02,2.341659618e-02,9.073012149e-02,1.841029950e-04,1.609436784e-01,-1.239951183e+02,-5.044886841e+01
2.488799867e+02,2.243266839e-02,8.872707858e-02,1.814858027e-04,1.576550946e-01,-1.244762386e+02,-4.998974940e+01
2.561658917e+02,2.148250349e-02,8.678436272e-02,1.789098013e-04,1.544774859e-01,-1.249462057e+02,-4.951355988e+01
2.636650899e+02,2.056544222e-02,8.490052454e-02,1.763751267e-04,1.514085149e-01,-1.254041006e+02,-4.902082504e+01
2.713838254e+02,1.968082202e-02,8.307410601e-02,1.738820233e-04,1.484458356e-01,-1.258490105e+02,-4.851209854e+01
2.793285251e+02,1.882797598e-02,8.130364146e-02,1.714308318e-04,1.455870964e-01,-1.262800325e+02,-4.798796220e+01
2.875058041e+02,1.800623206e-02,7.958765822e-02,1.690219770e-04,1.428299425e-01,-1.266962764e+02,-4.744902550e+01
2.959224711e+02,1.721491260e-02,7.792467726e-02,1.666559553e-04,1.401720188e-01,-1.270968675e+02,-4.689592497e+01
3.045855341e+02,1.645333395e-02,7.631321348e-02,1.643333208e-04,1.376109717e-01,-1.274809503e+02,-4.632932330e+01
3.135022063e+02,1.572080645e-02,7.475177598e-02,1.620546727e-04,1.351444519e-01,-1.278476905e+02,-4.574990824e+01
3.226799120e+02,1.501663453e-02,7.323886818e-02,1.598206413e-04,1.327701158e-01,-1.281962788e+02,-4.515839137e+01
3.321262930e+02,1.434011705e-02,7.177298782e-02,1.576318754e-04,1.304856275e-01,-1.285259326e+02,-4.455550657e+01
3.418492146e+02,1.369054780e-02,7.035262694e-02,1.554890288e-04,1.282886609e-01,-1.288358994e+02,-4.394200836e+01
3.518567726e+02,1.306721618e-02,6.897627179e-02,1.533927488e-04,1.261769006e-01,-1.291254591e+02,-4.331867002e+01
3.621572995e+02,1.246940804e-02,6.764240273e-02,1.513436638e-04,1.241480445e-01,-1.293939263e+02,-4.268628150e+01
3.727593720e+02,1.189640657e-02,6.634949421e-02,1.493423725e-04,1.221998045e-01,-1.296406530e+02,-4.204564721e+01
3.836718178e+02,1.134749337e-02,6.509601465e-02,1.473894337e-04,1.203299084e-01,-1.298650306e+02,-4.139758362e+01
3.949037230e+02,1.082194955e-02,6.388042656e-02,1.454853568e-04,1.185361012e-01,-1.300664926e+02,-4.074291677e+01
4.064644396e+02,1.031905692e-02,6.270118660e-02,1.436305932e-04,1.168161469e-01,-1.302445164e+02,-4.008247958e+01
4.183635935e+02,9.838099143e-03,6.155674589e-02,1.418255290e-04,1.151678295e-01,-1.303986258e+02,-3.941710921e+01
4.306110925e+02,9.378363019e-03,6.044555034e-02,1.400704781e-04,1.135889545e-01,-1.305283933e+02,-3.874764419e+01
4.432171342e+02,8.939139655e-03,5.936604131e-02,1.383656766e-04,1.120773503e-01,-1.306334418e+02,-3.807492168e+01
4.561922150e+02,8.519725681e-03,5.831665631e-02,1.367112780e-04,1.106308697e-01,-1.307134475e+02,-3.739977456e+01
4.695471382e+02,8.119424412e-03,5.729583009e-02,1.351073494e-04,1.092473910e-01,-1.307681413e+02,-3.672302866e+01
4.832930239e+02,7.737546965e-03,5.630199588e-02,1.335538687e-04,1.079248193e-01,-1.307973117e+02,-3.604549996e+01
4.974413171e+02,7.373413319e-03,5.533358701e-02,1.320507219e-04,1.066610877e-01,-1.308008064e+02,-3.536799184e+01
5.120037985e+02,7.026353315e-03,5.438903884e-02,1.305977024e-04,1.054541585e-01,-1.307785345e+02,-3.469129247e+01
5.269925932e+02,6.695707571e-03,5.346679099e-02,1.291945100e-04,1.043020246e-01,-1.307304686e+02,-3.401617227e+01
5.424201814e+02,6.380828335e-03,5.256529011e-02,1.278407512e-04,1.032027100e-01,-1.306566467e+02,-3.334338144e+01
5.582994087e+02,6.081080253e-03,5.168299296e-02,1.265359397e-04,1.021542713e-01,-1.305571734e+02,-3.267364773e+01
5.746434969e+02,5.795841053e-03,5.081836997e-02,1.252794980e-04,1.011547985e-01,-1.304322220e+02,-3.200767428e+01
5.914660545e+02,5.524502155e-03,4.996990936e-02,1.240707588e-04,1.002024158e-01,-1.302820349e+02,-3.134613763e+01
6.087810886e+02,5.266469208e-03,4.913612169e-02,1.229089681e-04,9.929528256e-02,-1.301069244e+02,-3.068968591e+01
6.266030164e+02,5.021162542e-03,4.831554499e-02,1.217932876e-04,9.843159387e-02,-1.299072733e+02,-3.003893717e+01
6.449466771e+02,4.788017564e-03,4.750675038e-02,1.207227981e-04,9.760958154e-02,-1.296835336e+02,-2.939447793e+01
6.638273443e+02,4.566485081e-03,4.670834828e-02,1.196965034e-04,9.682751459e-02,-1.294362258e+02,-2.875686185e+01
6.832607387e+02,4.356031574e-03,4.591899504e-02,1.187133344e-04,9.608369999e-02,-1.291659367e+02,-2.812660861e+01
7.032630413e+02,4.156139413e-03,4.513740014e-02,1.177721540e-04,9.537648322e-02,-1.288733165e+02,-2.750420294e+01
7.238509068e+02,3.966307031e-03,4.436233372e-02,1.168717621e-04,9.470424898e-02,-1.285590748e+02,-2.689009386e+01
7.450414774e+02,3.786049060e-03,4.359263450e-02,1.160109009e-04,9.406542174e-02,-1.282239754e+02,-2.628469401e+01
7.668523971e+02,3.614896429e-03,4.282721793e-02,1.151882612e-04,9.345846645e-02,-1.278688307e+02,-2.568837931e+01
7.893018265e+02,3.452396432e-03,4.206508442e-02,1.144024886e-04,9.288188917e-02,-1.274944939e+02,-2.510148861e+01
8.124084578e+02,3.298112777e-03,4.130532754e-02,1.136521907e-04,9.233423781e-02,-1.271018517e+02,-2.452432365e+01
8.361915305e+02,3.151625606e-03,4.054714197e-02,1.129359440e-04,9.181410289e-02,-1.266918145e+02,-2.395714919e+01
8.606708472e+02,3.012531490e-03,3.978983110e-02,1.122523016e-04,9.132011830e-02,-1.262653068e+02,-2.340019326e+01
8.858667904e+02,2.880443408e-03,3.903281389e-02,1.115998017e-04,9.085096218e-02,-1.258232568e+02,-2.285364773e+01
9.118003391e+02,2.754990698e-03,3.827563088e-02,1.109769753e-04,9.040535772e-02,-1.253665853e+02,-2.231766894e+01
9.384930865e+02,2.635818981e-03,3.751794916e-02,1.103823555e-04,8.998207407e-02,-1.248961952e+02,-2.179237865e+01
9.659672580e+02,2.522590058e-03,3.675956594e-02,1.098144853e-04,8.957992716e-02,-1.244129601e+02,-2.127786518e+01
9.942457296e+02,2.414981768e-03,3.600041060e-02,1.092719272e-04,8.919778051e-02,-1.239177148e+02,-2.077418473e+01
1.023352047e+03,2.312687812e-03,3.524054501e-02,1.087532708e-04,8.883454596e-02,-1.234112451e+02,-2.028136293e+01
1.053310445e+03,2.215417525e-03,3.448016198e-02,1.082571419e-04,8.848918424e-02,-1.228942802e+02,-1.979939658e+01
1.084145869e+03,2.122895614e-03,3.371958175e-02,1.077822097e-04,8.816070548e-02,-1.223674852e+02,-1.932825562e+01
1.115883993e+03,2.034861827e-03,3.295924651e-02,1.073271942e-04,8.784816943e-02,-1.218314566e+02,-1.886788524e+01
1.148551242e+03,1.951070588e-03,3.219971286e-02,1.068908722e-04,8.755068549e-02,-1.212867182e+02,-1.841820807e+01
1.182174819e+03,1.871290559e-03,3.144164248e-02,1.064720835e-04,8.726741247e-02,-1.207337199e+02,-1.797912663e+01
1.216782717e+03,1.795304167e-03,3.068579105e-02,1.060697346e-04,8.699755810e-02,-1.201728385e+02,-1.755052569e+01
1.252403755e+03,1.722907071e-03,2.993299566e-02,1.056828023e-04,8.674037822e-02,-1.196043798e+02,-1.713227480e+01
1.289067589e+03,1.653907588e-03,2.918416106e-02,1.053103358e-04,8.649517561e-02,-1.190285831e+02,-1.672423072e+01
1.326804750e+03,1.588126080e-03,2.844024494e-02,1.049514575e-04,8.626129863e-02,-1.184456270e+02,-1.632623985e+01
1.365646657e+03,1.525394311e-03,2.770224280e-02,1.046053628e-04,8.603813950e-02,-1.178556370e+02,-1.593814058e+01
1.405625652e+03,1.465554784e-03,2.697117257e-02,1.042713184e-04,8.582513233e-02,-1.172586935e+02,-1.555976548e+01
1.446775023e+03,1.408460066e-03,2.624805946e-02,1.039486601e-04,8.562175097e-02,-1.166548415e+02,-1.519094333e+01
1.489129032e+03,1.353972104e-03,2.553392141e-02,1.036367895e-04,8.542750665e-02,-1.160441003e+02,-1.483150101e+01
1.532722946e+03,1.301961560e-03,2.482975538e-02,1.033351692e-04,8.524194551e-02,-1.154264732e+02,-1.448126514e+01
1.577593061e+03,1.252307154e-03,2.413652485e-02,1.030433185e-04,8.506464600e-02,-1.148019574e+02,-1.414006350e+01
1.623776739e+03,1.204895028e-03,2.345514869e-02,1.027608083e-04,8.489521633e-02,-1.141705537e+02,-1.380772625e+01
1.671312434e+03,1.159618152e-03,2.278649157e-02,1.024872550e-04,8.473329189e-02,-1.135322749e+02,-1.348408692e+01
1.720239725e+03,1.116375752e-03,2.213135609e-02,1.022223150e-04,8.457853267e-02,-1.128871539e+02,-1.316898316e+01
1.770599351e+03,1.075072787e-03,2.149047657e-02,1.019656796e-04,8.443062093e-02,-1.122352509e+02,-1.286225731e+01
1.822433244e+03,1.035619467e-03,2.086451461e-02,1.017170689e-04,8.428925886e-02,-1.115766592e+02,-1.256375680e+01
1.875784563e+03,9.979308077e-04,2.025405628e-02,1.014762268e-04,8.415416645e-02,-1.109115103e+02,-1.227333433e+01
1.930697729e+03,9.619262362e-04,1.965961084e-02,1.012429166e-04,8.402507955e-02,-1.102399774e+02,-1.199084797e+01
1.987218465e+03,9.275292340e-04,1.908161094e-02,1.010169158e-04,8.390174808e-02,-1.095622786e+02,-1.171616112e+01
2.045393834e+03,8.946670207e-04,1.852041407e-02,1.007980130e-04,8.378393444e-02,-1.088786786e+02,-1.144914237e+01
2.105272273e+03,8.632702750e-04,1.797630507e-02,1.005860039e-04,8.367141216e-02,-1.081894894e+02,-1.118966527e+01
2.166903639e+03,8.332728895e-04,1.744949962e-02,1.003806886e-04,8.356396461e-02,-1.074950710e+02,-1.093760809e+01
2.230339250e+03,8.046117556e-04,1.694014841e-02,1.001818693e-04,8.346138401e-02,-1.067958303e+02,-1.069285353e+01
2.295631924e+03,7.772265760e-04,1.644834192e-02,9.998934799e-05,8.336347054e-02,-1.060922206e+02,-1.045528838e+01
2.362836026e+03,7.510597003e-04,1.597411548e-02,9.980292508e-05,8.327003158e-02,-1.053847398e+02,-1.022480326e+01
2.432007513e+03,7.260559800e-04,1.551745470e-02,9.962239827e-05,8.318088110e-02,-1.046739287e+02,-1.000129225e+01
2.503203980e+03,7.021626415e-04,1.507830087e-02,9.944756170e-05,8.309583921e-02,-1.039603691e+02,-9.784652631e+00
2.576484707e+03,6.793291722e-04,1.465655639e-02,9.927820548e-05,8.301473170e-02,-1.032446820e+02,-9.574784612e+00
2.651910710e+03,6.575072182e-04,1.425209001e-02,9.911411542e-05,8.293738977e-02,-1.025275247e+02,-9.371591086e+00
2.729544792e+03,6.366504909e-04,1.386474187e-02,9.895507307e-05,8.286364976e-02,-1.018095896e+02,-9.174977412e+00
2.809451595e+03,6.167146810e-04,1.349432818e-02,9.880085586e-05,8.279335297e-02,-1.010916018e+02,-8.984851232e+00
2.891697651e+03,5.976573779e-04,1.314064557e-02,9.865123747e-05,8.272634552e-02,-1.003743174e+02,-8.801122318e+00
2.976351442e+03,5.794379929e-04,1.280347500e-02,9.850598824e-05,8.266247825e-02,-9.965852169e+01,-8.623702444e+00
3.063483453e+03,5.620176861e-04,1.248258517e-02,9.836487573e-05,8.260160661e-02,-9.894502787e+01,-8.452505292e+00
3.153166234e+03,5.453592948e-04,1.217773552e-02,9.822766535e-05,8.254359062e-02,-9.823467562e+01,-8.287446379e+00
3.245474457e+03,5.294272639e-04,1.188867870e-02,9.809412101e-05,8.248829484e-02,-9.752833001e+01,-8.128443011e+00
3.340484984e+03,5.141875776e-04,1.161516249e-02,9.796400582e-05,8.243558828e-02,-9.682688053e+01,-7.975414256e+00
3.438276921e+03,4.996076917e-04,1.135693132e-02,9.783708284e-05,8.238534442e-02,-9.613124018e+01,-7.828280939e+00
3.538931695e+03,4.856564664e-04,1.111372721e-02,9.771311585e-05,8.233744117e-02,-9.544234472e+01,-7.686965652e+00
3.642533115e+03,4.723041000e-04,1.088529031e-02,9.759187012e-05,8.229176079e-02,-9.476115195e+01,-7.551392777e+00
3.749167443e+03,4.595220635e-04,1.067135897e-02,9.747311320e-05,8.224818994e-02,-9.408864092e+01,-7.421488527e+00
3.858923467e+03,4.472830356e-04,1.047166936e-02,9.735661575e-05,8.220661959e-02,-9.342581117e+01,-7.297180994e+00
3.971892573e+03,4.355608382e-04,1.028595483e-02,9.724215242e-05,8.216694499e-02,-9.277368175e+01,-7.178400209e+00
4.088168824e+03,4.243303739e-04,1.011394479e-02,9.712950266e-05,8.212906567e-02,-9.213329010e+01,-7.065078207e+00
4.207849036e+03,4.135675643e-04,9.955363448e-03,9.701845169e-05,8.209288535e-02,-9.150569072e+01,-6.957149106e+00
4.331032859e+03,4.032492893e-04,9.809928235e-03,9.690879139e-05,8.205831194e-02,-9.089195349e+01,-6.854549189e+00
4.457822860e+03,3.933533294e-04,9.677348110e-03,9.680032135e-05,8.202525746e-02,-9.029316156e+01,-6.757216991e+00
4.588324610e+03,3.838583088e-04,9.557321735e-03,9.669284990e-05,8.199363800e-02,-8.971040897e+01,-6.665093400e+00
4.722646769e+03,3.747436420e-04,9.449535615e-03,9.658619521e-05,8.196337367e-02,-8.914479757e+01,-6.578121755e+00
4.860901178e+03,3.659894818e-04,9.353662255e-03,9.648018646e-05,8.193438854e-02,-8.859743359e+01,-6.496247961e+00
5.003202954e+03,3.575766718e-04,9.269358385e-03,9.637466508e-05,8.190661058e-02,-8.806942346e+01,-6.419420600e+00
5.149670582e+03,3.494867009e-04,9.196263316e-03,9.626948607e-05,8.187997157e-02,-8.756186912e+01,-6.347591060e+00
5.300426016e+03,3.417016622e-04,9.133997483e-03,9.616451929e-05,8.185440705e-02,-8.707586255e+01,-6.280713666e+00
5.455594781e+03,3.342042154e-04,9.082161197e-03,9.605965096e-05,8.182985622e-02,-8.661247971e+01,-6.218745820e+00
5.615306077e+03,3.269775544e-04,9.040333670e-03,9.595478500e-05,8.180626184e-02,-8.617277373e+01,-6.161648149e+00
5.779692884e+03,3.200053787e-04,9.008072321e-03,9.584984459e-05,8.178357014e-02,-8.575776741e+01,-6.109384663e+00
5.948892078e+03,3.132718700e-04,8.984912401e-03,9.574477355e-05,8.176173065e-02,-8.536844511e+01,-6.061922923e+00
6.123044540e+03,3.067616750e-04,8.970366941e-03,9.563953783e-05,8.174069610e-02,-8.500574392e+01,-6.019234210e+00
6.302295275e+03,3.004598927e-04,8.963927057e-03,9.553412679e-05,8.172042223e-02,-8.467054441e+01,-5.981293705e+00
6.486793535e+03,2.943520683e-04,8.965062595e-03,9.542855448e-05,8.170086756e-02,-8.436366076e+01,-5.948080680e+00
6.676692939e+03,2.884241930e-04,8.973223146e-03,9.532286065e-05,8.168199323e-02,-8.408583070e+01,-5.919578677e+00
6.872151605e+03,2.826627098e-04,8.987839423e-03,9.521711162e-05,8.166376270e-02,-8.383770510e+01,-5.895775704e+00
7.073332280e+03,2.770545257e-04,9.008325010e-03,9.511140072e-05,8.164614142e-02,-8.361983760e+01,-5.876664415e+00
7.280402472e+03,2.715870295e-04,9.034078484e-03,9.500584853e-05,8.162909657e-02,-8.343267438e+01,-5.862242291e+00
7.493534598e+03,2.662481155e-04,9.064485922e-03,9.490060255e-05,8.161259663e-02,-8.327654425e+01,-5.852511806e+00
7.712906118e+03,2.610262120e-04,9.098923778e-03,9.479583645e-05,8.159661098e-02,-8.315164945e+01,-5.847480576e+00
7.938699689e+03,2.559103146e-04,9.136762139e-03,9.469174871e-05,8.158110943e-02,-8.305805721e+01,-5.847161484e+00
8.171103315e+03,2.508900224e-04,9.177368338e-03,9.458856066e-05,8.156606176e-02,-8.299569252e+01,-5.851572778e+00
8.410310505e+03,2.459555774e-04,9.220110925e-03,9.448651390e-05,8.155143716e-02,-8.296433227e+01,-5.860738139e+00
8.656520431e+03,2.410979041e-04,9.264363930e-03,9.438586703e-05,8.153720373e-02,-8.296360110e+01,-5.874686696e+00
8.909938097e+03,2.363086490e-04,9.309511413e-03,9.428689169e-05,8.152332786e-02,-8.299296910e+01,-5.893453009e+00
9.170774507e+03,2.315802182e-04,9.354952212e-03,9.418986805e-05,8.150977370e-02,-8.305175172e+01,-5.917077000e+00
9.439246843e+03,2.269058107e-04,9.400104827e-03,9.409507968e-05,8.149650260e-02,-8.313911194e+01,-5.945603828e+00
9.715578646e+03,2.222794468e-04,9.444412348e-03,9.400280799e-05,8.148347255e-02,-8.325406485e+01,-5.979083718e+00
1.000000000e+04,2.176959884e-04,9.487347319e-03,9.391332630e-05,8.147063769e-02,-8.339548479e+01,-6.017571741e+00
