w,sigma_max_S,sigma_min_S,sigma_max_T,sigma_min_T
1.000000000e-01,6.533074156e-03,1.787423348e-03,9.999993585e-01,9.999952721e-01
1.029274772e-01,6.724328275e-03,1.839749690e-03,9.999993201e-01,9.999949911e-01
1.059406557e-01,6.921181275e-03,1.893607869e-03,9.999992794e-01,9.999946933e-01
1.090420443e-01,7.123797056e-03,1.949042726e-03,9.999992364e-01,9.999943778e-01
1.122342253e-01,7.332344317e-03,2.006100420e-03,9.999991907e-01,9.999940435e-01
1.155198567e-01,7.546996692e-03,2.064828458e-03,9.999991424e-01,9.999936893e-01
1.189016742e-01,7.767932900e-03,2.125275737e-03,9.999990912e-01,9.999933141e-01
1.223824937e-01,7.995336891e-03,2.187492588e-03,9.999990369e-01,9.999929165e-01
1.259652133e-01,8.229397999e-03,2.251530814e-03,9.999989794e-01,9.999924953e-01
1.296528163e-01,8.470311099e-03,2.317443733e-03,9.999989185e-01,9.999920490e-01
1.334483730e-01,8.718276771e-03,2.385286227e-03,9.999988540e-01,9.999915761e-01
1.373550437e-01,8.973501466e-03,2.455114783e-03,9.999987857e-01,9.999910751e-01
1.413760814e-01,9.236197677e-03,2.526987540e-03,9.999987133e-01,9.999905443e-01
1.455148340e-01,9.506584117e-03,2.600964341e-03,9.999986365e-01,9.999899820e-01
1.497747476e-01,9.784885900e-03,2.677106781e-03,9.999985553e-01,9.999893861e-01
1.541593693e-01,1.007133473e-02,2.755478256e-03,9.999984692e-01,9.999887549e-01
1.586723497e-01,1.036616909e-02,2.836144020e-03,9.999983779e-01,9.999880860e-01
1.633174467e-01,1.066963445e-02,2.919171235e-03,9.999982813e-01,9.999873775e-01
1.680985277e-01,1.098198346e-02,3.004629032e-03,9.999981789e-01,9.999866267e-01
1.730195739e-01,1.130347615e-02,3.092588561e-03,9.999980705e-01,9.999858313e-01
1.780846825e-01,1.163438019e-02,3.183123060e-03,9.999979555e-01,9.999849886e-01
1.832980711e-01,1.197497106e-02,3.276307907e-03,9.999978338e-01,9.999840958e-01
1.886640804e-01,1.232553231e-02,3.372220688e-03,9.999977048e-01,9.999831500e-01
1.941871784e-01,1.268635579e-02,3.470941260e-03,9.999975682e-01,9.999821478e-01
1.998719639e-01,1.305774188e-02,3.572551818e-03,9.999974235e-01,9.999810861e-01
2.057231701e-01,1.343999978e-02,3.677136961e-03,9.999972701e-01,9.999799613e-01
2.117456691e-01,1.383344770e-02,3.784783767e-03,9.999971076e-01,9.999787695e-01
2.179444754e-01,1.423841319e-02,3.895581861e-03,9.999969355e-01,9.999775070e-01
2.243247503e-01,1.465523337e-02,4.009623492e-03,9.999967532e-01,9.999761693e-01
2.308918063e-01,1.508425524e-02,4.127003609e-03,9.999965600e-01,9.999747522e-01
2.376511114e-01,1.552583593e-02,4.247819940e-03,9.999963554e-01,9.999732508e-01
2.446082936e-01,1.598034304e-02,4.372173075e-03,9.999961386e-01,9.999716601e-01
2.517691457e-01,1.644815491e-02,4.500166546e-03,9.999959089e-01,9.999699749e-01
2.591396301e-01,1.692966097e-02,4.631906917e-03,9.999956655e-01,9.999681895e-01
2.667258838e-01,1.742526203e-02,4.767503869e-03,9.999954078e-01,9.999662980e-01
2.745342234e-01,1.793537063e-02,4.907070296e-03,9.999951346e-01,9.999642940e-01
2.825711503e-01,1.846041138e-02,5.050722395e-03,9.999948453e-01,9.999621709e-01
2.908433564e-01,1.900082130e-02,5.198579763e-03,9.999945388e-01,9.999599216e-01
2.993577295e-01,1.955705021e-02,5.350765498e-03,9.999942141e-01,9.999575387e-01
3.081213589e-01,2.012956109e-02,5.507406302e-03,9.999938700e-01,9.999550140e-01
3.171415415e-01,2.071883043e-02,5.668632582e-03,9.999935056e-01,9.999523393e-01
3.264257880e-01,2.132534871e-02,5.834578566e-03,9.999931195e-01,9.999495056e-01
3.359818286e-01,2.194962071e-02,6.005382405e-03,9.999927104e-01,9.999465035e-01
3.458176202e-01,2.259216599e-02,6.181186297e-03,9.999922771e-01,9.999433229e-01
3.559413523e-01,2.325351931e-02,6.362136601e-03,9.999918180e-01,9.999399532e-01
3.663614544e-01,2.393423106e-02,6.548383957e-03,9.999913316e-01,9.999363833e-01
3.770866026e-01,2.463486772e-02,6.740083416e-03,9.999908164e-01,9.999326011e-01
3.881257271e-01,2.535601233e-02,6.937394563e-03,9.999902705e-01,9.999285940e-01
3.994880194e-01,2.609826500e-02,7.140481655e-03,9.999896922e-01,9.999243488e-01
4.111829402e-01,2.686224336e-02,7.349513756e-03,9.999890796e-01,9.999198511e-01
4.232202272e-01,2.764858309e-02,7.564664875e-03,9.999884305e-01,9.999150861e-01
4.356099031e-01,2.845793847e-02,7.786114113e-03,9.999877429e-01,9.999100377e-01
4.483622838e-01,2.929098289e-02,8.014045812e-03,9.999870145e-01,9.999046892e-01
4.614879877e-01,3.014840941e-02,8.248649707e-03,9.999862427e-01,9.998990226e-01
4.749979435e-01,3.103093137e-02,8.490121083e-03,9.999854252e-01,9.998930191e-01
4.889034002e-01,3.193928293e-02,8.738660941e-03,9.999845590e-01,9.998866586e-01
5.032159359e-01,3.287421968e-02,8.994476160e-03,9.999836414e-01,9.998799199e-01
5.179474679e-01,3.383651932e-02,9.257779671e-03,9.999826693e-01,9.998727804e-01
5.331102622e-01,3.482698223e-02,9.528790634e-03,9.999816395e-01,9.998652162e-01
5.487169438e-01,3.584643217e-02,9.807734621e-03,9.999805484e-01,9.998572022e-01
5.647805074e-01,3.689571697e-02,1.009484380e-02,9.999793926e-01,9.998487114e-01
5.813143282e-01,3.797570918e-02,1.039035713e-02,9.999781681e-01,9.998397156e-01
5.983321729e-01,3.908730684e-02,1.069452056e-02,9.999768708e-01,9.998301846e-01
6.158482111e-01,4.023143418e-02,1.100758722e-02,9.999754965e-01,9.998200865e-01
6.338770273e-01,4.140904239e-02,1.132981767e-02,9.999740406e-01,9.998093875e-01
6.524336330e-01,4.262111044e-02,1.166148006e-02,9.999724982e-01,9.997980519e-01
6.715334791e-01,4.386864582e-02,1.200285040e-02,9.999708641e-01,9.997860416e-01
6.911924689e-01,4.515268538e-02,1.235421275e-02,9.999691330e-01,9.997733166e-01
7.114269711e-01,4.647429624e-02,1.271585950e-02,9.999672990e-01,9.997598340e-01
7.322538338e-01,4.783457658e-02,1.308809157e-02,9.999653561e-01,9.997455487e-01
7.536903981e-01,4.923465658e-02,1.347121867e-02,9.999632977e-01,9.997304130e-01
7.757545130e-01,5.067569934e-02,1.386555958e-02,9.999611171e-01,9.997143759e-01
7.984645498e-01,5.215890182e-02,1.427144238e-02,9.999588070e-01,9.996973837e-01
8.218394177e-01,5.368549583e-02,1.468920475e-02,9.999563596e-01,9.996793793e-01
8.458985797e-01,5.525674901e-02,1.511919424e-02,9.999537669e-01,9.996603023e-01
8.706620681e-01,5.687396586e-02,1.556176852e-02,9.999510201e-01,9.996400886e-01
8.961505019e-01,5.853848881e-02,1.601729575e-02,9.999481102e-01,9.996186703e-01
9.223851039e-01,6.025169929e-02,1.648615482e-02,9.999450275e-01,9.995959753e-01
9.493877179e-01,6.201501888e-02,1.696873569e-02,9.999417616e-01,9.995719273e-01
9.771808273e-01,6.382991041e-02,1.746543971e-02,9.999383017e-01,9.995464453e-01
1.005787574e+00,6.569787915e-02,1.797667993e-02,9.999346363e-01,9.995194435e-01
1.035231776e+00,6.762047403e-02,1.850288149e-02,9.999307531e-01,9.994908308e-01
1.065537951e+00,6.959928887e-02,1.904448190e-02,9.999266393e-01,9.994605106e-01
1.096731332e+00,7.163596366e-02,1.960193146e-02,9.999222812e-01,9.994283808e-01
1.128837892e+00,7.373218583e-02,2.017569360e-02,9.999176642e-01,9.993943326e-01
1.161884364e+00,7.588969165e-02,2.076624527e-02,9.999127729e-01,9.993582511e-01
1.195898264e+00,7.811026754e-02,2.137407732e-02,9.999075911e-01,9.993200140e-01
1.230907914e+00,8.039575151e-02,2.199969493e-02,9.999021015e-01,9.992794918e-01
1.266942463e+00,8.274803461e-02,2.264361798e-02,9.998962859e-01,9.992365472e-01
1.304031915e+00,8.516906236e-02,2.330638152e-02,9.998901248e-01,9.991910344e-01
1.342207153e+00,8.766083633e-02,2.398853616e-02,9.998835978e-01,9.991427988e-01
1.381499962e+00,9.022541563e-02,2.469064858e-02,9.998766831e-01,9.990916762e-01
1.421943059e+00,9.286491854e-02,2.541330194e-02,9.998693577e-01,9.990374927e-01
1.463570118e+00,9.558152411e-02,2.615709636e-02,9.998615972e-01,9.989800633e-01
1.506415800e+00,9.837747380e-02,2.692264945e-02,9.998533758e-01,9.989191920e-01
1.550515780e+00,1.012550732e-01,2.771059676e-02,9.998446661e-01,9.988546707e-01
1.595906776e+00,1.042166938e-01,2.852159232e-02,9.998354391e-01,9.987862784e-01
1.642626584e+00,1.072647747e-01,2.935630917e-02,9.998256642e-01,9.987137806e-01
1.690714103e+00,1.104018244e-01,3.021543990e-02,9.998153087e-01,9.986369281e-01
1.740209374e+00,1.136304226e-01,3.109969722e-02,9.998043382e-01,9.985554564e-01
1.791153607e+00,1.169532223e-01,3.200981449e-02,9.997927162e-01,9.984690847e-01
1.843589222e+00,1.203729514e-01,3.294654638e-02,9.997804040e-01,9.983775146e-01
1.897559877e+00,1.238924148e-01,3.391066942e-02,9.997673606e-01,9.982804290e-01
1.953110510e+00,1.275144963e-01,3.490298261e-02,9.997535427e-01,9.981774912e-01
2.010287376e+00,1.312421606e-01,3.592430813e-02,9.997389042e-01,9.980683432e-01
2.069138081e+00,1.350784554e-01,3.697549193e-02,9.997233965e-01,9.979526046e-01
2.129711628e+00,1.390265133e-01,3.805740440e-02,9.997069679e-01,9.978298710e-01
2.192058451e+00,1.430895540e-01,3.917094110e-02,9.996895639e-01,9.976997124e-01
2.256230463e+00,1.472708860e-01,4.031702345e-02,9.996711264e-01,9.975616716e-01
2.322281096e+00,1.515739091e-01,4.149659943e-02,9.996515942e-01,9.974152621e-01
2.390265347e+00,1.560021164e-01,4.271064434e-02,9.996309024e-01,9.972599667e-01
2.460239821e+00,1.605590960e-01,4.396016157e-02,9.996089820e-01,9.970952346e-01
2.532262782e+00,1.652485333e-01,4.524618337e-02,9.995857603e-01,9.969204799e-01
2.606394198e+00,1.700742133e-01,4.656977165e-02,9.995611599e-01,9.967350788e-01
2.682695795e+00,1.750400219e-01,4.793201879e-02,9.995350992e-01,9.965383670e-01
2.761231104e+00,1.801499485e-01,4.933404850e-02,9.995074915e-01,9.963296368e-01
2.842065516e+00,1.854080875e-01,5.077701664e-02,9.994782450e-01,9.961081346e-01
2.925266337e+00,1.908186402e-01,5.226211212e-02,9.994472626e-01,9.958730571e-01
3.010902844e+00,1.963859165e-01,5.379055782e-02,9.994144412e-01,9.956235479e-01
3.099046339e+00,2.021143364e-01,5.536361144e-02,9.993796719e-01,9.953586941e-01
3.189770215e+00,2.080084316e-01,5.698256651e-02,9.993428392e-01,9.950775218e-01
3.283150013e+00,2.140728468e-01,5.864875328e-02,9.993038207e-01,9.947789922e-01
3.379263482e+00,2.203123404e-01,6.036353976e-02,9.992624869e-01,9.944619963e-01
3.478190651e+00,2.267317857e-01,6.212833265e-02,9.992187006e-01,9.941253506e-01
3.580013891e+00,2.333361713e-01,6.394457839e-02,9.991723163e-01,9.937677907e-01
3.684817983e+00,2.401306016e-01,6.581376421e-02,9.991231803e-01,9.933879664e-01
3.792690191e+00,2.471202960e-01,6.773741913e-02,9.990711294e-01,9.929844345e-01
3.903720333e+00,2.543105891e-01,6.971711508e-02,9.990159910e-01,9.925556522e-01
4.018000857e+00,2.617069291e-01,7.175446794e-02,9.989575823e-01,9.920999699e-01
4.135626918e+00,2.693148762e-01,7.385113870e-02,9.988957096e-01,9.916156227e-01
4.256696455e+00,2.771401005e-01,7.600883453e-02,9.988301679e-01,9.911007221e-01
4.381310275e+00,2.851883788e-01,7.822930993e-02,9.987607400e-01,9.905532464e-01
4.509572136e+00,2.934655903e-01,8.051436789e-02,9.986871959e-01,9.899710308e-01
4.641588834e+00,3.019777121e-01,8.286586102e-02,9.986092922e-01,9.893517562e-01
4.777470290e+00,3.107308129e-01,8.528569277e-02,9.985267710e-01,9.886929373e-01
4.917329646e+00,3.197310455e-01,8.777581856e-02,9.984393593e-01,9.879919105e-01
5.061283352e+00,3.289846380e-01,9.033824699e-02,9.983467679e-01,9.872458193e-01
5.209451270e+00,3.384978834e-01,9.297504103e-02,9.982486908e-01,9.864516001e-01
5.361956771e+00,3.482771265e-01,9.568831923e-02,9.981448040e-01,9.856059659e-01
5.518926835e+00,3.583287501e-01,9.848025686e-02,9.980347642e-01,9.847053894e-01
5.680492162e+00,3.686591576e-01,1.013530872e-01,9.979182082e-01,9.837460840e-01
5.846787277e+00,3.792747528e-01,1.043091025e-01,9.977947516e-01,9.827239849e-01
6.017950644e+00,3.901819176e-01,1.073506556e-01,9.976639873e-01,9.816347267e-01
6.194124779e+00,4.013869855e-01,1.104801605e-01,9.975254842e-01,9.804736217e-01
6.375456372e+00,4.128962110e-01,1.137000939e-01,9.973787863e-01,9.792356350e-01
6.562096407e+00,4.247157351e-01,1.170129964e-01,9.972234109e-01,9.779153590e-01
6.754200286e+00,4.368515463e-01,1.204214729e-01,9.970588470e-01,9.765069856e-01
6.951927962e+00,4.493094348e-01,1.239281947e-01,9.968845537e-01,9.750042777e-01
7.155444071e+00,4.620949421e-01,1.275358995e-01,9.966999589e-01,9.734005383e-01
7.364918067e+00,4.752133033e-01,1.312473929e-01,9.965044570e-01,9.716885783e-01
7.580524368e+00,4.886693817e-01,1.350655492e-01,9.962974073e-01,9.698606833e-01
7.802442493e+00,5.024675963e-01,1.389933121e-01,9.960781317e-01,9.679085791e-01
8.030857221e+00,5.166118392e-01,1.430336953e-01,9.958459132e-01,9.658233956e-01
8.265958739e+00,5.311053846e-01,1.471897837e-01,9.955999928e-01,9.635956307e-01
8.507942800e+00,5.459507865e-01,1.514647332e-01,9.953395681e-01,9.612151141e-01
8.757010889e+00,5.611497655e-01,1.558617715e-01,9.950637902e-01,9.586709707e-01
9.013370390e+00,5.767030839e-01,1.603841986e-01,9.947717614e-01,9.559515856e-01
9.277234756e+00,5.926104084e-01,1.650353863e-01,9.944625323e-01,9.530445703e-01
9.548823692e+00,6.088701588e-01,1.698187787e-01,9.941350992e-01,9.499367328e-01
9.828363333e+00,6.254793444e-01,1.747378918e-01,9.937884009e-01,9.466140503e-01
1.011608643e+01,6.424333864e-01,1.797963128e-01,9.934213155e-01,9.430616487e-01
1.041223256e+01,6.597259265e-01,1.849977000e-01,9.930326575e-01,9.392637880e-01
1.071704830e+01,6.773486234e-01,1.903457813e-01,9.926211737e-01,9.352038584e-01
1.103078745e+01,6.952909369e-01,1.958443534e-01,9.921855403e-01,9.308643858e-01
1.135371124e+01,7.135399023e-01,2.014972798e-01,9.917243584e-01,9.262270531e-01
1.168608855e+01,7.320798968e-01,2.073084895e-01,9.912361505e-01,9.212727368e-01
1.202819614e+01,7.508924018e-01,2.132819745e-01,9.907193563e-01,9.159815638e-01
1.238031884e+01,7.699557642e-01,2.194217870e-01,9.901723279e-01,9.103329914e-01
1.274274986e+01,7.892449634e-01,2.257320364e-01,9.895933261e-01,9.043059131e-01
1.311579096e+01,8.087313893e-01,2.322168857e-01,9.889805149e-01,8.978787942e-01
1.349975275e+01,8.283826400e-01,2.388805473e-01,9.883319571e-01,8.910298414e-01
1.389495494e+01,8.481623473e-01,2.457272785e-01,9.876456087e-01,8.837372067e-01
1.430172659e+01,8.680300410e-01,2.527613756e-01,9.869193144e-01,8.759792318e-01
1.472040638e+01,8.879410633e-01,2.599871682e-01,9.861508011e-01,8.677347316e-01
1.515134292e+01,9.078465456e-01,2.674090122e-01,9.853376731e-01,8.589833190e-01
1.559489504e+01,9.276934599e-01,2.750312822e-01,9.844774058e-01,8.497057704e-01
1.605143204e+01,9.474247592e-01,2.828583626e-01,9.835673397e-01,8.398844291e-01
1.652133406e+01,9.669796171e-01,2.908946386e-01,9.826046742e-01,8.295036418e-01
1.700499236e+01,9.862937789e-01,2.991444851e-01,9.815864612e-01,8.185502220e-01
1.750280964e+01,1.005300032e+00,3.076122552e-01,9.805095988e-01,8.070139315e-01
1.801520041e+01,1.023928802e+00,3.163022672e-01,9.793708243e-01,7.948879665e-01
1.854259130e+01,1.042108872e+00,3.252187902e-01,9.781667077e-01,7.821694352e-01
1.908542144e+01,1.059768224e+00,3.343660290e-01,9.768936448e-01,7.688598106e-01
1.964414281e+01,1.076834990e+00,3.437481062e-01,9.755478504e-01,7.549653387e-01
2.021922062e+01,1.093238500e+00,3.533690440e-01,9.741253512e-01,7.404973842e-01
2.081113370e+01,1.108910394e+00,3.632327439e-01,9.726219791e-01,7.254726939e-01
2.142037490e+01,1.123785774e+00,3.733429636e-01,9.710333644e-01,7.099135597e-01
2.204745150e+01,1.137804370e+00,3.837032941e-01,9.693549292e-01,6.938478657e-01
2.269288563e+01,1.150911657e+00,3.943171325e-01,9.675818807e-01,6.773090071e-01
2.335721469e+01,1.163059911e+00,4.051876542e-01,9.657092055e-01,6.603356743e-01
2.404099184e+01,1.174209137e+00,4.163177822e-01,9.637316632e-01,6.429714997e-01
2.474478640e+01,1.184327855e+00,4.277101544e-01,9.616437816e-01,6.252645735e-01
2.546918439e+01,1.193393689e+00,4.393670882e-01,9.594398515e-01,6.072668378e-01
2.621478897e+01,1.201393762e+00,4.512905426e-01,9.571139227e-01,5.890333782e-01
2.698222095e+01,1.208324848e+00,4.634820781e-01,9.546598008e-01,5.706216333e-01
2.777211932e+01,1.214193308e+00,4.759428132e-01,9.520710447e-01,5.520905499e-01
2.858514180e+01,1.219014795e+00,4.886733790e-01,9.493409655e-01,5.334997118e-01
2.942196532e+01,1.222813757e+00,5.016738704e-01,9.464626263e-01,5.149084712e-01
3.028328666e+01,1.225622741e+00,5.149437951e-01,9.434288441e-01,4.963751114e-01
3.116982298e+01,1.227481568e+00,5.284820197e-01,9.402321930e-01,4.779560661e-01
3.208231245e+01,1.228436365e+00,5.422867128e-01,9.368650093e-01,4.597052163e-01
3.302151485e+01,1.228538540e+00,5.563552865e-01,9.333193988e-01,4.416732826e-01
3.398821218e+01,1.227843704e+00,5.706843347e-01,9.295872471e-01,4.239073228e-01
3.498320936e+01,1.226410594e+00,5.852695697e-01,9.256602317e-01,4.064503419e-01
3.600733485e+01,1.224300023e+00,6.001057570e-01,9.215298378e-01,3.893410157e-01
3.706144138e+01,1.221573886e+00,6.151866485e-01,9.171873775e-01,3.726135223e-01
3.814640664e+01,1.218294244e+00,6.305049148e-01,9.126240119e-01,3.562974768e-01
3.926313402e+01,1.214522506e+00,6.460520773e-01,9.078307783e-01,3.404179572e-01
4.041255333e+01,1.210318708e+00,6.618184399e-01,9.027986205e-01,3.249956104e-01
4.159562163e+01,1.205740904e+00,6.777930221e-01,8.975184250e-01,3.100468239e-01
4.281332399e+01,1.200844672e+00,6.939634941e-01,8.919810608e-01,2.955839520e-01
4.406667430e+01,1.195682717e+00,7.103161141e-01,8.861774254e-01,2.816155810e-01
4.535671616e+01,1.190304586e+00,7.268356700e-01,8.800984963e-01,2.681468232e-01
4.668452371e+01,1.184756459e+00,7.435054261e-01,8.737353873e-01,2.551796277e-01
4.805120251e+01,1.179081038e+00,7.603070762e-01,8.670794114e-01,2.427130990e-01
4.945789053e+01,1.173317498e+00,7.772207049e-01,8.601221500e-01,2.307438145e-01
5.090575902e+01,1.167501503e+00,7.942247578e-01,8.528555268e-01,2.192661354e-01
5.239601353e+01,1.161665269e+00,8.112960237e-01,8.452718889e-01,2.082725056e-01
5.392989490e+01,1.155837674e+00,8.284096288e-01,8.373640925e-01,1.977537339e-01
5.550868030e+01,1.150044398e+00,8.455390454e-01,8.291255948e-01,1.876992580e-01
5.713368428e+01,1.144308085e+00,8.626561161e-01,8.205505497e-01,1.780973875e-01
5.880625989e+01,1.138648529e+00,8.797310958e-01,8.116339086e-01,1.689355269e-01
6.052779976e+01,1.133082871e+00,8.967327096e-01,8.023715237e-01,1.602003753e-01
6.229973732e+01,1.127625808e+00,9.136282295e-01,7.927602536e-01,1.518781066e-01
6.412354796e+01,1.122289809e+00,9.303835643e-01,7.827980700e-01,1.439545286e-01
6.600075023e+01,1.117085352e+00,9.469633597e-01,7.724841636e-01,1.364152232e-01
6.793290717e+01,1.112021174e+00,9.633310925e-01,7.618190480e-01,1.292456678e-01
6.992162757e+01,1.107104592e+00,9.794491299e-01,7.508046587e-01,1.224313409e-01
7.196856730e+01,1.102341939e+00,9.952786757e-01,7.394444473e-01,1.159578117e-01
7.407543073e+01,1.097739339e+00,1.010779401e+00,7.277434658e-01,1.098108163e-01
7.624397210e+01,1.093304458e+00,1.025908112e+00,7.157084418e-01,1.039763210e-01
7.847599704e+01,1.089051759e+00,1.040613922e+00,7.033478395e-01,9.844057472e-02
8.077336399e+01,1.085025376e+00,1.054815815e+00,6.906719066e-01,9.319015115e-02
8.313798584e+01,1.081495909e+00,1.068206289e+00,6.776927035e-01,8.821198265e-02
8.557183145e+01,1.083806468e+00,1.075405755e+00,6.644241132e-01,8.349338613e-02
8.807692734e+01,1.095622347e+00,1.072713305e+00,6.508818306e-01,7.902208242e-02
9.065535934e+01,1.107679505e+00,1.069358649e+00,6.370833286e-01,7.478620982e-02
9.330927435e+01,1.119243810e+00,1.066043296e+00,6.230478019e-01,7.077433283e-02
9.604088213e+01,1.130213625e+00,1.062838358e+00,6.087960861e-01,6.697544653e-02
9.885245709e+01,1.140545262e+00,1.059759463e+00,5.943505534e-01,6.337897743e-02
1.017463403e+02,1.150210141e+00,1.056809939e+00,5.797349848e-01,5.997478139e-02
1.047249412e+02,1.159186858e+00,1.053989038e+00,5.649744205e-01,5.675313896e-02
1.077907400e+02,1.167459078e+00,1.051294310e+00,5.500949899e-01,5.370474867e-02
1.109462894e+02,1.175014869e+00,1.048722476e+00,5.351237239e-01,5.082071869e-02
1.141942168e+02,1.181846473e+00,1.046269817e+00,5.200883519e-01,4.809255716e-02
1.175372265e+02,1.187950223e+00,1.043932374e+00,5.050170873e-01,4.551216136e-02
1.209781021e+02,1.193326478e+00,1.041706058e+00,4.899384052e-01,4.307180625e-02
1.245197085e+02,1.197979561e+00,1.039586723e+00,4.748808155e-01,4.076413227e-02
1.281649946e+02,1.201917650e+00,1.037570212e+00,4.598726360e-01,3.858213281e-02
1.319169956e+02,1.205152646e+00,1.035652393e+00,4.449417699e-01,3.651914139e-02
1.357788357e+02,1.207699991e+00,1.033829182e+00,4.301154899e-01,3.456881878e-02
1.397537302e+02,1.209578453e+00,1.032096561e+00,4.154202351e-01,3.272514002e-02
1.438449888e+02,1.210809874e+00,1.030450598e+00,4.008814213e-01,3.098238156e-02
1.480560181e+02,1.211418890e+00,1.028887450e+00,3.865232693e-01,2.933510855e-02
1.523903244e+02,1.211432622e+00,1.027403377e+00,3.723686530e-01,2.777816235e-02
1.568515164e+02,1.210880353e+00,1.025994747e+00,3.584389683e-01,2.630664827e-02
1.614433089e+02,1.209793190e+00,1.024658040e+00,3.447540257e-01,2.491592362e-02
1.661695250e+02,1.208203721e+00,1.023389852e+00,3.313319650e-01,2.360158615e-02
1.710341000e+02,1.206145671e+00,1.022186893e+00,3.181891942e-01,2.235946270e-02
1.760410844e+02,1.203653565e+00,1.021045995e+00,3.053403506e-01,2.118559839e-02
1.811946471e+02,1.200762397e+00,1.019964105e+00,2.927982841e-01,2.007624608e-02
1.864990791e+02,1.197507322e+00,1.018938288e+00,2.805740607e-01,1.902785622e-02
1.919587972e+02,1.193923359e+00,1.017965724e+00,2.686769855e-01,1.803706718e-02
1.975783473e+02,1.190045122e+00,1.017043707e+00,2.571146425e-01,1.710069583e-02
2.033624085e+02,1.185906573e+00,1.016169644e+00,2.458929490e-01,1.621572865e-02
2.093157967e+02,1.181540796e+00,1.015341050e+00,2.350162241e-01,1.537931312e-02
2.154434690e+02,1.176979814e+00,1.014555544e+00,2.244872664e-01,1.458874954e-02
2.217505275e+02,1.172254410e+00,1.013810852e+00,2.143074419e-01,1.384148317e-02
2.282422238e+02,1.167393998e+00,1.013104796e+00,2.044767772e-01,1.313509679e-02
2.349239629e+02,1.162426505e+00,1.012435298e+00,1.949940583e-01,1.246730356e-02
2.418013085e+02,1.157378285e+00,1.011800370e+00,1.858569316e-01,1.183594023e-02
2.488799867e+02,1.152274060e+00,1.011198115e+00,1.770620065e-01,1.123896069e-02
2.561658917e+02,1.147136871e+00,1.010626723e+00,1.686049575e-01,1.067442979e-02
2.636650899e+02,1.141988068e+00,1.010084465e+00,1.604806252e-01,1.014051755e-02
2.713838254e+02,1.136847300e+00,1.009569693e+00,1.526831142e-01,9.635493537e-03
2.793285251e+02,1.131732536e+00,1.009080834e+00,1.452058882e-01,9.157721665e-03
2.875058041e+02,1.126660093e+00,1.008616388e+00,1.380418603e-01,8.705655139e-03
2.959224711e+02,1.121644676e+00,1.008174924e+00,1.311834789e-01,8.277831729e-03
3.045855341e+02,1.116699432e+00,1.007755078e+00,1.246228082e-01,7.872869270e-03
3.135022063e+02,1.111836014e+00,1.007355550e+00,1.183516036e-01,7.489461398e-03
3.226799120e+02,1.107064645e+00,1.006975100e+00,1.123613811e-01,7.126373522e-03
3.321262930e+02,1.102394192e+00,1.006612547e+00,1.066434810e-01,6.782439005e-03
3.418492146e+02,1.097832247e+00,1.006266765e+00,1.011891263e-01,6.456555563e-03
3.518567726e+02,1.093385199e+00,1.005936682e+00,9.598947438e-02,6.147681864e-03
3.621572995e+02,1.089058325e+00,1.005621278e+00,9.103566489e-02,5.854834325e-03
3.727593720e+02,1.084855860e+00,1.005319581e+00,8.631886054e-02,5.577084096e-03
3.836718178e+02,1.080781085e+00,1.005030669e+00,8.183028384e-02,5.313554231e-03
3.949037230e+02,1.076836403e+00,1.004753665e+00,7.756124856e-02,5.063417032e-03
4.064644396e+02,1.073023412e+00,1.004487740e+00,7.350318670e-02,4.825891574e-03
4.183635935e+02,1.069342986e+00,1.004232109e+00,6.964767101e-02,4.600241384e-03
4.306110925e+02,1.065795337e+00,1.003986031e+00,6.598643365e-02,4.385772295e-03
4.432171342e+02,1.062380087e+00,1.003748810e+00,6.251138108e-02,4.181830441e-03
4.561922150e+02,1.059096330e+00,1.003519793e+00,5.921460565e-02,3.987800402e-03
4.695471382e+02,1.055942692e+00,1.003298374e+00,5.608839431e-02,3.803103474e-03
4.832930239e+02,1.052917384e+00,1.003083989e+00,5.312523482e-02,3.627196060e-03
4.974413171e+02,1.050018256e+00,1.002876121e+00,5.031781995e-02,3.459568148e-03
5.120037985e+02,1.047242849e+00,1.002674296e+00,4.765905018e-02,3.299741858e-03
5.269925932e+02,1.044588430e+00,1.002478086e+00,4.514203555e-02,3.147270026e-03
5.424201814e+02,1.042052044e+00,1.002287107e+00,4.276009718e-02,3.001734780e-03
5.582994087e+02,1.039630550e+00,1.002101015e+00,4.050676928e-02,2.862746062e-03
5.746434969e+02,1.037320657e+00,1.001919508e+00,3.837580226e-02,2.729940046e-03
5.914660545e+02,1.035118962e+00,1.001742318e+00,3.636116785e-02,2.602977392e-03
6.087810886e+02,1.033021983e+00,1.001569205e+00,3.445706687e-02,2.481541282e-03
6.266030164e+02,1.031026198e+00,1.001399949e+00,3.265794045e-02,2.365335169e-03
6.449466771e+02,1.029128076e+00,1.001234337e+00,3.095848531e-02,2.254080211e-03
6.638273443e+02,1.027324116e+00,1.001072150e+00,2.935367356e-02,2.147512338e-03
6.832607387e+02,1.025610883e+00,1.000913139e+00,2.783877723e-02,2.045378960e-03
7.032630413e+02,1.023985052e+00,1.000757008e+00,2.640939736e-02,1.947435355e-03
7.238509068e+02,1.022443446e+00,1.000603382e+00,2.506149698e-02,1.853440800e-03
7.450414774e+02,1.020983081e+00,1.000451776e+00,2.379143686e-02,1.763154632e-03
7.668523971e+02,1.019601214e+00,1.000301565e+00,2.259601177e-02,1.676332461e-03
7.893018265e+02,1.018295385e+00,1.000151943e+00,2.147248455e-02,1.592722901e-03
8.124084578e+02,1.017063461e+00,1.000001894e+00,2.041861400e-02,1.512065316e-03
8.361915305e+02,1.015903671e+00,9.998501578e-01,1.943267139e-02,1.434089184e-03
8.606708472e+02,1.014814631e+00,9.996952133e-01,1.851343971e-02,1.358515864e-03
8.858667904e+02,1.013795347e+00,9.995352771e-01,1.766018849e-02,1.285063572e-03
9.118003391e+02,1.012845190e+00,9.993683289e-01,1.687261702e-02,1.213456359e-03
9.384930865e+02,1.011963833e+00,9.991921758e-01,1.615075931e-02,1.143437569e-03
9.659672580e+02,1.011151139e+00,9.990045629e-01,1.549484630e-02,1.074787647e-03
9.942457296e+02,1.010406990e+00,9.988033382e-01,1.490512510e-02,1.007345151e-03
1.023352047e+03,1.009731073e+00,9.985866647e-01,1.438164155e-02,9.410284569e-04
1.053310445e+03,1.009122631e+00,9.983532645e-01,1.392400044e-02,8.758542629e-04
1.084145869e+03,1.008580212e+00,9.981026563e-01,1.353112669e-02,8.119481265e-04
1.115883993e+03,1.008101482e+00,9.978353425e-01,1.320105750e-02,7.495425374e-04
1.148551242e+03,1.007683123e+00,9.975528966e-01,1.293079702e-02,6.889599372e-04
1.182174819e+03,1.007320866e+00,9.972579237e-01,1.271626080e-02,6.305814101e-04
1.216782717e+03,1.007009645e+00,9.969538965e-01,1.255232476e-02,5.748055335e-04
1.252403755e+03,1.006743848e+00,9.966448964e-01,1.243297776e-02,5.220046599e-04
1.289067589e+03,1.006517609e+00,9.963353115e-01,1.235156023e-02,4.724865252e-04
1.326804750e+03,1.006325096e+00,9.960295400e-01,1.230105993e-02,4.264673315e-04
1.365646657e+03,1.006160758e+00,9.957317362e-01,1.227443078e-02,3.840591590e-04
1.405625652e+03,1.006019519e+00,9.954456151e-01,1.226490297e-02,3.452710878e-04
1.446775023e+03,1.005896898e+00,9.951743192e-01,1.226625953e-02,3.100208922e-04
1.489129032e+03,1.005789089e+00,9.949203403e-01,1.227306303e-02,2.781530950e-04
1.532722946e+03,1.005692993e+00,9.946854840e-01,1.228082450e-02,2.494593698e-04
1.577593061e+03,1.005606214e+00,9.944708692e-01,1.228611255e-02,2.236982307e-04
1.623776739e+03,1.005527035e+00,9.942769519e-01,1.228660460e-02,2.006121378e-04
1.671312434e+03,1.005454377e+00,9.941035696e-01,1.228108370e-02,1.799411870e-04
1.720239725e+03,1.005387731e+00,9.939500028e-01,1.226938539e-02,1.614333051e-04
1.770599351e+03,1.005327087e+00,9.938150506e-01,1.225229870e-02,1.448513044e-04
1.822433244e+03,1.005272847e+00,9.936971191e-01,1.223142608e-02,1.299773357e-04
1.875784563e+03,1.005225721e+00,9.935943220e-01,1.220900726e-02,1.166153006e-04
1.930697729e+03,1.005186620e+00,9.935045894e-01,1.218771421e-02,1.045917098e-04
1.987218465e+03,1.005156544e+00,9.934257818e-01,1.217042574e-02,9.375537411e-05
2.045393834e+03,1.005136466e+00,9.933558046e-01,1.215999378e-02,8.397621298e-05
2.105272273e+03,1.005127221e+00,9.932927159e-01,1.215901499e-02,7.514340040e-05
2.166903639e+03,1.005129413e+00,9.932348228e-01,1.216962372e-02,6.716302970e-05
2.230339250e+03,1.005143339e+00,9.931807569e-01,1.219332161e-02,5.995547896e-05
2.295631924e+03,1.005168931e+00,9.931295264e-01,1.223085745e-02,5.345267059e-05
2.362836026e+03,1.005205736e+00,9.930805394e-01,1.228216611e-02,4.759542708e-05
2.432007513e+03,1.005252921e+00,9.930335986e-01,1.234636956e-02,4.233111217e-05
2.503203980e+03,1.005309300e+00,9.929888708e-01,1.242183617e-02,3.761170281e-05
2.576484707e+03,1.005373390e+00,9.929468337e-01,1.250628879e-02,3.339237073e-05
2.651910710e+03,1.005443478e+00,9.929082083e-01,1.259694771e-02,2.963057582e-05
2.729544792e+03,1.005517697e+00,9.928738833e-01,1.269069336e-02,2.628560735e-05
2.809451595e+03,1.005594108e+00,9.928448379e-01,1.278423340e-02,2.331846647e-05
2.891697651e+03,1.005670769e+00,9.928220689e-01,1.287426193e-02,2.069196775e-05
2.976351442e+03,1.005745811e+00,9.928065263e-01,1.295760118e-02,1.837094758e-05
3.063483453e+03,1.005817488e+00,9.927990596e-01,1.303131971e-02,1.632249061e-05
3.153166234e+03,1.005884223e+00,9.928003766e-01,1.309282449e-02,1.451611595e-05
3.245474457e+03,1.005944647e+00,9.928110145e-01,1.313992628e-02,1.292389231e-05
3.340484984e+03,1.005997611e+00,9.928313228e-01,1.317087993e-02,1.152047326e-05
3.438276921e+03,1.006042207e+00,9.928614571e-01,1.318440189e-02,1.028305806e-05
3.538931695e+03,1.006077760e+00,9.929013811e-01,1.317966830e-02,9.191291704e-06
3.642533115e+03,1.006103831e+00,9.929508771e-01,1.315629676e-02,8.227120423e-06
3.749167443e+03,1.006120195e+00,9.930095625e-01,1.311431505e-02,7.374618533e-06
3.858923467e+03,1.006126830e+00,9.930769098e-01,1.305412002e-02,6.619800521e-06
3.971892573e+03,1.006123891e+00,9.931522710e-01,1.297642927e-02,5.950429187e-06
4.088168824e+03,1.006111688e+00,9.932349028e-01,1.288222837e-02,5.355827853e-06
4.207849036e+03,1.006090659e+00,9.933239933e-01,1.277271572e-02,4.826702034e-06
4.331032859e+03,1.006061342e+00,9.934186879e-01,1.264924712e-02,4.354973857e-06
4.457822860e+03,1.006024348e+00,9.935181148e-01,1.251328175e-02,3.933630915e-06
4.588324610e+03,1.005980339e+00,9.936214081e-01,1.236633097e-02,3.556590074e-06
4.722646769e+03,1.005929999e+00,9.937277293e-01,1.220991126e-02,3.218575954e-06
4.860901178e+03,1.005874016e+00,9.938362851e-01,1.204550214e-02,2.915013354e-06
5.003202954e+03,1.005813059e+00,9.939463438e-01,1.187450983e-02,2.641932552e-06
5.149670582e+03,1.005747767e+00,9.940572468e-01,1.169823718e-02,2.395886335e-06
5.300426016e+03,1.005678727e+00,9.941684181e-01,1.151786010e-02,2.173877575e-06
5.455594781e+03,1.005606472e+00,9.942793698e-01,1.133441056e-02,1.973296205e-06
5.615306077e+03,1.005531471e+00,9.943897053e-01,1.114876595e-02,1.791864553e-06
5.779692884e+03,1.005454123e+00,9.944991185e-01,1.096164464e-02,1.627590050e-06
5.948892078e+03,1.005374756e+00,9.946073916e-01,1.077360699e-02,1.478724469e-06
6.123044540e+03,1.005293634e+00,9.947143896e-01,1.058506142e-02,1.343728917e-06
6.302295275e+03,1.005210953e+00,9.948200537e-01,1.039627475e-02,1.221243882e-06
6.486793535e+03,1.005126850e+00,9.949243925e-01,1.020738592e-02,1.110063735e-06
6.676692939e+03,1.005041412e+00,9.950274726e-01,1.001842243e-02,1.009115103e-06
6.872151605e+03,1.004954679e+00,9.951294084e-01,9.829318540e-03,9.174386354e-07
7.073332280e+03,1.004866657e+00,9.952303511e-01,9.639934557e-03,8.341736688e-07
7.280402472e+03,1.004777325e+00,9.953304787e-01,9.450076405e-03,7.585453895e-07
7.493534598e+03,1.004686645e+00,9.954299852e-01,9.259514858e-03,6.898541031e-07
7.712906118e+03,1.004594569e+00,9.955290713e-01,9.068003891e-03,6.274662690e-07
7.938699689e+03,1.004501048e+00,9.956279353e-01,8.875297678e-03,5.708069965e-07
8.171103315e+03,1.004406038e+00,9.957267655e-01,8.681165891e-03,5.193537373e-07
8.410310505e+03,1.004309511e+00,9.958257328e-01,8.485407035e-03,4.726309475e-07
8.656520431e+03,1.004211452e+00,9.959249855e-01,8.287859647e-03,4.302055292e-07
8.909938097e+03,1.004111872e+00,9.960246445e-01,8.088411269e-03,3.916828943e-07
9.170774507e+03,1.004010804e+00,9.961247998e-01,7.887005161e-03,3.567035244e-07
9.439246843e+03,1.003908312e+00,9.962255082e-01,7.683644792e-03,3.249399281e-07
9.715578646e+03,1.003804486e+00,9.963267923e-01,7.478396179e-03,2.960939154e-07
1.000000000e+04,1.003699444e+00,9.964286401e-01,7.271388213e-03,2.698941346e-07
