# worst in-envelope corner for the MIMO controller: I_tot0=2.0 r0=0.3 dV0=-0.4 share={'dV0': -0.4, 'Td': 0.002, 'taur': 0.0003, 'tauf': 0.0008} drive={'K_v': 2.0, 'pole_factor': 0.5, 'tau_v': 0.005, 'Td_v': 0.004}
w_rad_s,dec_sigma_So,mimo_sigma_So
1.00000000e-02,1.20522775e-04,2.43771444e-04
1.03282813e-02,1.24474827e-04,2.51774053e-04
1.06673394e-02,1.28556686e-04,2.60039377e-04
1.10175281e-02,1.32772617e-04,2.68576042e-04
1.13792129e-02,1.37127022e-04,2.77392955e-04
1.17527712e-02,1.41624452e-04,2.86499318e-04
1.21385926e-02,1.46269601e-04,2.95904634e-04
1.25370799e-02,1.51067322e-04,3.05618717e-04
1.29486487e-02,1.56022625e-04,3.15651704e-04
1.33737286e-02,1.61140683e-04,3.26014065e-04
1.38127630e-02,1.66426840e-04,3.36716614e-04
1.42662102e-02,1.71886616e-04,3.47770521e-04
1.47345431e-02,1.77525709e-04,3.59187320e-04
1.52182505e-02,1.83350008e-04,3.70978927e-04
1.57178372e-02,1.89365590e-04,3.83157646e-04
1.62338243e-02,1.95578737e-04,3.95736189e-04
1.67667503e-02,2.01995932e-04,4.08727683e-04
1.73171713e-02,2.08623874e-04,4.22145685e-04
1.78856616e-02,2.15469481e-04,4.36004201e-04
1.84728144e-02,2.22539897e-04,4.50317694e-04
1.90792422e-02,2.29842501e-04,4.65101104e-04
1.97055780e-02,2.37384914e-04,4.80369860e-04
2.03524752e-02,2.45175008e-04,4.96139899e-04
2.10206088e-02,2.53220912e-04,5.12427681e-04
2.17106760e-02,2.61531024e-04,5.29250209e-04
2.24233968e-02,2.70114014e-04,5.46625041e-04
2.31595149e-02,2.78978840e-04,5.64570316e-04
2.39197984e-02,2.88134753e-04,5.83104767e-04
2.47050406e-02,2.97591307e-04,6.02247741e-04
2.55160607e-02,3.07358369e-04,6.22019226e-04
2.63537052e-02,3.17446133e-04,6.42439863e-04
2.72188479e-02,3.27865123e-04,6.63530974e-04
2.81123917e-02,3.38626214e-04,6.85314581e-04
2.90352688e-02,3.49740632e-04,7.07813432e-04
2.99884423e-02,3.61219977e-04,7.31051022e-04
3.09729067e-02,3.73076227e-04,7.55051621e-04
3.19896892e-02,3.85321752e-04,7.79840298e-04
3.30398507e-02,3.97969332e-04,8.05442946e-04
3.41244871e-02,4.11032163e-04,8.31886314e-04
3.52447300e-02,4.24523875e-04,8.59198031e-04
3.64017485e-02,4.38458548e-04,8.87406639e-04
3.75967497e-02,4.52850720e-04,9.16541621e-04
3.88309805e-02,4.67715410e-04,9.46633437e-04
4.01057288e-02,4.83068128e-04,9.77713551e-04
4.14223247e-02,4.98924894e-04,1.00981447e-03
4.27821420e-02,5.15302253e-04,1.04296978e-03
4.41865996e-02,5.32217295e-04,1.07721419e-03
4.56371628e-02,5.49687670e-04,1.11258355e-03
4.71353453e-02,5.67731606e-04,1.14911491e-03
4.86827104e-02,5.86367933e-04,1.18684657e-03
5.02808725e-02,6.05616095e-04,1.22581812e-03
5.19314994e-02,6.25496178e-04,1.26607046e-03
5.36363132e-02,6.46028924e-04,1.30764591e-03
5.53970928e-02,6.67235760e-04,1.35058824e-03
5.72156756e-02,6.89138813e-04,1.39494271e-03
5.90939590e-02,7.11760937e-04,1.44075620e-03
6.10339029e-02,7.35125739e-04,1.48807725e-03
6.30375315e-02,7.59257597e-04,1.53695619e-03
6.51069356e-02,7.84181693e-04,1.58744524e-03
6.72442742e-02,8.09924033e-04,1.63959873e-03
6.94517777e-02,8.36511477e-04,1.69347326e-03
7.17317494e-02,8.63971770e-04,1.74912808e-03
7.40865683e-02,8.92333564e-04,1.80662553e-03
7.65186915e-02,9.21626454e-04,1.86603184e-03
7.90306568e-02,9.51881005e-04,1.92741845e-03
8.16250851e-02,9.83128787e-04,1.99086440e-03
8.43046837e-02,1.01540240e-03,2.05646109e-03
8.70722485e-02,1.04873554e-03,2.12432254e-03
8.99306672e-02,1.08316296e-03,2.19461045e-03
9.28829225e-02,1.11872060e-03,2.26760480e-03
9.59320948e-02,1.15544557e-03,2.34394161e-03
9.90813657e-02,1.19337618e-03,2.42550657e-03
1.02334021e-01,1.23255201e-03,2.51701922e-03
1.05693455e-01,1.27301394e-03,2.62043843e-03
1.09163173e-01,1.31480419e-03,2.73185591e-03
1.12746796e-01,1.35796637e-03,2.84908434e-03
1.16448062e-01,1.40254552e-03,2.97151009e-03
1.20270833e-01,1.44858816e-03,3.09899139e-03
1.24219100e-01,1.49614232e-03,3.23153601e-03
1.28296980e-01,1.54525764e-03,3.36920857e-03
1.32508729e-01,1.59598537e-03,3.51209913e-03
1.36858742e-01,1.64837843e-03,3.66031097e-03
1.41351558e-01,1.70249150e-03,3.81395540e-03
1.45991865e-01,1.75838105e-03,3.97314940e-03
1.50784505e-01,1.81610540e-03,4.13801465e-03
1.55734477e-01,1.87572479e-03,4.30867719e-03
1.60846948e-01,1.93730143e-03,4.48526747e-03
1.66127252e-01,2.00089957e-03,4.66792053e-03
1.71580899e-01,2.06658559e-03,4.85677636e-03
1.77213578e-01,2.13442803e-03,5.05198032e-03
1.83031168e-01,2.20449769e-03,5.25368357e-03
1.89039738e-01,2.27686769e-03,5.46204352e-03
1.95245558e-01,2.35161355e-03,5.67722432e-03
2.01655104e-01,2.42881327e-03,5.89939734e-03
2.08275063e-01,2.50854742e-03,6.12874159e-03
2.15112343e-01,2.59089922e-03,6.36544422e-03
2.22174078e-01,2.67595460e-03,6.60970094e-03
2.29467637e-01,2.76380232e-03,6.86171642e-03
2.37000629e-01,2.85453408e-03,7.12170473e-03
2.44780916e-01,2.94824456e-03,7.38988972e-03
2.52816614e-01,3.04503156e-03,7.66650537e-03
2.61116110e-01,3.14499610e-03,7.95179617e-03
2.69688063e-01,3.24824251e-03,8.24601748e-03
2.78541416e-01,3.35487854e-03,8.54943584e-03
2.87685409e-01,3.46501551e-03,8.86232931e-03
2.97129582e-01,3.57876836e-03,9.18498780e-03
3.06883789e-01,3.69625583e-03,9.51771337e-03
3.16958209e-01,3.81760054e-03,9.86082054e-03
3.27363353e-01,3.94292917e-03,1.02146366e-02
3.38110078e-01,4.07237253e-03,1.05795021e-02
3.49209598e-01,4.20606575e-03,1.09557707e-02
3.60673495e-01,4.34414840e-03,1.13438102e-02
3.72513730e-01,4.48676461e-03,1.17440021e-02
3.84742658e-01,4.63406328e-03,1.21567426e-02
3.97373038e-01,4.78619820e-03,1.25824428e-02
4.10418050e-01,4.94332819e-03,1.30215287e-02
4.23891306e-01,5.10561733e-03,1.34744419e-02
4.37806863e-01,5.27323505e-03,1.39416403e-02
4.52179242e-01,5.44635639e-03,1.44235979e-02
4.67023439e-01,5.62516213e-03,1.49208057e-02
4.82354943e-01,5.80983900e-03,1.54337719e-02
4.98189752e-01,6.00057987e-03,1.59630226e-02
5.14544388e-01,6.19758396e-03,1.65091024e-02
5.31435916e-01,6.40105704e-03,1.70725746e-02
5.48881961e-01,6.61121166e-03,1.76540219e-02
5.66900727e-01,6.82826736e-03,1.82540472e-02
5.85511016e-01,7.05245092e-03,1.88732740e-02
6.04732245e-01,7.28399657e-03,1.95123471e-02
6.24584471e-01,7.52314629e-03,2.01719334e-02
6.45088409e-01,7.77014999e-03,2.08527223e-02
6.66265452e-01,8.02526586e-03,2.15554269e-02
6.88137699e-01,8.28876058e-03,2.22807845e-02
7.10727970e-01,8.56090964e-03,2.30295574e-02
7.34059837e-01,8.84199762e-03,2.38025339e-02
7.58157646e-01,9.13231848e-03,2.46005290e-02
7.83046540e-01,9.43217591e-03,2.54243857e-02
8.08752491e-01,9.74188363e-03,2.62749755e-02
8.35302320e-01,1.00617657e-02,2.71531998e-02
8.62723729e-01,1.03921571e-02,2.80599908e-02
8.91045332e-01,1.07334036e-02,2.89963128e-02
9.20296681e-01,1.10858625e-02,2.99631630e-02
9.50508296e-01,1.14499033e-02,3.09615732e-02
9.81711702e-01,1.18259072e-02,3.19926109e-02
1.01393946e+00,1.22142687e-02,3.30573804e-02
1.04722519e+00,1.26153949e-02,3.41570246e-02
1.08160363e+00,1.30297067e-02,3.52927265e-02
1.11711065e+00,1.34576391e-02,3.64657102e-02
1.15378330e+00,1.38996417e-02,3.76772434e-02
1.19165984e+00,1.43561789e-02,3.89286383e-02
1.23077980e+00,1.48277310e-02,4.02212540e-02
1.27118400e+00,1.53147943e-02,4.15564982e-02
1.31291459e+00,1.58178820e-02,4.29358292e-02
1.35601511e+00,1.63375247e-02,4.43607580e-02
1.40053055e+00,1.68742709e-02,4.58328506e-02
1.44650734e+00,1.74286880e-02,4.73537304e-02
1.49399346e+00,1.80013629e-02,4.89250806e-02
1.54303847e+00,1.85929029e-02,5.05486467e-02
1.59369353e+00,1.92039362e-02,5.22262400e-02
1.64601150e+00,1.98351134e-02,5.39597394e-02
1.70004698e+00,2.04871078e-02,5.57510957e-02
1.75585633e+00,2.11606171e-02,5.76023342e-02
1.81349780e+00,2.18563643e-02,5.95155584e-02
1.87303154e+00,2.25750990e-02,6.14929539e-02
1.93451965e+00,2.33175990e-02,6.35367924e-02
1.99802631e+00,2.40846719e-02,6.56494356e-02
2.06361777e+00,2.48771572e-02,6.78333404e-02
2.13136247e+00,2.56959283e-02,7.00910630e-02
2.20133111e+00,2.65418953e-02,7.24252648e-02
2.27359668e+00,2.74160084e-02,7.48387172e-02
2.34823460e+00,2.83192612e-02,7.73343081e-02
2.42532274e+00,2.92526963e-02,7.99150480e-02
2.50494154e+00,3.02174109e-02,8.25840767e-02
2.58717408e+00,3.12145645e-02,8.53446706e-02
2.67210616e+00,3.22453898e-02,8.82002505e-02
2.75982639e+00,3.33112058e-02,9.11543902e-02
2.85042632e+00,3.44134370e-02,9.42108248e-02
2.94400048e+00,3.55536393e-02,9.73734613e-02
3.04064649e+00,3.67335377e-02,1.00646388e-01
3.14046522e+00,3.79550808e-02,1.04033887e-01
3.24356081e+00,3.92205236e-02,1.07540444e-01
3.35004083e+00,4.05325549e-02,1.11170764e-01
3.46001639e+00,4.18945009e-02,1.14929783e-01
3.57360225e+00,4.33106608e-02,1.18822684e-01
3.69091691e+00,4.47868801e-02,1.22854915e-01
3.81208280e+00,4.63315608e-02,1.27032202e-01
3.93722633e+00,4.79574898e-02,1.31360573e-01
4.06647809e+00,4.96851578e-02,1.35846375e-01
4.19997295e+00,5.15484136e-02,1.40496299e-01
4.33785019e+00,5.36018299e-02,1.45317401e-01
4.48025368e+00,5.59215658e-02,1.50317132e-01
4.62733201e+00,5.85810565e-02,1.55503362e-01
4.77923865e+00,6.16091908e-02,1.60884412e-01
4.93613210e+00,6.49864346e-02,1.66469090e-01
5.09817606e+00,6.86797646e-02,1.72266721e-01
5.26553963e+00,7.26658131e-02,1.78287195e-01
5.43839743e+00,7.69338155e-02,1.84540998e-01
5.61692982e+00,8.14820922e-02,1.91039270e-01
5.80132310e+00,8.63147001e-02,1.97793845e-01
5.99176967e+00,9.14392911e-02,2.04817314e-01
6.18846824e+00,9.68658668e-02,2.12123077e-01
6.39162405e+00,1.02606064e-01,2.19725415e-01
6.60144909e+00,1.08672743e-01,2.27639554e-01
6.81816229e+00,1.15079741e-01,2.35881747e-01
7.04198979e+00,1.21841732e-01,2.44469356e-01
7.27316511e+00,1.28974145e-01,2.53420943e-01
7.51192949e+00,1.36493121e-01,2.62756373e-01
7.75853206e+00,1.44415496e-01,2.72496917e-01
8.01323013e+00,1.52758804e-01,2.82665380e-01
8.27628946e+00,1.61541307e-01,2.93286224e-01
8.54798453e+00,1.70782020e-01,3.04385711e-01
8.82859884e+00,1.80500772e-01,3.15992062e-01
9.11842520e+00,1.90718267e-01,3.28135618e-01
9.41776601e+00,2.01456169e-01,3.40849029e-01
9.72693362e+00,2.12737198e-01,3.54167450e-01
1.00462506e+01,2.24585248e-01,3.68128754e-01
1.03760502e+01,2.37025526e-01,3.82773765e-01
1.07166765e+01,2.50084711e-01,3.98146502e-01
1.10684849e+01,2.63791132e-01,4.14294451e-01
1.14318425e+01,2.78174987e-01,4.31268834e-01
1.18071285e+01,2.93268572e-01,4.49124908e-01
1.21947344e+01,3.09106557e-01,4.67922267e-01
1.25950646e+01,3.25726292e-01,4.87725143e-01
1.30085370e+01,3.43168143e-01,5.08602713e-01
1.34355829e+01,3.61475885e-01,5.30629379e-01
1.38766479e+01,3.80697126e-01,5.53885023e-01
1.43321923e+01,4.00883790e-01,5.78455203e-01
1.48026913e+01,4.22092649e-01,6.04431259e-01
1.52886359e+01,4.44385919e-01,6.31910292e-01
1.57905331e+01,4.67831920e-01,6.60994955e-01
1.63089068e+01,4.92505800e-01,6.91792981e-01
1.68442976e+01,5.18490343e-01,7.24416351e-01
1.73972643e+01,5.45876855e-01,7.58979970e-01
1.79683839e+01,5.74766124e-01,7.95599702e-01
1.85582523e+01,6.05269481e-01,8.34389547e-01
1.91674849e+01,6.37509925e-01,8.75457714e-01
1.97967175e+01,6.71623333e-01,9.18901312e-01
2.04466067e+01,7.07759717e-01,9.64799290e-01
2.11178304e+01,7.46084500e-01,1.01320330e+00
2.18110892e+01,7.86779768e-01,1.06412612e+00
2.25271064e+01,8.30045385e-01,1.11752734e+00
2.32666291e+01,8.76099871e-01,1.17329631e+00
2.40304289e+01,9.25180818e-01,1.23123257e+00
2.48193029e+01,9.77544569e-01,1.29102462e+00
2.56340741e+01,1.03346473e+00,1.35222873e+00
2.64755927e+01,1.09322888e+00,1.41425055e+00
2.73447368e+01,1.15713270e+00,1.47633340e+00
2.82424133e+01,1.22547021e+00,1.53755831e+00
2.91695588e+01,1.29851864e+00,1.59686102e+00
3.01271407e+01,1.37651570e+00,1.65307049e+00
3.11161583e+01,1.45962674e+00,1.70497062e+00
3.21376434e+01,1.54789870e+00,1.75138257e+00
3.31926620e+01,1.64119776e+00,1.79125906e+00
3.42823149e+01,1.73912869e+00,1.82377724e+00
3.54077391e+01,1.84093615e+00,1.84841413e+00
3.65701088e+01,1.94539399e+00,1.86499038e+00
3.77706369e+01,2.05069778e+00,1.87367450e+00
3.90105762e+01,2.15438839e+00,1.87494830e+00
4.02912203e+01,2.25334910e+00,1.86954204e+00
4.16139055e+01,2.34392550e+00,1.85835337e+00
4.29800121e+01,2.42220701e+00,1.84236398e+00
4.43909653e+01,2.48446892e+00,1.82256583e+00
4.58482375e+01,2.52770773e+00,1.79990350e+00
4.73533492e+01,2.55013706e+00,1.77523511e+00
4.89078709e+01,2.55149037e+00,1.74931039e+00
5.05134247e+01,2.53302881e+00,1.72276274e+00
5.21716858e+01,2.49725880e+00,1.69611134e+00
5.38843844e+01,2.44746549e+00,1.66976959e+00
5.56533078e+01,2.38721009e+00,1.64405703e+00
5.74803016e+01,2.31991264e+00,1.61921239e+00
5.93672722e+01,2.24857912e+00,1.59540654e+00
6.13161884e+01,2.17567299e+00,1.57275433e+00
6.33290840e+01,2.10309741e+00,1.55132499e+00
6.54080591e+01,2.03224553e+00,1.53115098e+00
6.75552832e+01,1.96408252e+00,1.51223540e+00
6.97729965e+01,1.89923483e+00,1.49455792e+00
7.20635132e+01,1.83807269e+00,1.47807975e+00
7.44292233e+01,1.78077982e+00,1.46274759e+00
7.68725952e+01,1.72740904e+00,1.44849687e+00
7.93961785e+01,1.67792483e+00,1.43525451e+00
8.20026062e+01,1.63223486e+00,1.42294122e+00
8.46945981e+01,1.59021284e+00,1.41147360e+00
8.74749630e+01,1.55171447e+00,1.40076592e+00
9.03466021e+01,1.51658838e+00,1.39073184e+00
9.33125118e+01,1.48468323e+00,1.38128593e+00
9.63757866e+01,1.45585190e+00,1.37234504e+00
9.95396231e+01,1.42995350e+00,1.36382951e+00
1.02807322e+02,1.40685375e+00,1.35566423e+00
1.06182294e+02,1.38642396e+00,1.34777947e+00
1.09668060e+02,1.36853902e+00,1.34011153e+00
1.13268257e+02,1.35307462e+00,1.33260324e+00
1.16986641e+02,1.33990403e+00,1.32520417e+00
1.20827094e+02,1.32889494e+00,1.31787076e+00
1.24793621e+02,1.31990661e+00,1.31056625e+00
1.28890361e+02,1.31278806e+00,1.30326053e+00
1.33121590e+02,1.30737745e+00,1.29592980e+00
1.37491723e+02,1.30350294e+00,1.28855623e+00
1.42005318e+02,1.30098497e+00,1.28112753e+00
1.46667087e+02,1.29963961e+00,1.27363646e+00
1.51481892e+02,1.29928245e+00,1.26608030e+00
1.56454759e+02,1.29973259e+00,1.25846042e+00
1.61590875e+02,1.30081615e+00,1.25078166e+00
1.66895601e+02,1.30236917e+00,1.24305190e+00
1.72374471e+02,1.30423958e+00,1.23528154e+00
1.78033202e+02,1.30628841e+00,1.22748305e+00
1.83877698e+02,1.30839023e+00,1.21967048e+00
1.89914058e+02,1.31043313e+00,1.21185912e+00
1.96148581e+02,1.31231823e+00,1.20406507e+00
2.02587771e+02,1.31395902e+00,1.19630488e+00
2.09238348e+02,1.31528052e+00,1.18859530e+00
2.16107251e+02,1.31621842e+00,1.18095295e+00
2.23201647e+02,1.31671825e+00,1.17339409e+00
2.30528939e+02,1.31673456e+00,1.16593442e+00
2.38096772e+02,1.31623020e+00,1.15858889e+00
2.45913043e+02,1.31517563e+00,1.15137158e+00
2.53985907e+02,1.31354838e+00,1.14429556e+00
2.62323788e+02,1.31133248e+00,1.13737280e+00
2.70935387e+02,1.30851801e+00,1.13061414e+00
2.79829688e+02,1.30510071e+00,1.12402923e+00
2.89015972e+02,1.30108156e+00,1.11762651e+00
2.98503825e+02,1.29646647e+00,1.11141323e+00
3.08303146e+02,1.29126595e+00,1.10539544e+00
3.18424160e+02,1.28549482e+00,1.09957806e+00
3.28877429e+02,1.27917188e+00,1.09396489e+00
3.39673858e+02,1.27231965e+00,1.08855868e+00
3.50824714e+02,1.26496409e+00,1.08336119e+00
3.62341632e+02,1.25713427e+00,1.07837325e+00
3.74236629e+02,1.24886210e+00,1.07359485e+00
3.86522116e+02,1.24018205e+00,1.06902517e+00
3.99210913e+02,1.23113079e+00,1.06466268e+00
4.12316259e+02,1.22174692e+00,1.06050523e+00
4.25851829e+02,1.21207066e+00,1.05655006e+00
4.39831747e+02,1.20214354e+00,1.05279395e+00
4.54270599e+02,1.19200806e+00,1.04923318e+00
4.69183451e+02,1.18170743e+00,1.04586368e+00
4.84585864e+02,1.17128525e+00,1.04268102e+00
5.00493910e+02,1.16078525e+00,1.03968049e+00
5.16924187e+02,1.15025098e+00,1.03685710e+00
5.33893840e+02,1.13972559e+00,1.03420567e+00
5.51420574e+02,1.12925156e+00,1.03172079e+00
5.69522678e+02,1.11887050e+00,1.02939690e+00
5.88219040e+02,1.10862294e+00,1.02722826e+00
6.07529169e+02,1.09854813e+00,1.02520898e+00
6.27473213e+02,1.08868391e+00,1.02333303e+00
6.48071983e+02,1.07906652e+00,1.02159424e+00
6.69346971e+02,1.06973055e+00,1.01998630e+00
6.91320378e+02,1.06070879e+00,1.01850279e+00
7.14015130e+02,1.05203224e+00,1.01713716e+00
7.37454909e+02,1.04373017e+00,1.01588278e+00
7.61664172e+02,1.03583032e+00,1.01473296e+00
7.86668179e+02,1.02835958e+00,1.01368098e+00
8.12493021e+02,1.02134595e+00,1.01272014e+00
8.39165644e+02,1.01482492e+00,1.01184378e+00
8.66713880e+02,1.00886778e+00,1.01104538e+00
8.95166472e+02,1.00377974e+00,1.01031856e+00
9.24553110e+02,1.00108601e+00,1.00965718e+00
9.54904456e+02,1.00051869e+00,1.00905533e+00
9.86252179e+02,1.00034978e+00,1.00850742e+00
1.01862899e+03,1.00026903e+00,1.00800818e+00
1.05206867e+03,1.00021965e+00,1.00755267e+00
1.08660611e+03,1.00018484e+00,1.00713634e+00
1.12227736e+03,1.00015809e+00,1.00675499e+00
1.15911962e+03,1.00013640e+00,1.00640479e+00
1.19717134e+03,1.00011821e+00,1.00608226e+00
1.23647224e+03,1.00010267e+00,1.00578425e+00
1.27706330e+03,1.00008923e+00,1.00550794e+00
1.31898690e+03,1.00007753e+00,1.00525082e+00
1.36228676e+03,1.00006732e+00,1.00501063e+00
1.40700809e+03,1.00005839e+00,1.00478538e+00
1.45319752e+03,1.00005059e+00,1.00457334e+00
1.50090328e+03,1.00004380e+00,1.00437294e+00
1.55017512e+03,1.00003788e+00,1.00418285e+00
1.60106446e+03,1.00003274e+00,1.00400188e+00
1.65362441e+03,1.00002830e+00,1.00382903e+00
1.70790980e+03,1.00002446e+00,1.00366342e+00
1.76397728e+03,1.00002116e+00,1.00350428e+00
1.82188534e+03,1.00001834e+00,1.00335100e+00
1.88169442e+03,1.00001594e+00,1.00320302e+00
1.94346693e+03,1.00001392e+00,1.00305991e+00
2.00726730e+03,1.00001226e+00,1.00292131e+00
2.07316213e+03,1.00001092e+00,1.00278692e+00
2.14122015e+03,1.00000995e+00,1.00265652e+00
2.21151240e+03,1.00000944e+00,1.00252994e+00
2.28411221e+03,1.00000981e+00,1.00240706e+00
2.35909533e+03,1.00001368e+00,1.00228780e+00
2.43654001e+03,1.00018596e+00,1.00217211e+00
2.51652705e+03,1.00082930e+00,1.00205998e+00
2.59913992e+03,1.00136355e+00,1.00195142e+00
2.68446481e+03,1.00178065e+00,1.00184643e+00
2.77259076e+03,1.00209118e+00,1.00174505e+00
2.86360972e+03,1.00230724e+00,1.00164732e+00
2.95761666e+03,1.00244129e+00,1.00155326e+00
3.05470967e+03,1.00250562e+00,1.00146290e+00
3.15499006e+03,1.00251198e+00,1.00137626e+00
3.25856248e+03,1.00247135e+00,1.00129336e+00
3.36553498e+03,1.00239373e+00,1.00121417e+00
3.47601918e+03,1.00228807e+00,1.00113869e+00
3.59013038e+03,1.00216222e+00,1.00106689e+00
3.70798763e+03,1.00202290e+00,1.00099870e+00
3.82971391e+03,1.00187578e+00,1.00093406e+00
3.95543624e+03,1.00172553e+00,1.00087291e+00
4.08528580e+03,1.00157591e+00,1.00081513e+00
4.21939808e+03,1.00142984e+00,1.00076064e+00
4.35791301e+03,1.00128954e+00,1.00070932e+00
4.50097513e+03,1.00115661e+00,1.00066105e+00
4.64873371e+03,1.00103210e+00,1.00061571e+00
4.80134292e+03,1.00091667e+00,1.00057316e+00
4.95896201e+03,1.00081060e+00,1.00053326e+00
5.12175544e+03,1.00071389e+00,1.00049590e+00
5.28989308e+03,1.00062635e+00,1.00046093e+00
5.46355035e+03,1.00054761e+00,1.00042823e+00
5.64290847e+03,1.00047719e+00,1.00039766e+00
5.82815458e+03,1.00041455e+00,1.00036910e+00
6.01948197e+03,1.00035910e+00,1.00034242e+00
6.21709029e+03,1.00031023e+00,1.00031753e+00
6.42118571e+03,1.00026735e+00,1.00029429e+00
6.63198120e+03,1.00022986e+00,1.00027261e+00
6.84969672e+03,1.00019719e+00,1.00025239e+00
7.07455942e+03,1.00016882e+00,1.00023354e+00
7.30680395e+03,1.00014427e+00,1.00021596e+00
7.54667263e+03,1.00012306e+00,1.00019958e+00
7.79441575e+03,1.00010481e+00,1.00018432e+00
8.05029181e+03,1.00008913e+00,1.00017011e+00
8.31456781e+03,1.00007569e+00,1.00015687e+00
8.58751948e+03,1.00006419e+00,1.00014456e+00
8.86943166e+03,1.00005438e+00,1.00013311e+00
9.16059848e+03,1.00004601e+00,1.00012246e+00
9.46132376e+03,1.00003890e+00,1.00011257e+00
9.77192128e+03,1.00003286e+00,1.00010339e+00
1.00927151e+04,1.00002773e+00,1.00009488e+00
1.04240401e+04,1.00002339e+00,1.00008699e+00
1.07662418e+04,1.00001972e+00,1.00007968e+00
1.11196773e+04,1.00001661e+00,1.00007293e+00
1.14847155e+04,1.00001399e+00,1.00006669e+00
1.18617372e+04,1.00001177e+00,1.00006094e+00
1.22511358e+04,1.00000991e+00,1.00005563e+00
1.26533176e+04,1.00000834e+00,1.00005075e+00
1.30687023e+04,1.00000701e+00,1.00004627e+00
1.34977233e+04,1.00000590e+00,1.00004215e+00
1.39408283e+04,1.00000496e+00,1.00003838e+00
1.43984795e+04,1.00000417e+00,1.00003492e+00
1.48711546e+04,1.00000351e+00,1.00003176e+00
1.53593468e+04,1.00000296e+00,1.00002887e+00
1.58635653e+04,1.00000249e+00,1.00002624e+00
1.63843365e+04,1.00000210e+00,1.00002384e+00
1.69222035e+04,1.00000177e+00,1.00002165e+00
1.74777277e+04,1.00000149e+00,1.00001967e+00
1.80514888e+04,1.00000126e+00,1.00001786e+00
1.86440853e+04,1.00000106e+00,1.00001622e+00
1.92561357e+04,1.00000089e+00,1.00001473e+00
1.98882786e+04,1.00000076e+00,1.00001339e+00
2.05411735e+04,1.00000064e+00,1.00001216e+00
2.12155017e+04,1.00000054e+00,1.00001105e+00
2.19119669e+04,1.00000046e+00,1.00001005e+00
2.26312957e+04,1.00000039e+00,1.00000914e+00
2.33742387e+04,1.00000033e+00,1.00000832e+00
2.41415712e+04,1.00000028e+00,1.00000757e+00
2.49340937e+04,1.00000024e+00,1.00000690e+00
2.57526333e+04,1.00000020e+00,1.00000629e+00
2.65980440e+04,1.00000017e+00,1.00000573e+00
2.74712079e+04,1.00000015e+00,1.00000523e+00
2.83730362e+04,1.00000013e+00,1.00000478e+00
2.93044698e+04,1.00000011e+00,1.00000436e+00
3.02664806e+04,1.00000009e+00,1.00000399e+00
3.12600724e+04,1.00000008e+00,1.00000365e+00
3.22862820e+04,1.00000007e+00,1.00000334e+00
3.33461802e+04,1.00000006e+00,1.00000306e+00
3.44408728e+04,1.00000005e+00,1.00000281e+00
3.55715021e+04,1.00000005e+00,1.00000257e+00
3.67392478e+04,1.00000004e+00,1.00000236e+00
3.79453285e+04,1.00000003e+00,1.00000217e+00
3.91910025e+04,1.00000003e+00,1.00000200e+00
4.04775697e+04,1.00000003e+00,1.00000183e+00
4.18063724e+04,1.00000002e+00,1.00000169e+00
4.31787973e+04,1.00000002e+00,1.00000155e+00
4.45962763e+04,1.00000002e+00,1.00000143e+00
4.60602884e+04,1.00000002e+00,1.00000132e+00
4.75723614e+04,1.00000001e+00,1.00000122e+00
4.91340729e+04,1.00000001e+00,1.00000112e+00
5.07470524e+04,1.00000001e+00,1.00000104e+00
5.24129830e+04,1.00000001e+00,1.00000096e+00
5.41336030e+04,1.00000001e+00,1.00000088e+00
5.59107078e+04,1.00000001e+00,1.00000082e+00
5.77461515e+04,1.00000001e+00,1.00000075e+00
5.96418495e+04,1.00000001e+00,1.00000070e+00
6.15997796e+04,1.00000001e+00,1.00000064e+00
6.36219849e+04,1.00000000e+00,1.00000060e+00
6.57105755e+04,1.00000000e+00,1.00000055e+00
6.78677305e+04,1.00000000e+00,1.00000051e+00
7.00957009e+04,1.00000000e+00,1.00000047e+00
7.23968114e+04,1.00000000e+00,1.00000044e+00
7.47734631e+04,1.00000000e+00,1.00000040e+00
7.72281357e+04,1.00000000e+00,1.00000037e+00
7.97633907e+04,1.00000000e+00,1.00000034e+00
8.23818733e+04,1.00000000e+00,1.00000032e+00
8.50863158e+04,1.00000000e+00,1.00000029e+00
8.78795401e+04,1.00000000e+00,1.00000027e+00
9.07644607e+04,1.00000000e+00,1.00000025e+00
9.37440879e+04,1.00000000e+00,1.00000023e+00
9.68215306e+04,1.00000000e+00,1.00000021e+00
1.00000000e+05,1.00000000e+00,1.00000020e+00
