w_rad_s,dec_sigma_So,mimo_sigma_So,dec_S11,mimo_S11,dec_S22,mimo_S22,dec_T_alpha_vref,mimo_T_alpha_vref
1.00000000e-02,8.83865068e-05,6.53308503e-04,8.83826594e-05,1.78742503e-04,5.33625980e-05,6.53306989e-04,6.57418663e-07,1.61173601e-08
1.03282813e-02,9.12847816e-05,6.74755397e-04,9.12808076e-05,1.84610284e-04,5.51145786e-05,6.74753834e-04,6.78996563e-07,1.66464639e-08
1.06673394e-02,9.42782515e-05,6.96906353e-04,9.42741468e-05,1.90670694e-04,5.69240923e-05,6.96904739e-04,7.01285287e-07,1.71929373e-08
1.10175281e-02,9.73700440e-05,7.19784484e-04,9.73658042e-05,1.96930055e-04,5.87930299e-05,7.19782817e-04,7.24308398e-07,1.77573505e-08
1.13792129e-02,1.00563389e-04,7.43413661e-04,1.00559009e-04,2.03394900e-04,6.07233443e-05,7.43411939e-04,7.48090253e-07,1.83402925e-08
1.17527712e-02,1.03861621e-04,7.67818540e-04,1.03857097e-04,2.10071973e-04,6.27170526e-05,7.67816761e-04,7.72656031e-07,1.89423716e-08
1.21385926e-02,1.07268185e-04,7.93024585e-04,1.07263513e-04,2.16968242e-04,6.47762386e-05,7.93022748e-04,7.98031760e-07,1.95642159e-08
1.25370799e-02,1.10786640e-04,8.19058097e-04,1.10781813e-04,2.24090903e-04,6.69030547e-05,8.19056200e-04,8.24244351e-07,2.02064744e-08
1.29486487e-02,1.14420658e-04,8.45946241e-04,1.14415673e-04,2.31447387e-04,6.90997240e-05,8.45944282e-04,8.51321628e-07,2.08698172e-08
1.33737286e-02,1.18174034e-04,8.73717073e-04,1.18168885e-04,2.39045371e-04,7.13685433e-05,8.73715049e-04,8.79292363e-07,2.15549366e-08
1.38127630e-02,1.22050688e-04,9.02399569e-04,1.22045369e-04,2.46892782e-04,7.37118849e-05,9.02397479e-04,9.08186308e-07,2.22625473e-08
1.42662102e-02,1.26054666e-04,9.32023658e-04,1.26049172e-04,2.54997809e-04,7.61321994e-05,9.32021500e-04,9.38034234e-07,2.29933878e-08
1.47345431e-02,1.30190149e-04,9.62620251e-04,1.30184474e-04,2.63368909e-04,7.86320183e-05,9.62618022e-04,9.68867966e-07,2.37482208e-08
1.52182505e-02,1.34461454e-04,9.94221272e-04,1.34455591e-04,2.72014816e-04,8.12139567e-05,9.94218970e-04,1.00072043e-06,2.45278338e-08
1.57178372e-02,1.38873039e-04,1.02685970e-03,1.38866983e-04,2.80944553e-04,8.38807160e-05,1.02685732e-03,1.03362567e-06,2.53330403e-08
1.62338243e-02,1.43429509e-04,1.06056958e-03,1.43423253e-04,2.90167435e-04,8.66350870e-05,1.06056712e-03,1.06761894e-06,2.61646807e-08
1.67667503e-02,1.48135620e-04,1.09538609e-03,1.48129158e-04,2.99693088e-04,8.94799525e-05,1.09538356e-03,1.10273670e-06,2.70236226e-08
1.73171713e-02,1.52996285e-04,1.13134557e-03,1.52989609e-04,3.09531450e-04,9.24182908e-05,1.13134295e-03,1.13901668e-06,2.79107624e-08
1.78856616e-02,1.58016576e-04,1.16848553e-03,1.58009680e-04,3.19692787e-04,9.54531788e-05,1.16848283e-03,1.17649793e-06,2.88270259e-08
1.84728144e-02,1.63201733e-04,1.20684473e-03,1.63194609e-04,3.30187701e-04,9.85877950e-05,1.20684193e-03,1.21522088e-06,2.97733690e-08
1.90792422e-02,1.68557167e-04,1.24646318e-03,1.68549808e-04,3.41027144e-04,1.01825423e-04,1.24646030e-03,1.25522740e-06,3.07507794e-08
1.97055780e-02,1.74088469e-04,1.28738224e-03,1.74080865e-04,3.52222426e-04,1.05169457e-04,1.28737926e-03,1.29656083e-06,3.17602770e-08
2.03524752e-02,1.79801409e-04,1.32964459e-03,1.79793554e-04,3.63785227e-04,1.08623401e-04,1.32964151e-03,1.33926604e-06,3.28029151e-08
2.10206088e-02,1.85701950e-04,1.37329434e-03,1.85693836e-04,3.75727614e-04,1.12190876e-04,1.37329116e-03,1.38338955e-06,3.38797819e-08
2.17106760e-02,1.91796250e-04,1.41837702e-03,1.91787867e-04,3.88062046e-04,1.15875625e-04,1.41837374e-03,1.42897951e-06,3.49920009e-08
2.24233968e-02,1.98090669e-04,1.46493969e-03,1.98082008e-04,4.00801395e-04,1.19681515e-04,1.46493630e-03,1.47608585e-06,3.61407329e-08
2.31595149e-02,2.04591775e-04,1.51303093e-03,2.04582827e-04,4.13958952e-04,1.23612538e-04,1.51302743e-03,1.52476029e-06,3.73271765e-08
2.39197984e-02,2.11306352e-04,1.56270091e-03,2.11297107e-04,4.27548448e-04,1.27672824e-04,1.56269729e-03,1.57505649e-06,3.85525699e-08
2.47050406e-02,2.18241408e-04,1.61400146e-03,2.18231855e-04,4.41584061e-04,1.31866638e-04,1.61399773e-03,1.62703003e-06,3.98181917e-08
2.55160607e-02,2.25404178e-04,1.66698611e-03,2.25394308e-04,4.56080437e-04,1.36198387e-04,1.66698226e-03,1.68073861e-06,4.11253627e-08
2.63537052e-02,2.32802138e-04,1.72171016e-03,2.32791939e-04,4.71052701e-04,1.40672626e-04,1.72170618e-03,1.73624206e-06,4.24754469e-08
2.72188479e-02,2.40443006e-04,1.77823069e-03,2.40432468e-04,4.86516477e-04,1.45294061e-04,1.77822658e-03,1.79360247e-06,4.38698533e-08
2.81123917e-02,2.48334757e-04,1.83660669e-03,2.48323868e-04,5.02487899e-04,1.50067557e-04,1.83660244e-03,1.85288430e-06,4.53100369e-08
2.90352688e-02,2.56485625e-04,1.89689906e-03,2.56474373e-04,5.18983633e-04,1.54998142e-04,1.89689468e-03,1.91415447e-06,4.67975006e-08
2.99884423e-02,2.64904116e-04,1.95917072e-03,2.64892488e-04,5.36020891e-04,1.60091011e-04,1.95916619e-03,1.97748249e-06,4.83337967e-08
3.09729067e-02,2.73599013e-04,2.02348664e-03,2.73586997e-04,5.53617449e-04,1.65351535e-04,2.02348197e-03,2.04294058e-06,4.99205283e-08
3.19896892e-02,2.82579391e-04,2.08991393e-03,2.82566973e-04,5.71791670e-04,1.70785265e-04,2.08990911e-03,2.11060380e-06,5.15593513e-08
3.30398507e-02,2.91854619e-04,2.15852192e-03,2.91841785e-04,5.90562516e-04,1.76397940e-04,2.15851694e-03,2.18055020e-06,5.32519758e-08
3.41244871e-02,3.01434377e-04,2.22938217e-03,3.01421112e-04,6.09949573e-04,1.82195491e-04,2.22937703e-03,2.25286096e-06,5.50001683e-08
3.52447300e-02,3.11328659e-04,2.30256864e-03,3.11314948e-04,6.29973071e-04,1.88184052e-04,2.30256333e-03,2.32762056e-06,5.68057530e-08
3.64017485e-02,3.21547791e-04,2.37815768e-03,3.21533619e-04,6.50653902e-04,1.94369962e-04,2.37815220e-03,2.40491692e-06,5.86706140e-08
3.75967497e-02,3.32102436e-04,2.45622817e-03,3.32087787e-04,6.72013646e-04,2.00759778e-04,2.45622251e-03,2.48484164e-06,6.05966976e-08
3.88309805e-02,3.43003608e-04,2.53686157e-03,3.42988463e-04,6.94074590e-04,2.07360277e-04,2.53685573e-03,2.56749015e-06,6.25860135e-08
4.01057288e-02,3.54262680e-04,2.62014202e-03,3.54247024e-04,7.16859752e-04,2.14178472e-04,2.62013598e-03,2.65296193e-06,6.46406377e-08
4.14223247e-02,3.65891402e-04,2.70615641e-03,3.65875215e-04,7.40392908e-04,2.21221610e-04,2.70615018e-03,2.74136073e-06,6.67627143e-08
4.27821420e-02,3.77901908e-04,2.79499449e-03,3.77885171e-04,7.64698614e-04,2.28497190e-04,2.79498806e-03,2.83279483e-06,6.89544575e-08
4.41865996e-02,3.90306729e-04,2.88674897e-03,3.90289423e-04,7.89802229e-04,2.36012969e-04,2.88674233e-03,2.92737729e-06,7.12181546e-08
4.56371628e-02,4.03118811e-04,2.98151557e-03,4.03100915e-04,8.15729948e-04,2.43776970e-04,2.98150872e-03,3.02522622e-06,7.35561676e-08
4.71353453e-02,4.16351522e-04,3.07939319e-03,4.16333014e-04,8.42508825e-04,2.51797494e-04,3.07938612e-03,3.12646509e-06,7.59709362e-08
4.86827104e-02,4.30018669e-04,3.18048395e-03,4.29999527e-04,8.70166801e-04,2.60083129e-04,3.18047665e-03,3.23122303e-06,7.84649800e-08
5.02808725e-02,4.44134515e-04,3.28489333e-03,4.44114714e-04,8.98732736e-04,2.68642765e-04,3.28488579e-03,3.33963520e-06,8.10409012e-08
5.19314994e-02,4.58713787e-04,3.39273028e-03,4.58693304e-04,9.28236436e-04,2.77485599e-04,3.39272250e-03,3.45184318e-06,8.37013877e-08
5.36363132e-02,4.73771700e-04,3.50410732e-03,4.73750508e-04,9.58708687e-04,2.86621153e-04,3.50409929e-03,3.56799531e-06,8.64492152e-08
5.53970928e-02,4.89323966e-04,3.61914066e-03,4.89302038e-04,9.90181283e-04,2.96059285e-04,3.61913237e-03,3.68824719e-06,8.92872505e-08
5.72156756e-02,5.05386812e-04,3.73795033e-03,5.05364121e-04,1.02268706e-03,3.05810200e-04,3.73794177e-03,3.81276212e-06,9.22184546e-08
5.90939590e-02,5.21977000e-04,3.86066030e-03,5.21953516e-04,1.05625995e-03,3.15884467e-04,3.86065147e-03,3.94171158e-06,9.52458853e-08
6.10339029e-02,5.39111841e-04,3.98739861e-03,5.39087534e-04,1.09093496e-03,3.26293033e-04,3.98738949e-03,4.07527583e-06,9.83727008e-08
6.30375315e-02,5.56809216e-04,4.11829750e-03,5.56784051e-04,1.12674829e-03,3.37047237e-04,4.11828809e-03,4.21364447e-06,1.01602163e-07
6.51069356e-02,5.75087589e-04,4.25349356e-03,5.75061535e-04,1.16373731e-03,3.48158829e-04,4.25348385e-03,4.35701706e-06,1.04937639e-07
6.72442742e-02,5.93966036e-04,4.39312785e-03,5.93939055e-04,1.20194060e-03,3.59639984e-04,4.39311783e-03,4.50560387e-06,1.08382610e-07
6.94517777e-02,6.13464255e-04,4.53734606e-03,6.13436310e-04,1.24139803e-03,3.71503323e-04,4.53733572e-03,4.65962655e-06,1.11940667e-07
7.17317494e-02,6.33602592e-04,4.68629869e-03,6.33573643e-04,1.28215077e-03,3.83761931e-04,4.68628802e-03,4.81931898e-06,1.15615521e-07
7.40865683e-02,6.54402060e-04,4.84014115e-03,6.54372066e-04,1.32424135e-03,3.96429377e-04,4.84013014e-03,4.98492816e-06,1.19411003e-07
7.65186915e-02,6.75884365e-04,4.99903396e-03,6.75853281e-04,1.36771368e-03,4.09519737e-04,4.99902260e-03,5.15671509e-06,1.23331072e-07
7.90306568e-02,6.98071922e-04,5.16314292e-03,6.98039703e-04,1.41261312e-03,4.23047615e-04,5.16313119e-03,5.33495588e-06,1.27379813e-07
8.16250851e-02,7.20987885e-04,5.33263925e-03,7.20954480e-04,1.45898652e-03,4.37028166e-04,5.33262715e-03,5.51994277e-06,1.31561448e-07
8.43046837e-02,7.44656166e-04,5.50769982e-03,7.44621524e-04,1.50688227e-03,4.51477127e-04,5.50768734e-03,5.71198537e-06,1.35880334e-07
8.70722485e-02,7.69101462e-04,5.68850728e-03,7.69065529e-04,1.55635034e-03,4.66410836e-04,5.68849440e-03,5.91141196e-06,1.40340972e-07
8.99306672e-02,7.94349284e-04,5.87525028e-03,7.94312000e-04,1.60744235e-03,4.81846270e-04,5.87523699e-03,6.11857086e-06,1.44948011e-07
9.28829225e-02,8.20425977e-04,6.06812369e-03,8.20387281e-04,1.66021161e-03,4.97801067e-04,6.06810998e-03,6.33383196e-06,1.49706250e-07
9.59320948e-02,8.47358753e-04,6.26732873e-03,8.47318579e-04,1.71471318e-03,5.14293564e-04,6.26731459e-03,6.55758837e-06,1.54620646e-07
9.90813657e-02,8.75175716e-04,6.47307327e-03,8.75133995e-04,1.77100393e-03,5.31342832e-04,6.47305867e-03,6.79025816e-06,1.59696316e-07
1.02334021e-01,9.03905896e-04,6.68557197e-03,9.03862553e-04,1.82914260e-03,5.48968709e-04,6.68555691e-03,7.03228625e-06,1.64938547e-07
1.05693455e-01,9.33579272e-04,6.90504656e-03,9.33534228e-04,1.88918984e-03,5.67191844e-04,6.90503102e-03,7.28414656e-06,1.70352797e-07
1.09163173e-01,9.64226810e-04,7.13172602e-03,9.64179981e-04,1.95120831e-03,5.86033739e-04,7.13171000e-03,7.54634413e-06,1.75944700e-07
1.12746796e-01,9.95880493e-04,7.36584689e-03,9.95831789e-04,2.01526272e-03,6.05516790e-04,7.36583036e-03,7.81941758e-06,1.81720078e-07
1.16448062e-01,1.02857335e-03,7.60765343e-03,1.02852268e-03,2.08141991e-03,6.25664342e-04,7.60763637e-03,8.10394170e-06,1.87684938e-07
1.20270833e-01,1.06233951e-03,7.85739793e-03,1.06228676e-03,2.14974890e-03,6.46500736e-04,7.85738034e-03,8.40053022e-06,1.93845486e-07
1.24219100e-01,1.09721420e-03,8.11534099e-03,1.09715926e-03,2.22032100e-03,6.68051368e-04,8.11532283e-03,8.70983882e-06,2.00208129e-07
1.28296980e-01,1.13323381e-03,8.38175171e-03,1.13317657e-03,2.29320983e-03,6.90342747e-04,8.38173299e-03,9.03256837e-06,2.06779482e-07
1.32508729e-01,1.17043594e-03,8.65690808e-03,1.17037627e-03,2.36849146e-03,7.13402561e-04,8.65688876e-03,9.36946843e-06,2.13566376e-07
1.36858742e-01,1.20885942e-03,8.94109717e-03,1.20879718e-03,2.44624442e-03,7.37259745e-04,8.94107724e-03,9.72134093e-06,2.20575864e-07
1.41351558e-01,1.24854433e-03,9.23461550e-03,1.24847938e-03,2.52654985e-03,7.61944555e-04,9.23459494e-03,1.00890443e-05,2.27815228e-07
1.45991865e-01,1.28953211e-03,9.53776930e-03,1.28946428e-03,2.60949154e-03,7.87488651e-04,9.53774809e-03,1.04734975e-05,2.35291986e-07
1.50784505e-01,1.33186551e-03,9.85087488e-03,1.33179464e-03,2.69515603e-03,8.13925182e-04,9.85085299e-03,1.08756852e-05,2.43013900e-07
1.55734477e-01,1.37558874e-03,1.01742589e-02,1.37551464e-03,2.78363270e-03,8.41288877e-04,1.01742363e-02,1.12966620e-05,2.50988985e-07
1.60846948e-01,1.42074742e-03,1.05082588e-02,1.42066989e-03,2.87501387e-03,8.69616148e-04,1.05082355e-02,1.17375584e-05,2.59225515e-07
1.66127252e-01,1.46738868e-03,1.08532229e-02,1.46730750e-03,2.96939489e-03,8.98945197e-04,1.08531989e-02,1.21995860e-05,2.67732032e-07
1.71580899e-01,1.51556121e-03,1.12095113e-02,1.51547615e-03,3.06687423e-03,9.29316135e-04,1.12094865e-02,1.26840439e-05,2.76517354e-07
1.77213578e-01,1.56531528e-03,1.15774956e-02,1.56522608e-03,3.16755360e-03,9.60771106e-04,1.15774700e-02,1.31923249e-05,2.85590584e-07
1.83031168e-01,1.61670283e-03,1.19575598e-02,1.61660922e-03,3.27153806e-03,9.93354424e-04,1.19575334e-02,1.37259225e-05,2.94961121e-07
1.89039738e-01,1.66977749e-03,1.23501004e-02,1.66967917e-03,3.37893609e-03,1.02711272e-03,1.23500731e-02,1.42864385e-05,3.04638664e-07
1.95245558e-01,1.72459467e-03,1.27555268e-02,1.72449131e-03,3.48985975e-03,1.06209510e-03,1.27554987e-02,1.48755904e-05,3.14633226e-07
2.01655104e-01,1.78121158e-03,1.31742621e-02,1.78110283e-03,3.60442478e-03,1.09835333e-03,1.31742331e-02,1.54952202e-05,3.24955145e-07
2.08275063e-01,1.83968733e-03,1.36067432e-02,1.83957280e-03,3.72275071e-03,1.13594201e-03,1.36067132e-02,1.61473029e-05,3.35615087e-07
2.15112343e-01,1.90008296e-03,1.40534211e-02,1.89996222e-03,3.84496101e-03,1.17491875e-03,1.40533902e-02,1.68339564e-05,3.46624063e-07
2.22174078e-01,1.96246153e-03,1.45147620e-02,1.96233412e-03,3.97118318e-03,1.21534445e-03,1.45147301e-02,1.75574512e-05,3.57993436e-07
2.29467637e-01,2.02688814e-03,1.49912470e-02,2.02675356e-03,4.10154891e-03,1.25728349e-03,1.49912141e-02,1.83202212e-05,3.69734933e-07
2.37000629e-01,2.09343008e-03,1.54833733e-02,2.09328777e-03,4.23619423e-03,1.30080400e-03,1.54833393e-02,1.91248753e-05,3.81860656e-07
2.44780916e-01,2.16215681e-03,1.59916542e-02,2.16200617e-03,4.37525963e-03,1.34597811e-03,1.59916192e-02,1.99742088e-05,3.94383093e-07
2.52816614e-01,2.23314010e-03,1.65166200e-02,2.23298045e-03,4.51889018e-03,1.39288229e-03,1.65165839e-02,2.08712171e-05,4.07315128e-07
2.61116110e-01,2.30645406e-03,1.70588183e-02,2.30628468e-03,4.66723576e-03,1.44159767e-03,1.70587810e-02,2.18191087e-05,4.20670055e-07
2.69688063e-01,2.38217526e-03,1.76188147e-02,2.38199534e-03,4.82045113e-03,1.49221033e-03,1.76187762e-02,2.28213195e-05,4.34461591e-07
2.78541416e-01,2.46038276e-03,1.81971933e-02,2.46019143e-03,4.97869615e-03,1.54481176e-03,1.81971536e-02,2.38815289e-05,4.48703882e-07
2.87685409e-01,2.54115826e-03,1.87945575e-02,2.54095453e-03,5.14213592e-03,1.59949920e-03,1.87945165e-02,2.50036753e-05,4.63411526e-07
2.97129582e-01,2.62458612e-03,1.94115304e-02,2.62436891e-03,5.31094097e-03,1.65637612e-03,1.94114881e-02,2.61919737e-05,4.78599574e-07
3.06883789e-01,2.71075348e-03,2.00487555e-02,2.71052162e-03,5.48528740e-03,1.71555268e-03,2.00487118e-02,2.74509342e-05,4.94283553e-07
3.16958209e-01,2.79975037e-03,2.07068974e-02,2.79950253e-03,5.66535712e-03,1.77714626e-03,2.07068523e-02,2.87853811e-05,5.10479472e-07
3.27363353e-01,2.89166976e-03,2.13866426e-02,2.89140450e-03,5.85133798e-03,1.84128197e-03,2.13865961e-02,3.02004744e-05,5.27203840e-07
3.38110078e-01,2.98660771e-03,2.20887002e-02,2.98632340e-03,6.04342403e-03,1.90809330e-03,2.20886521e-02,3.17017312e-05,5.44473678e-07
3.49209598e-01,3.08466341e-03,2.28138022e-02,3.08435829e-03,6.24181566e-03,1.97772275e-03,2.28137525e-02,3.32950494e-05,5.62306531e-07
3.60673495e-01,3.18593937e-03,2.35627049e-02,3.18561144e-03,6.44671985e-03,2.05032250e-03,2.35626537e-02,3.49867331e-05,5.80720484e-07
3.72513730e-01,3.29054145e-03,2.43361894e-02,3.29018850e-03,6.65835036e-03,2.12605516e-03,2.43361365e-02,3.67835187e-05,5.99734178e-07
3.84742658e-01,3.39857901e-03,2.51350623e-02,3.39819859e-03,6.87692798e-03,2.20509460e-03,2.51350077e-02,3.86926039e-05,6.19366819e-07
3.97373038e-01,3.51016503e-03,2.59601567e-02,3.50975440e-03,7.10268074e-03,2.28762681e-03,2.59601003e-02,4.07216777e-05,6.39638194e-07
4.10418050e-01,3.62541623e-03,2.68123329e-02,3.62497232e-03,7.33584413e-03,2.37385079e-03,2.68122747e-02,4.28789527e-05,6.60568688e-07
4.23891306e-01,3.74445319e-03,2.76924796e-02,3.74397258e-03,7.57666141e-03,2.46397957e-03,2.76924195e-02,4.51731999e-05,6.82179296e-07
4.37806863e-01,3.86740048e-03,2.86015144e-02,3.86687932e-03,7.82538379e-03,2.55824128e-03,2.86014524e-02,4.76137855e-05,7.04491636e-07
4.52179242e-01,3.99438681e-03,2.95403853e-02,3.99382078e-03,8.08227073e-03,2.65688030e-03,2.95403212e-02,5.02107100e-05,7.27527962e-07
4.67023439e-01,4.12554518e-03,3.05100710e-02,4.12492941e-03,8.34759021e-03,2.76015846e-03,3.05100048e-02,5.29746507e-05,7.51311183e-07
4.82354943e-01,4.26101298e-03,3.15115824e-02,4.26034200e-03,8.62161898e-03,2.86835634e-03,3.15115141e-02,5.59170066e-05,7.75864871e-07
4.98189752e-01,4.40093223e-03,3.25459637e-02,4.40019984e-03,8.90464289e-03,2.98177474e-03,3.25458931e-02,5.90499464e-05,8.01213276e-07
5.14544388e-01,4.54544966e-03,3.36142930e-02,4.54464883e-03,9.19695717e-03,3.10073606e-03,3.36142201e-02,6.23864597e-05,8.27381338e-07
5.31435916e-01,4.69471693e-03,3.47176839e-02,4.69383969e-03,9.49886673e-03,3.22558601e-03,3.47176087e-02,6.59404129e-05,8.54394701e-07
5.48881961e-01,4.84889083e-03,3.58572864e-02,4.84792807e-03,9.81068645e-03,3.35669523e-03,3.58572088e-02,6.97266069e-05,8.82279719e-07
5.66900727e-01,5.00813340e-03,3.70342883e-02,5.00707473e-03,1.01327416e-02,3.49446112e-03,3.70342081e-02,7.37608413e-05,9.11063474e-07
5.85511016e-01,5.17261222e-03,3.82499160e-02,5.17144572e-03,1.04653681e-02,3.63930980e-03,3.82498332e-02,7.80599811e-05,9.40773779e-07
6.04732245e-01,5.34250059e-03,3.95054363e-02,5.34121251e-03,1.08089128e-02,3.79169809e-03,3.95053508e-02,8.26420291e-05,9.71439189e-07
6.24584471e-01,5.51797775e-03,4.08021573e-02,5.51655223e-03,1.11637340e-02,3.95211579e-03,4.08020691e-02,8.75262033e-05,1.00308901e-06
6.45088409e-01,5.69922921e-03,4.21414300e-02,5.69764780e-03,1.15302018e-02,4.12108787e-03,4.21413388e-02,9.27330198e-05,1.03575330e-06
6.66265452e-01,5.88644696e-03,4.35246494e-02,5.88468815e-03,1.19086984e-02,4.29917706e-03,4.35245553e-02,9.82843813e-05,1.06946288e-06
6.88137699e-01,6.07982988e-03,4.49532564e-02,6.07786842e-03,1.22996184e-02,4.48698636e-03,4.49531592e-02,1.04203672e-04,1.10424932e-06
7.10727970e-01,6.27958407e-03,4.64287387e-02,6.27739013e-03,1.27033696e-02,4.68516185e-03,4.64286383e-02,1.10515861e-04,1.14014497e-06
7.34059837e-01,6.48592331e-03,4.79526328e-02,6.48346145e-03,1.31203728e-02,4.89439563e-03,4.79525291e-02,1.17247607e-04,1.17718291e-06
7.58157646e-01,6.69906959e-03,4.95265253e-02,6.69629733e-03,1.35510631e-02,5.11542893e-03,4.95264183e-02,1.24427382e-04,1.21539700e-06
7.83046540e-01,6.91925382e-03,5.11520549e-02,6.91611981e-03,1.39958893e-02,5.34905541e-03,5.11519443e-02,1.32085591e-04,1.25482182e-06
8.08752491e-01,7.14671663e-03,5.28309133e-02,7.14315822e-03,1.44553153e-02,5.59612467e-03,5.28307991e-02,1.40254708e-04,1.29549269e-06
8.35302320e-01,7.38170957e-03,5.45648477e-02,7.37764939e-03,1.49298201e-02,5.85754595e-03,5.45647298e-02,1.48969421e-04,1.33744564e-06
8.62723729e-01,7.62449665e-03,5.63556624e-02,7.61983792e-03,1.54198982e-02,6.13429210e-03,5.63555407e-02,1.58266787e-04,1.38071739e-06
8.91045332e-01,7.87535664e-03,5.82052204e-02,7.86997646e-03,1.59260607e-02,6.42740372e-03,5.82050947e-02,1.68186398e-04,1.42534533e-06
9.20296681e-01,8.13458643e-03,6.01154453e-02,8.12832594e-03,1.64488351e-02,6.73799363e-03,6.01153155e-02,1.78770557e-04,1.47136748e-06
9.50508296e-01,8.40250642e-03,6.20883235e-02,8.39515582e-03,1.69887663e-02,7.06725154e-03,6.20881894e-02,1.90064472e-04,1.51882246e-06
9.81711702e-01,8.67946931e-03,6.41259061e-02,8.67074444e-03,1.75464170e-02,7.41644907e-03,6.41257676e-02,2.02116460e-04,1.56774942e-06
1.01393946e+00,8.96587539e-03,6.62303107e-02,8.95537925e-03,1.81223683e-02,7.78694504e-03,6.62301678e-02,2.14978170e-04,1.61818803e-06
1.04722519e+00,9.26220107e-03,6.84037242e-02,9.24935712e-03,1.87172205e-02,8.18019111e-03,6.84035765e-02,2.28704818e-04,1.67017837e-06
1.08160363e+00,9.56905581e-03,7.06484041e-02,9.55298468e-03,1.93315933e-02,8.59773776e-03,7.06482516e-02,2.43355444e-04,1.72376091e-06
1.11711065e+00,9.88730666e-03,7.29666814e-02,9.86657860e-03,1.99661269e-02,9.04124064e-03,7.29665239e-02,2.58993186e-04,1.77897636e-06
1.15378330e+00,1.02183833e-02,7.53609627e-02,1.01904659e-02,2.06214822e-02,9.51246735e-03,7.53608000e-02,2.75685577e-04,1.83586565e-06
1.19165984e+00,1.05651343e-02,7.78337326e-02,1.05249845e-02,2.12983418e-02,1.00133046e-02,7.78335647e-02,2.93504861e-04,1.89446977e-06
1.23077980e+00,1.09346062e-02,8.03875564e-02,1.08704831e-02,2.19974109e-02,1.05457660e-02,8.03873829e-02,3.12528339e-04,1.95482966e-06
1.27118400e+00,1.13470262e-02,8.30250819e-02,1.12273220e-02,2.27194173e-02,1.11120000e-02,8.30249028e-02,3.32838738e-04,2.01698609e-06
1.31291459e+00,1.18433244e-02,8.57490429e-02,1.15958734e-02,2.34651129e-02,1.17142986e-02,8.57488580e-02,3.54524606e-04,2.08097947e-06
1.35601511e+00,1.24346602e-02,8.85622613e-02,1.19765216e-02,2.42352740e-02,1.23551067e-02,8.85620703e-02,3.77680749e-04,2.14684973e-06
1.40053055e+00,1.30945924e-02,9.14676500e-02,1.23696635e-02,2.50307023e-02,1.30370317e-02,9.14674528e-02,4.02408689e-04,2.21463605e-06
1.44650734e+00,1.38091449e-02,9.44682157e-02,1.27757089e-02,2.58522257e-02,1.37628544e-02,9.44680120e-02,4.28817167e-04,2.28437672e-06
1.49399346e+00,1.45753065e-02,9.75670617e-02,1.31950813e-02,2.67006990e-02,1.45355394e-02,9.75668514e-02,4.57022688e-04,2.35610885e-06
1.54303847e+00,1.53939336e-02,1.00767391e-01,1.36282178e-02,2.75770052e-02,1.53582476e-02,1.00767174e-01,4.87150103e-04,2.42986808e-06
1.59369353e+00,1.62673673e-02,1.04072509e-01,1.40755699e-02,2.84820556e-02,1.62343484e-02,1.04072285e-01,5.19333244e-04,2.50568836e-06
1.64601150e+00,1.71986810e-02,1.07485827e-01,1.45376041e-02,2.94167917e-02,1.71674332e-02,1.07485596e-01,5.53715609e-04,2.58360151e-06
1.70004698e+00,1.81914167e-02,1.11010866e-01,1.50148019e-02,3.03821852e-02,1.81613297e-02,1.11010627e-01,5.90451106e-04,2.66363695e-06
1.75585633e+00,1.92494844e-02,1.14651258e-01,1.55076607e-02,3.13792398e-02,1.92201169e-02,1.14651011e-01,6.29704857e-04,2.74582122e-06
1.81349780e+00,2.03771253e-02,1.18410750e-01,1.60166941e-02,3.24089917e-02,2.03481415e-02,1.18410495e-01,6.71654071e-04,2.83017757e-06
1.87303154e+00,2.15789023e-02,1.22293209e-01,1.65424326e-02,3.34725108e-02,2.15500344e-02,1.22292945e-01,7.16488988e-04,2.91672547e-06
1.93451965e+00,2.28597039e-02,1.26302623e-01,1.70854241e-02,3.45709018e-02,2.28307297e-02,1.26302351e-01,7.64413907e-04,3.00548004e-06
1.99802631e+00,2.42247553e-02,1.30443108e-01,1.76462343e-02,3.57053053e-02,2.41954830e-02,1.30442827e-01,8.15648306e-04,3.09645148e-06
2.06361777e+00,2.56796341e-02,1.34718906e-01,1.82254475e-02,3.68768989e-02,2.56498927e-02,1.34718616e-01,8.70428044e-04,3.18964445e-06
2.13136247e+00,2.72302888e-02,1.39134394e-01,1.88236671e-02,3.80868982e-02,2.71999210e-02,1.39134095e-01,9.29006687e-04,3.28505731e-06
2.20133111e+00,2.88830601e-02,1.43694085e-01,1.94415162e-02,3.93365585e-02,2.88519172e-02,1.43693776e-01,9.91656934e-04,3.38268140e-06
2.27359668e+00,3.06447037e-02,1.48402630e-01,2.00796384e-02,4.06271755e-02,3.06126420e-02,1.48402311e-01,1.05867218e-03,3.48250022e-06
2.34823460e+00,3.25224150e-02,1.53264826e-01,2.07386980e-02,4.19600870e-02,3.24892926e-02,1.53264497e-01,1.13036820e-03,3.58448851e-06
2.42532274e+00,3.45238560e-02,1.58285616e-01,2.14193814e-02,4.33366739e-02,3.44895308e-02,1.58285276e-01,1.20708502e-03,3.68861132e-06
2.50494154e+00,3.66571833e-02,1.63470095e-01,2.21223973e-02,4.47583616e-02,3.66215104e-02,1.63469744e-01,1.28918888e-03,3.79482300e-06
2.58717408e+00,3.89310779e-02,1.68823510e-01,2.28484773e-02,4.62266215e-02,3.88939083e-02,1.68823148e-01,1.37707449e-03,3.90306607e-06
2.67210616e+00,4.13547769e-02,1.74351268e-01,2.35983773e-02,4.77429726e-02,4.13159557e-02,1.74350894e-01,1.47116734e-03,4.01327013e-06
2.75982639e+00,4.39381066e-02,1.80058937e-01,2.43728775e-02,4.93089823e-02,4.38974715e-02,1.80058551e-01,1.57192636e-03,4.12535064e-06
2.85042632e+00,4.66915173e-02,1.85952249e-01,2.51727837e-02,5.09262687e-02,4.66488971e-02,1.85951850e-01,1.67984671e-03,4.23920765e-06
2.94400048e+00,4.96261199e-02,1.92037104e-01,2.59989280e-02,5.25965017e-02,4.95813329e-02,1.92036692e-01,1.79546289e-03,4.35472457e-06
3.04064649e+00,5.27537240e-02,1.98319572e-01,2.68521696e-02,5.43214045e-02,5.27065768e-02,1.98319147e-01,1.91935206e-03,4.47176685e-06
3.14046522e+00,5.60868775e-02,2.04805899e-01,2.77333957e-02,5.61027556e-02,5.60371632e-02,2.04805461e-01,2.05213775e-03,4.59018072e-06
3.24356081e+00,5.96389081e-02,2.11502505e-01,2.86435222e-02,5.79423899e-02,5.95864046e-02,2.11502053e-01,2.19449377e-03,4.70979197e-06
3.35004083e+00,6.34239657e-02,2.18415988e-01,2.95834950e-02,5.98422010e-02,6.33684341e-02,2.18415521e-01,2.34714861e-03,4.83040482e-06
3.46001639e+00,6.74570663e-02,2.25553127e-01,3.05542908e-02,6.18041426e-02,6.73982487e-02,2.25552645e-01,2.51089009e-03,4.95180097e-06
3.57360225e+00,7.17541368e-02,2.32920880e-01,3.15569179e-02,6.38302302e-02,7.16917548e-02,2.32920382e-01,2.68657048e-03,5.07373892e-06
3.69091691e+00,7.63320613e-02,2.40526388e-01,3.25924173e-02,6.59225430e-02,7.62658131e-02,2.40525874e-01,2.87511202e-03,5.19595358e-06
3.81208280e+00,8.12087265e-02,2.48376973e-01,3.36618639e-02,6.80832260e-02,8.11382848e-02,2.48376443e-01,3.07751297e-03,5.31815646e-06
3.93722633e+00,8.64030684e-02,2.56480137e-01,3.47663675e-02,7.03144915e-02,8.63280775e-02,2.56479590e-01,3.29485405e-03,5.44003652e-06
4.06647809e+00,9.19351178e-02,2.64843559e-01,3.59070736e-02,7.26186211e-02,9.18551909e-02,2.64842995e-01,3.52830544e-03,5.56126191e-06
4.19997295e+00,9.78260449e-02,2.73475096e-01,3.70851652e-02,7.49979677e-02,9.77407605e-02,2.73474514e-01,3.77913434e-03,5.68148295e-06
4.33785019e+00,1.04098201e-01,2.82382773e-01,3.83018631e-02,7.74549577e-02,1.04007100e-01,2.82382173e-01,4.04871305e-03,5.80033681e-06
4.48025368e+00,1.10775161e-01,2.91574780e-01,3.95584278e-02,7.99920926e-02,1.10677740e-01,2.91574160e-01,4.33852766e-03,5.91745416e-06
4.62733201e+00,1.17881752e-01,3.01059462e-01,4.08561604e-02,8.26119513e-02,1.17777464e-01,3.01058823e-01,4.65018729e-03,6.03246873e-06
4.77923865e+00,1.25444092e-01,3.10845313e-01,4.21964040e-02,8.53171921e-02,1.25332337e-01,3.10844654e-01,4.98543391e-03,6.14503027e-06
4.93613210e+00,1.33489604e-01,3.20940957e-01,4.35805449e-02,8.81105545e-02,1.33369724e-01,3.20940277e-01,5.34615274e-03,6.25482226e-06
5.09817606e+00,1.42047032e-01,3.31355138e-01,4.50100139e-02,9.09948619e-02,1.41918307e-01,3.31354438e-01,5.73438315e-03,6.36158537e-06
5.26553963e+00,1.51146442e-01,3.42096700e-01,4.64862879e-02,9.39730231e-02,1.51008084e-01,3.42095977e-01,6.15233011e-03,6.46514847e-06
5.43839743e+00,1.60819209e-01,3.53174560e-01,4.80108909e-02,9.70480346e-02,1.60670350e-01,3.53173815e-01,6.60237589e-03,6.56546909e-06
5.61692982e+00,1.71097979e-01,3.64597688e-01,4.95853958e-02,1.00222983e-01,1.70937667e-01,3.64596920e-01,7.08709222e-03,6.66268577e-06
5.80132310e+00,1.82016619e-01,3.76375069e-01,5.12114259e-02,1.03501046e-01,1.81843810e-01,3.76374278e-01,7.60925240e-03,6.75718509e-06
5.99176967e+00,1.93610136e-01,3.88515670e-01,5.28906561e-02,1.06885497e-01,1.93423681e-01,3.88514854e-01,8.17184351e-03,6.84968670e-06
6.18846824e+00,2.05914560e-01,4.01028390e-01,5.46248146e-02,1.10379704e-01,2.05713195e-01,4.01027550e-01,8.77807811e-03,6.94134973e-06
6.39162405e+00,2.18966796e-01,4.13922015e-01,5.64156844e-02,1.13987132e-01,2.18749130e-01,4.13921149e-01,9.43140548e-03,7.03390382e-06
6.60144909e+00,2.32804426e-01,4.27205152e-01,5.82651053e-02,1.17711349e-01,2.32568930e-01,4.27204261e-01,1.01355216e-02,7.12980727e-06
6.81816229e+00,2.47465462e-01,4.40886163e-01,6.01749750e-02,1.21556023e-01,2.47210454e-01,4.40885245e-01,1.08943778e-02,7.23243231e-06
7.04198979e+00,2.62988044e-01,4.54973083e-01,6.21472511e-02,1.25524925e-01,2.62711672e-01,4.54972138e-01,1.17121870e-02,7.34627372e-06
7.27316511e+00,2.79410058e-01,4.69473527e-01,6.41839527e-02,1.29621932e-01,2.79110285e-01,4.69472554e-01,1.25934274e-02,7.47717039e-06
7.51192949e+00,2.96768690e-01,4.84394584e-01,6.62871623e-02,1.33851030e-01,2.96443276e-01,4.84393582e-01,1.35428424e-02,7.63251988e-06
7.75853206e+00,3.15099887e-01,4.99742695e-01,6.84590273e-02,1.38216311e-01,3.14746368e-01,4.99741664e-01,1.45654359e-02,7.82145507e-06
8.01323013e+00,3.34437725e-01,5.15523517e-01,7.07017622e-02,1.42721977e-01,3.34053397e-01,5.15522457e-01,1.56664617e-02,8.05494127e-06
8.27628946e+00,3.54813683e-01,5.31741764e-01,7.30176500e-02,1.47372342e-01,3.54395572e-01,5.31740675e-01,1.68514068e-02,8.34574887e-06
8.54798453e+00,3.76255792e-01,5.48401033e-01,7.54090443e-02,1.52171833e-01,3.75800640e-01,5.48399912e-01,1.81259660e-02,8.70826621e-06
8.82859884e+00,3.98787698e-01,5.65503600e-01,7.78783712e-02,1.57124987e-01,3.98291932e-01,5.65502449e-01,1.94960075e-02,9.15814649e-06
9.11842520e+00,4.22427589e-01,5.83050205e-01,8.04281310e-02,1.62236456e-01,4.21887301e-01,5.83049022e-01,2.09675272e-02,9.71182690e-06
9.41776601e+00,4.47187042e-01,6.01039800e-01,8.30609003e-02,1.67511005e-01,4.46597959e-01,6.01038585e-01,2.25465924e-02,1.03860036e-05
9.72693362e+00,4.73069756e-01,6.19469277e-01,8.57793339e-02,1.72953511e-01,4.72427219e-01,6.19468029e-01,2.42392712e-02,1.11971691e-05
1.00462506e+01,5.00070231e-01,6.38333170e-01,8.85861664e-02,1.78568966e-01,4.99369167e-01,6.38331889e-01,2.60515496e-02,1.21613037e-05
1.03760502e+01,5.28172394e-01,6.57623328e-01,9.14842146e-02,1.84362472e-01,5.27407291e-01,6.57622014e-01,2.79892334e-02,1.32937661e-05
1.07166765e+01,5.57348233e-01,6.77328564e-01,9.44763791e-02,1.90339239e-01,5.56513118e-01,6.77327217e-01,3.00578380e-02,1.46093681e-05
1.10684849e+01,5.87556476e-01,6.97434278e-01,9.75656462e-02,1.96504590e-01,5.86644894e-01,6.97432898e-01,3.22624654e-02,1.61225770e-05
1.14318425e+01,6.18741400e-01,7.17922065e-01,1.00755090e-01,2.02863948e-01,6.17746393e-01,7.17920651e-01,3.46076709e-02,1.78477738e-05
1.18071285e+01,6.50831824e-01,7.38769298e-01,1.04047874e-01,2.09422843e-01,6.49745916e-01,7.38767851e-01,3.70973238e-02,1.97995050e-05
1.21947344e+01,6.83740388e-01,7.59948715e-01,1.07447252e-01,2.16186898e-01,6.82555576e-01,7.59947235e-01,3.97344660e-02,2.19926866e-05
1.25950646e+01,7.17363202e-01,7.81428002e-01,1.10956573e-01,2.23161833e-01,7.16070944e-01,7.81426488e-01,4.25211739e-02,2.44427391e-05
1.30085370e+01,7.51579945e-01,8.03169385e-01,1.14579278e-01,2.30353453e-01,7.50171163e-01,8.03167838e-01,4.54584319e-02,2.71656499e-05
1.34355829e+01,7.86254504e-01,8.25129263e-01,1.18318907e-01,2.37767645e-01,7.84719583e-01,8.25127683e-01,4.85460228e-02,3.01779649e-05
1.38766479e+01,8.21236200e-01,8.47257881e-01,1.22179096e-01,2.45410367e-01,8.19564994e-01,8.47256269e-01,5.17824456e-02,3.34967172e-05
1.43321923e+01,8.56361634e-01,8.69499076e-01,1.26163579e-01,2.53287641e-01,8.54543485e-01,8.69497433e-01,5.51648662e-02,3.71393004e-05
1.48026913e+01,8.91457158e-01,8.91790117e-01,1.30276194e-01,2.61405541e-01,8.89480909e-01,8.91788442e-01,5.86891083e-02,4.11232921e-05
1.52886359e+01,9.26341908e-01,9.14061666e-01,1.34520877e-01,2.69770180e-01,9.24195922e-01,9.14059962e-01,6.23496893e-02,4.54662350e-05
1.57905331e+01,9.60831309e-01,9.36237893e-01,1.38901669e-01,2.78387702e-01,9.58503492e-01,9.36236159e-01,6.61399019e-02,5.01853785e-05
1.63089068e+01,9.94740920e-01,9.58236759e-01,1.43422711e-01,2.87264258e-01,9.92218748e-01,9.58234998e-01,7.00519424e-02,5.52973890e-05
1.68442976e+01,1.02789044e+00,9.79970519e-01,1.48088251e-01,2.96405995e-01,1.02516098e+00,9.79968730e-01,7.40770790e-02,6.08180330e-05
1.73972643e+01,1.06010770e+00,1.00134643e+00,1.52902639e-01,3.05819033e-01,1.05715762e+00,1.00134462e+00,7.82058536e-02,6.67618420e-05
1.79683839e+01,1.09123237e+00,1.02226773e+00,1.57870329e-01,3.15509445e-01,1.08804798e+00,1.02226589e+00,8.24283065e-02,7.31417671e-05
1.85582523e+01,1.12111928e+00,1.04263481e+00,1.62995878e-01,3.25483231e-01,1.11768653e+00,1.04263295e+00,8.67342116e-02,7.99688350e-05
1.91674849e+01,1.14964117e+00,1.06234671e+00,1.68283947e-01,3.35746292e-01,1.14594564e+00,1.06234483e+00,9.11133082e-02,8.72518182e-05
1.97967175e+01,1.17669066e+00,1.08130274e+00,1.73739297e-01,3.46304401e-01,1.17271759e+00,1.08130084e+00,9.55555182e-02,9.49969317e-05
2.04466067e+01,1.20218147e+00,1.09940436e+00,1.79366789e-01,3.57163166e-01,1.19791575e+00,1.09940244e+00,1.00051136e-01,1.03207571e-04
2.11178304e+01,1.22604891e+00,1.11655714e+00,1.85171382e-01,3.68327997e-01,1.22147505e+00,1.11655520e+00,1.04590983e-01,1.11884107e-04
2.18110892e+01,1.24824952e+00,1.13267278e+00,1.91158130e-01,3.79804066e-01,1.24335166e+00,1.13267084e+00,1.09166521e-01,1.21023744e-04
2.25271064e+01,1.26876011e+00,1.14767118e+00,1.97332177e-01,3.91596259e-01,1.26352196e+00,1.14766922e+00,1.13769924e-01,1.30620458e-04
2.32666291e+01,1.28757624e+00,1.16148226e+00,2.03698757e-01,4.03709134e-01,1.28198112e+00,1.16148030e+00,1.18394104e-01,1.40665016e-04
2.40304289e+01,1.30471031e+00,1.17404778e+00,2.10263183e-01,4.16146862e-01,1.29874106e+00,1.17404580e+00,1.23032696e-01,1.51145080e-04
2.48193029e+01,1.32018934e+00,1.18532266e+00,2.17030850e-01,4.28913174e-01,1.31382834e+00,1.18532067e+00,1.27680019e-01,1.62045393e-04
2.56340741e+01,1.33405267e+00,1.19527611e+00,2.24007217e-01,4.42011301e-01,1.32728180e+00,1.19527412e+00,1.32330991e-01,1.73348034e-04
2.64755927e+01,1.34634961e+00,1.20389228e+00,2.31197811e-01,4.55443901e-01,1.33915023e+00,1.20389029e+00,1.36981043e-01,1.85032737e-04
2.73447368e+01,1.35713719e+00,1.21117048e+00,2.38608211e-01,4.69212995e-01,1.34949014e+00,1.21116849e+00,1.41626003e-01,1.97077249e-04
2.82424133e+01,1.36647812e+00,1.21712493e+00,2.46244037e-01,4.83319883e-01,1.35836367e+00,1.21712293e+00,1.46261984e-01,2.09457714e-04
2.91695588e+01,1.37443886e+00,1.22178411e+00,2.54110947e-01,4.97765066e-01,1.36583677e+00,1.22178210e+00,1.50885263e-01,2.22149063e-04
3.01271407e+01,1.38108808e+00,1.22518968e+00,2.62214616e-01,5.12548157e-01,1.37197753e+00,1.22518767e+00,1.55492171e-01,2.35125384e-04
3.11161583e+01,1.38649523e+00,1.22739514e+00,2.70560724e-01,5.27667789e-01,1.37685486e+00,1.22739314e+00,1.60078981e-01,2.48360261e-04
3.21376434e+01,1.39072947e+00,1.22846418e+00,2.79154943e-01,5.43121513e-01,1.38053740e+00,1.22846218e+00,1.64641813e-01,2.61827065e-04
3.31926620e+01,1.39385881e+00,1.22846886e+00,2.88002916e-01,5.58905700e-01,1.38309265e+00,1.22846685e+00,1.69176551e-01,2.75499189e-04
3.42823149e+01,1.39594948e+00,1.22748774e+00,2.97110238e-01,5.75015431e-01,1.38458635e+00,1.22748573e+00,1.73678766e-01,2.89350213e-04
3.54077391e+01,1.39706545e+00,1.22560399e+00,3.06482439e-01,5.91444383e-01,1.38508202e+00,1.22560198e+00,1.78143657e-01,3.03354002e-04
3.65701088e+01,1.39726816e+00,1.22290357e+00,3.16124950e-01,6.08184717e-01,1.38464069e+00,1.22290155e+00,1.82566010e-01,3.17484746e-04
3.77706369e+01,1.39661640e+00,1.21947353e+00,3.26043089e-01,6.25226960e-01,1.38332078e+00,1.21947151e+00,1.86940157e-01,3.31716927e-04
3.90105762e+01,1.39516627e+00,1.21540048e+00,3.36242024e-01,6.42559883e-01,1.38117806e+00,1.21539845e+00,1.91259962e-01,3.46025240e-04
4.02912203e+01,1.39297122e+00,1.21076923e+00,3.46726743e-01,6.60170384e-01,1.37826569e+00,1.21076720e+00,1.95518810e-01,3.60384464e-04
4.16139055e+01,1.39008218e+00,1.20566169e+00,3.57502026e-01,6.78043370e-01,1.37463439e+00,1.20565965e+00,1.99709608e-01,3.74769304e-04
4.29800121e+01,1.38654776e+00,1.20015598e+00,3.68572399e-01,6.96161639e-01,1.37033259e+00,1.20015393e+00,2.03824798e-01,3.89154201e-04
4.43909653e+01,1.38241441e+00,1.19432568e+00,3.79942102e-01,7.14505776e-01,1.36540659e+00,1.19432362e+00,2.07856378e-01,4.03513132e-04
4.58482375e+01,1.37772663e+00,1.18823937e+00,3.91615045e-01,7.33054048e-01,1.35990082e+00,1.18823729e+00,2.11795931e-01,4.17819401e-04
4.73533492e+01,1.37252724e+00,1.18196029e+00,4.03594758e-01,7.51782313e-01,1.35385805e+00,1.18195819e+00,2.15634663e-01,4.32045443e-04
4.89078709e+01,1.36685754e+00,1.17554617e+00,4.15884349e-01,7.70663947e-01,1.34731954e+00,1.17554405e+00,2.19363444e-01,4.46162629e-04
5.05134247e+01,1.36075755e+00,1.16904921e+00,4.28486444e-01,7.89669778e-01,1.34032531e+00,1.16904707e+00,2.22972860e-01,4.60141102e-04
5.21716858e+01,1.35426615e+00,1.16251614e+00,4.41403139e-01,8.08768052e-01,1.33291425e+00,1.16251396e+00,2.26453263e-01,4.73949629e-04
5.38843844e+01,1.34742130e+00,1.15598837e+00,4.54635939e-01,8.27924420e-01,1.32512429e+00,1.15598616e+00,2.29794828e-01,4.87555494e-04
5.56533078e+01,1.34026015e+00,1.14950226e+00,4.68185696e-01,8.47101945e-01,1.31699253e+00,1.14950001e+00,2.32987617e-01,5.00924425e-04
5.74803016e+01,1.33281919e+00,1.14308937e+00,4.82052545e-01,8.66261160e-01,1.30855534e+00,1.14308707e+00,2.36021636e-01,5.14020561e-04
5.93672722e+01,1.32513428e+00,1.13677677e+00,4.96235838e-01,8.85360144e-01,1.29984838e+00,1.13677440e+00,2.38886903e-01,5.26806466e-04
6.13161884e+01,1.31724081e+00,1.13058738e+00,5.10734078e-01,9.04354651e-01,1.29090671e+00,1.13058493e+00,2.41573509e-01,5.39243193e-04
6.33290840e+01,1.30917370e+00,1.12454032e+00,5.25544843e-01,9.23198277e-01,1.28176475e+00,1.12453777e+00,2.44071686e-01,5.51290398e-04
6.54080591e+01,1.30096743e+00,1.11865125e+00,5.40664714e-01,9.41842679e-01,1.27245630e+00,1.11864857e+00,2.46371866e-01,5.62906505e-04
6.75552832e+01,1.29265610e+00,1.11293269e+00,5.56089208e-01,9.60237840e-01,1.26301451e+00,1.11292984e+00,2.48464748e-01,5.74048925e-04
6.97729965e+01,1.28427340e+00,1.10739439e+00,5.71812696e-01,9.78332383e-01,1.25347181e+00,1.10739130e+00,2.50341357e-01,5.84674333e-04
7.20635132e+01,1.27585265e+00,1.10204359e+00,5.87828335e-01,9.96073940e-01,1.24385986e+00,1.10204017e+00,2.51993105e-01,5.94738990e-04
7.44292233e+01,1.26742674e+00,1.09688538e+00,6.04127995e-01,1.01340956e+00,1.23420949e+00,1.09688146e+00,2.53411845e-01,6.04199125e-04
7.68725952e+01,1.25902819e+00,1.09192302e+00,6.20702186e-01,1.03028620e+00,1.22455056e+00,1.09191825e+00,2.54589931e-01,6.13011351e-04
7.93961785e+01,1.25068912e+00,1.08715841e+00,6.37539996e-01,1.04665117e+00,1.21491196e+00,1.08715194e+00,2.55520267e-01,6.21133140e-04
8.20026062e+01,1.24244128e+00,1.08259401e+00,6.54629026e-01,1.06245275e+00,1.20532143e+00,1.08258247e+00,2.56196359e-01,6.28523316e-04
8.46945981e+01,1.23431610e+00,1.07845856e+00,6.71955331e-01,1.07764067e+00,1.19580551e+00,1.07820853e+00,2.56612360e-01,6.35142592e-04
8.74749630e+01,1.22634470e+00,1.09217690e+00,6.89503374e-01,1.09216679e+00,1.18638945e+00,1.07402778e+00,2.56763121e-01,6.40954115e-04
9.03466021e+01,1.21855806e+00,1.10599017e+00,7.07255981e-01,1.10598560e+00,1.17709711e+00,1.07003698e+00,2.56644230e-01,6.45924029e-04
9.33125118e+01,1.21098707e+00,1.11905764e+00,7.25194309e-01,1.11905485e+00,1.16795091e+00,1.06623214e+00,2.56252053e-01,6.50022034e-04
9.63757866e+01,1.20366276e+00,1.13133805e+00,7.43297826e-01,1.13133614e+00,1.15897173e+00,1.06260871e+00,2.55583775e-01,6.53221936e-04
9.95396231e+01,1.19661647e+00,1.14279677e+00,7.61544299e-01,1.14279537e+00,1.15017889e+00,1.05916164e+00,2.54637436e-01,6.55502167e-04
1.02807322e+02,1.18988021e+00,1.15340439e+00,7.79909799e-01,1.15340331e+00,1.14159007e+00,1.05588551e+00,2.53411963e-01,6.56846283e-04
1.06182294e+02,1.18348689e+00,1.16313682e+00,7.98368723e-01,1.16313597e+00,1.13322131e+00,1.05277464e+00,2.51907207e-01,6.57243410e-04
1.09668060e+02,1.17747086e+00,1.17197565e+00,8.16893825e-01,1.17197497e+00,1.12508696e+00,1.04982313e+00,2.50123966e-01,6.56688643e-04
1.13268257e+02,1.17186825e+00,1.17990835e+00,8.35456268e-01,1.17990778e+00,1.11719972e+00,1.04702497e+00,2.48064015e-01,6.55183385e-04
1.16986641e+02,1.16671756e+00,1.18692842e+00,8.54025699e-01,1.18692794e+00,1.10957058e+00,1.04437407e+00,2.45730126e-01,6.52735622e-04
1.20827094e+02,1.16206018e+00,1.19303551e+00,8.72570330e-01,1.19303510e+00,1.10220889e+00,1.04186432e+00,2.43126091e-01,6.49360133e-04
1.24793621e+02,1.15794079e+00,1.19823538e+00,8.91057048e-01,1.19823502e+00,1.09512240e+00,1.03948965e+00,2.40256731e-01,6.45078640e-04
1.28890361e+02,1.15440775e+00,1.20253975e+00,9.09451539e-01,1.20253944e+00,1.08831722e+00,1.03724405e+00,2.37127903e-01,6.39919887e-04
1.33121590e+02,1.15151298e+00,1.20596614e+00,9.27718430e-01,1.20596586e+00,1.08179795e+00,1.03512159e+00,2.33746511e-01,6.33919670e-04
1.37491723e+02,1.14931143e+00,1.20853751e+00,9.45821445e-01,1.20853725e+00,1.07556771e+00,1.03311648e+00,2.30120492e-01,6.27120812e-04
1.42005318e+02,1.14785950e+00,1.21028190e+00,9.63723590e-01,1.21028166e+00,1.06962819e+00,1.03122304e+00,2.26258810e-01,6.19573102e-04
1.46667087e+02,1.14721234e+00,1.21123198e+00,9.81387330e-01,1.21123176e+00,1.06397972e+00,1.02943578e+00,2.22171431e-01,6.11333200e-04
1.51481892e+02,1.14741959e+00,1.21142453e+00,9.98774803e-01,1.21142431e+00,1.05862137e+00,1.02774934e+00,2.17869301e-01,6.02464519e-04
1.56454759e+02,1.14851961e+00,1.21089986e+00,1.01584803e+00,1.21089966e+00,1.05355099e+00,1.02615856e+00,2.13364298e-01,5.93037103e-04
1.61590875e+02,1.15053271e+00,1.20970129e+00,1.03256912e+00,1.20970109e+00,1.04876534e+00,1.02465846e+00,2.08669194e-01,5.83127494e-04
1.66895601e+02,1.15345445e+00,1.20787446e+00,1.04890054e+00,1.20787427e+00,1.04426011e+00,1.02324423e+00,2.03797591e-01,5.72818596e-04
1.72374471e+02,1.15725067e+00,1.20546682e+00,1.06480530e+00,1.20546663e+00,1.04003006e+00,1.02191127e+00,1.98763852e-01,5.62199541e-04
1.78033202e+02,1.16185580e+00,1.20252695e+00,1.08024721e+00,1.20252677e+00,1.03606910e+00,1.02065515e+00,1.93583032e-01,5.51365545e-04
1.83877698e+02,1.16717518e+00,1.19910407e+00,1.09519109e+00,1.19910388e+00,1.03237033e+00,1.01947165e+00,1.88270782e-01,5.40417725e-04
1.89914058e+02,1.17309122e+00,1.19524743e+00,1.10960301e+00,1.19524724e+00,1.02892618e+00,1.01835671e+00,1.82843264e-01,5.29462879e-04
1.96148581e+02,1.17947174e+00,1.19100587e+00,1.12345052e+00,1.19100568e+00,1.02572845e+00,1.01730646e+00,1.77317042e-01,5.18613152e-04
2.02587771e+02,1.18617878e+00,1.18642734e+00,1.13670280e+00,1.18642715e+00,1.02276845e+00,1.01631724e+00,1.71708979e-01,5.07985579e-04
2.09238348e+02,1.19307619e+00,1.18155848e+00,1.14933093e+00,1.18155829e+00,1.02003702e+00,1.01538552e+00,1.66036122e-01,4.97701399e-04
2.16107251e+02,1.20003526e+00,1.17644432e+00,1.16130800e+00,1.17644413e+00,1.01752463e+00,1.01450797e+00,1.60315586e-01,4.87885106e-04
2.23201647e+02,1.20693820e+00,1.17112794e+00,1.17260932e+00,1.17112774e+00,1.01522147e+00,1.01368141e+00,1.54564439e-01,4.78663132e-04
2.30528939e+02,1.21367981e+00,1.16565024e+00,1.18321257e+00,1.16565004e+00,1.01311754e+00,1.01290283e+00,1.48799582e-01,4.70162112e-04
2.38096772e+02,1.22016792e+00,1.16004975e+00,1.19309789e+00,1.16004954e+00,1.01120266e+00,1.01216936e+00,1.43037633e-01,4.62506662e-04
2.45913043e+02,1.22632292e+00,1.15436251e+00,1.20224803e+00,1.15436229e+00,1.00946659e+00,1.01147828e+00,1.37294816e-01,4.55816688e-04
2.53985907e+02,1.23207688e+00,1.14862193e+00,1.21064847e+00,1.14862170e+00,1.00789910e+00,1.01082704e+00,1.31586852e-01,4.50204232e-04
2.62323788e+02,1.23737258e+00,1.14285878e+00,1.21828741e+00,1.14285854e+00,1.00648999e+00,1.01021318e+00,1.25928859e-01,4.45770008e-04
2.70935387e+02,1.24216236e+00,1.13710115e+00,1.22515595e+00,1.13710090e+00,1.00522917e+00,1.00963440e+00,1.20335259e-01,4.42599806e-04
2.79829688e+02,1.24640721e+00,1.13137450e+00,1.23124803e+00,1.13137423e+00,1.00410671e+00,1.00908851e+00,1.14819690e-01,4.40761024e-04
2.89015972e+02,1.25007581e+00,1.12570167e+00,1.23656052e+00,1.12570138e+00,1.00311288e+00,1.00857346e+00,1.09394941e-01,4.40299641e-04
2.98503825e+02,1.25314381e+00,1.12010297e+00,1.24109321e+00,1.12010266e+00,1.00223822e+00,1.00808729e+00,1.04072879e-01,4.41237924e-04
3.08303146e+02,1.25559312e+00,1.11459629e+00,1.24484881e+00,1.11459595e+00,1.00147354e+00,1.00762815e+00,9.88644048e-02,4.43573100e-04
3.18424160e+02,1.25741137e+00,1.10919719e+00,1.24783294e+00,1.10919682e+00,1.00080996e+00,1.00719432e+00,9.37794088e-02,4.47277123e-04
3.28877429e+02,1.25859140e+00,1.10391902e+00,1.25005408e+00,1.10391862e+00,1.00023896e+00,1.00678414e+00,8.88267454e-02,4.52297536e-04
3.39673858e+02,1.25913086e+00,1.09877310e+00,1.25152353e+00,1.09877265e+00,9.99752405e-01,1.00639607e+00,8.40142154e-02,4.58559285e-04
3.50824714e+02,1.25903184e+00,1.09376877e+00,1.25225534e+00,1.09376826e+00,9.99342518e-01,1.00602866e+00,7.93485613e-02,4.65967256e-04
3.62341632e+02,1.25830050e+00,1.08891361e+00,1.25226627e+00,1.08891305e+00,9.99001941e-01,1.00568053e+00,7.48354729e-02,4.74409249e-04
3.74236629e+02,1.25694684e+00,1.08421357e+00,1.25157563e+00,1.08421294e+00,9.98723724e-01,1.00535039e+00,7.04796030e-02,4.83759108e-04
3.86522116e+02,1.25498437e+00,1.07967306e+00,1.25020526e+00,1.07967235e+00,9.98501332e-01,1.00503704e+00,6.62845924e-02,4.93879772e-04
3.99210913e+02,1.25242990e+00,1.07529516e+00,1.24817933e+00,1.07529436e+00,9.98328647e-01,1.00473933e+00,6.22531034e-02,5.04626093e-04
4.12316259e+02,1.24930323e+00,1.07108171e+00,1.24552427e+00,1.07108080e+00,9.98199964e-01,1.00445621e+00,5.83868602e-02,5.15847331e-04
4.25851829e+02,1.24562697e+00,1.06703342e+00,1.24226859e+00,1.06703240e+00,9.98109989e-01,1.00418668e+00,5.46866964e-02,5.27389323e-04
4.39831747e+02,1.24142625e+00,1.06315007e+00,1.23844272e+00,1.06314892e+00,9.98053825e-01,1.00392981e+00,5.11526069e-02,5.39096376e-04
4.54270599e+02,1.23672850e+00,1.05943056e+00,1.23407887e+00,1.05942926e+00,9.98026965e-01,1.00368475e+00,4.77838046e-02,5.50812972e-04
4.69183451e+02,1.23156321e+00,1.05587301e+00,1.22921079e+00,1.05587155e+00,9.98025278e-01,1.00345069e+00,4.45787804e-02,5.62385417e-04
4.84585864e+02,1.22596167e+00,1.05247492e+00,1.22387363e+00,1.05247328e+00,9.98044994e-01,1.00322689e+00,4.15353650e-02,5.73663540e-04
5.00493910e+02,1.21995673e+00,1.04923323e+00,1.21810368e+00,1.04923139e+00,9.98082686e-01,1.00301268e+00,3.86507924e-02,5.84502607e-04
5.16924187e+02,1.21358252e+00,1.04614440e+00,1.21193823e+00,1.04614235e+00,9.98135255e-01,1.00280742e+00,3.59217637e-02,5.94765562e-04
5.33893840e+02,1.20687424e+00,1.04320449e+00,1.20541525e+00,1.04320221e+00,9.98199913e-01,1.00261056e+00,3.33445103e-02,6.04325728e-04
5.51420574e+02,1.19986787e+00,1.04040925e+00,1.19857326e+00,1.04040672e+00,9.98274161e-01,1.00242157e+00,3.09148569e-02,6.13070098e-04
5.69522678e+02,1.19259994e+00,1.03775418e+00,1.19145104e+00,1.03775138e+00,9.98355775e-01,1.00224001e+00,2.86282818e-02,6.20903298e-04
5.88219040e+02,1.18510725e+00,1.03523457e+00,1.18408743e+00,1.03523149e+00,9.98442783e-01,1.00206545e+00,2.64799758e-02,6.27752323e-04
6.07529169e+02,1.17742665e+00,1.03284559e+00,1.17652110e+00,1.03284221e+00,9.98533450e-01,1.00189755e+00,2.44648977e-02,6.33572075e-04
6.27473213e+02,1.16959479e+00,1.03058230e+00,1.16879034e+00,1.03057860e+00,9.98626259e-01,1.00173598e+00,2.25778279e-02,6.38351688e-04
6.48071983e+02,1.16164789e+00,1.02843970e+00,1.16093283e+00,1.02843566e+00,9.98719895e-01,1.00158050e+00,2.08134172e-02,6.42121547e-04
6.69346971e+02,1.15362153e+00,1.02641280e+00,1.15298546e+00,1.02640840e+00,9.98813226e-01,1.00143088e+00,1.91662335e-02,6.44960761e-04
6.91320378e+02,1.14555042e+00,1.02449662e+00,1.14498411e+00,1.02449185e+00,9.98905288e-01,1.00128695e+00,1.76308035e-02,6.47004665e-04
7.14015130e+02,1.13746825e+00,1.02268624e+00,1.13696351e+00,1.02268106e+00,9.98995273e-01,1.00114858e+00,1.62016517e-02,6.48451675e-04
7.37454909e+02,1.12940749e+00,1.02097681e+00,1.12895707e+00,1.02097121e+00,9.99082508e-01,1.00101569e+00,1.48733349e-02,6.49568487e-04
7.61664172e+02,1.12139926e+00,1.01936361e+00,1.12099670e+00,1.01935753e+00,9.99166450e-01,1.00088821e+00,1.36404733e-02,6.50692236e-04
7.86668179e+02,1.11347314e+00,1.01784203e+00,1.11311275e+00,1.01783542e+00,9.99246666e-01,1.00076614e+00,1.24977774e-02,6.52227889e-04
8.12493021e+02,1.10565713e+00,1.01640760e+00,1.10533384e+00,1.01640039e+00,9.99322824e-01,1.00064949e+00,1.14400722e-02,6.54638961e-04
8.39165644e+02,1.09797750e+00,1.01505604e+00,1.09768683e+00,1.01504814e+00,9.99394683e-01,1.00053829e+00,1.04623167e-02,6.58429817e-04
8.66713880e+02,1.09045873e+00,1.01378323e+00,1.09019670e+00,1.01377450e+00,9.99462083e-01,1.00043262e+00,9.55962144e-03,6.64118652e-04
8.95166472e+02,1.08312345e+00,1.01258523e+00,1.08288651e+00,1.01257551e+00,9.99524931e-01,1.00033255e+00,8.72726190e-03,6.72201789e-04
9.24553110e+02,1.07599241e+00,1.01145834e+00,1.07577741e+00,1.01144741e+00,9.99583200e-01,1.00023818e+00,7.96068977e-03,6.83112101e-04
9.54904456e+02,1.06908446e+00,1.01039903e+00,1.06888857e+00,1.01038660e+00,9.99636912e-01,1.00014963e+00,7.25554114e-03,6.97176641e-04
9.86252179e+02,1.06241650e+00,1.00940399e+00,1.06223719e+00,1.00938970e+00,9.99686140e-01,1.00006700e+00,6.60764255e-03,7.14579925e-04
1.01862899e+03,1.05600358e+00,1.00847013e+00,1.05583854e+00,1.00845353e+00,9.99730992e-01,9.99990389e-01,6.01301473e-03,7.35339100e-04
1.05206867e+03,1.04985885e+00,1.00759458e+00,1.04970596e+00,1.00757508e+00,9.99771612e-01,9.99919902e-01,5.46787446e-03,7.59295074e-04
1.08660611e+03,1.04399361e+00,1.00677466e+00,1.04385090e+00,1.00675157e+00,9.99808171e-01,9.99855618e-01,4.96863467e-03,7.86120415e-04
1.12227736e+03,1.03841740e+00,1.00600794e+00,1.03828297e+00,1.00598037e+00,9.99840859e-01,9.99797594e-01,4.51190314e-03,8.15341641e-04
1.15911962e+03,1.03313803e+00,1.00529218e+00,1.03300998e+00,1.00525903e+00,9.99869888e-01,9.99745861e-01,4.09447973e-03,8.46371502e-04
1.19717134e+03,1.02816168e+00,1.00462535e+00,1.02803802e+00,1.00458526e+00,9.99895480e-01,9.99700418e-01,3.71335270e-03,8.78546375e-04
1.23647224e+03,1.02349303e+00,1.00400566e+00,1.02337150e+00,1.00395694e+00,9.99917867e-01,9.99661222e-01,3.36569394e-03,9.11164669e-04
1.27706330e+03,1.01913541e+00,1.00343155e+00,1.01901321e+00,1.00337207e+00,9.99937284e-01,9.99628191e-01,3.04885356e-03,9.43523405e-04
1.31898690e+03,1.01509119e+00,1.00290173e+00,1.01496440e+00,1.00282877e+00,9.99953972e-01,9.99601196e-01,2.76035378e-03,9.74951362e-04
1.36228676e+03,1.01136251e+00,1.00241525e+00,1.01122483e+00,1.00232529e+00,9.99968167e-01,9.99580061e-01,2.49788240e-03,1.00483806e-03
1.40700809e+03,1.00795353e+00,1.00197159e+00,1.00779284e+00,1.00185997e+00,9.99980104e-01,9.99564563e-01,2.25928590e-03,1.03265835e-03
1.45319752e+03,1.00487925e+00,1.00157075e+00,1.00466538e+00,1.00143122e+00,9.99990012e-01,9.99554432e-01,2.04256228e-03,1.05799238e-03
1.50090328e+03,1.00222169e+00,1.00121352e+00,1.00183811e+00,1.00103756e+00,9.99998109e-01,9.99549354e-01,1.84585375e-03,1.08054102e-03
1.55017512e+03,1.00055941e+00,1.00090153e+00,9.99305415e-01,1.00067753e+00,1.00000461e+00,9.99548975e-01,1.66743935e-03,1.10013615e-03
1.60106446e+03,1.00019106e+00,1.00063721e+00,9.97060453e-01,1.00034977e+00,1.00000970e+00,9.99552904e-01,1.50572760e-03,1.11674573e-03
1.65362441e+03,1.00010600e+00,1.00042287e+00,9.95095224e-01,1.00005292e+00,1.00001359e+00,9.99560724e-01,1.35924915e-03,1.13047302e-03
1.70790980e+03,1.00007299e+00,1.00025875e+00,9.93400597e-01,9.99785698e-01,1.00001643e+00,9.99571994e-01,1.22664959e-03,1.14154953e-03
1.76397728e+03,1.00005639e+00,1.00014099e+00,9.91966358e-01,9.99546831e-01,1.00001839e+00,9.99586261e-01,1.10668240e-03,1.15032144e-03
1.82188534e+03,1.00004662e+00,1.00006178e+00,9.90781255e-01,9.99335078e-01,1.00001961e+00,9.99603067e-01,9.98202065e-04,1.15722930e-03
1.88169442e+03,1.00004017e+00,1.00001191e+00,9.89833047e-01,9.99149213e-01,1.00002022e+00,9.99621957e-01,9.00157477e-04,1.16278146e-03
1.94346693e+03,1.00003549e+00,9.99983202e-01,9.89108559e-01,9.98988029e-01,1.00002034e+00,9.99642485e-01,8.11585489e-04,1.16752209e-03
2.00726730e+03,1.00003184e+00,9.99969491e-01,9.88593748e-01,9.98850324e-01,1.00002007e+00,9.99664227e-01,7.31604785e-04,1.17199537e-03
2.07316213e+03,1.00002880e+00,9.99966436e-01,9.88273772e-01,9.98734901e-01,1.00001950e+00,9.99686781e-01,6.59410004e-04,1.17670851e-03
2.14122015e+03,1.00002617e+00,9.99971047e-01,9.88133081e-01,9.98640564e-01,1.00001870e+00,9.99709778e-01,5.94266136e-04,1.18209633e-03
2.21151240e+03,1.00002383e+00,9.99981244e-01,9.88155520e-01,9.98566112e-01,1.00001775e+00,9.99732881e-01,5.35503212e-04,1.18849107e-03
2.28411221e+03,1.00002169e+00,9.99995549e-01,9.88324447e-01,9.98510338e-01,1.00001669e+00,9.99755792e-01,4.82511270e-04,1.19610049e-03
2.35909533e+03,1.00001973e+00,1.00001288e+00,9.88622873e-01,9.98472026e-01,1.00001557e+00,9.99778253e-01,4.34735613e-04,1.20499654e-03
2.43654001e+03,1.00001793e+00,1.00003245e+00,9.89033616e-01,9.98449948e-01,1.00001442e+00,9.99800044e-01,3.91672341e-04,1.21511565e-03
2.51652705e+03,1.00001626e+00,1.00005362e+00,9.89539473e-01,9.98442865e-01,1.00001327e+00,9.99820984e-01,3.52864166e-04,1.22627013e-03
2.59913992e+03,1.00001472e+00,1.00007592e+00,9.90123410e-01,9.98449530e-01,1.00001215e+00,9.99840930e-01,3.17896493e-04,1.23816850e-03
2.68446481e+03,1.00001330e+00,1.00009898e+00,9.90768756e-01,9.98468683e-01,1.00001107e+00,9.99859775e-01,2.86393767e-04,1.25044209e-03
2.77259076e+03,1.00001199e+00,1.00012249e+00,9.91459406e-01,9.98499065e-01,1.00001004e+00,9.99877443e-01,2.58016075e-04,1.26267434e-03
2.86360972e+03,1.00001080e+00,1.00014620e+00,9.92180028e-01,9.98539411e-01,1.00000907e+00,9.99893887e-01,2.32455987e-04,1.27443004e-03
2.95761666e+03,1.00000972e+00,1.00016993e+00,9.92916249e-01,9.98588468e-01,1.00000817e+00,9.99909085e-01,2.09435641e-04,1.28528191e-03
3.05470967e+03,1.00000874e+00,1.00019350e+00,9.93654843e-01,9.98644994e-01,1.00000733e+00,9.99923040e-01,1.88704045e-04,1.29483302e-03
3.15499006e+03,1.00000785e+00,1.00021680e+00,9.94383880e-01,9.98707771e-01,1.00000656e+00,9.99935769e-01,1.70034597e-04,1.30273422e-03
3.25856248e+03,1.00000706e+00,1.00023971e+00,9.95092860e-01,9.98775614e-01,1.00000586e+00,9.99947307e-01,1.53222807e-04,1.30869642e-03
3.36553498e+03,1.00000635e+00,1.00026215e+00,9.95772798e-01,9.98847380e-01,1.00000522e+00,9.99957700e-01,1.38084211e-04,1.31249787e-03
3.47601918e+03,1.00000572e+00,1.00028403e+00,9.96416276e-01,9.98921978e-01,1.00000464e+00,9.99967004e-01,1.24452463e-04,1.31398717e-03
3.59013038e+03,1.00000518e+00,1.00030530e+00,9.97017459e-01,9.98998380e-01,1.00000412e+00,9.99975280e-01,1.12177594e-04,1.31308241e-03
3.70798763e+03,1.00000471e+00,1.00032589e+00,9.97572057e-01,9.99075628e-01,1.00000365e+00,9.99982593e-01,1.01124435e-04,1.30976749e-03
3.82971391e+03,1.00000431e+00,1.00034576e+00,9.98077255e-01,9.99152843e-01,1.00000323e+00,9.99989014e-01,9.11711784e-05,1.30408593e-03
3.95543624e+03,1.00000401e+00,1.00036485e+00,9.98531610e-01,9.99229230e-01,1.00000286e+00,9.99994609e-01,8.22080764e-05,1.29613315e-03
4.08528580e+03,1.00000381e+00,1.00038311e+00,9.98934915e-01,9.99304085e-01,1.00000252e+00,9.99999449e-01,7.41362624e-05,1.28604760e-03
4.21939808e+03,1.00000379e+00,1.00040049e+00,9.99288040e-01,9.99376793e-01,1.00000223e+00,1.00000360e+00,6.68666858e-05,1.27400129e-03
4.35791301e+03,1.00000417e+00,1.00041694e+00,9.99592768e-01,9.99446832e-01,1.00000196e+00,1.00000713e+00,6.03191489e-05,1.26019021e-03
4.50097513e+03,1.00000651e+00,1.00043241e+00,9.99851615e-01,9.99513772e-01,1.00000173e+00,1.00001009e+00,5.44214382e-05,1.24482502e-03
4.64873371e+03,1.00007578e+00,1.00044683e+00,1.00006766e+00,9.99577270e-01,1.00000152e+00,1.00001256e+00,4.91085389e-05,1.22812227e-03
4.80134292e+03,1.00024637e+00,1.00046015e+00,1.00024437e+00,9.99637066e-01,1.00000134e+00,1.00001457e+00,4.43219271e-05,1.21029645e-03
4.95896201e+03,1.00038650e+00,1.00047232e+00,1.00038547e+00,9.99692978e-01,1.00000118e+00,1.00001618e+00,4.00089301e-05,1.19155308e-03
5.12175544e+03,1.00049543e+00,1.00048328e+00,1.00049477e+00,9.99744894e-01,1.00000103e+00,1.00001745e+00,3.61221490e-05,1.17208297e-03
5.28989308e+03,1.00057655e+00,1.00049298e+00,1.00057609e+00,9.99792767e-01,1.00000091e+00,1.00001840e+00,3.26189376e-05,1.15205771e-03
5.46355035e+03,1.00063348e+00,1.00050138e+00,1.00063314e+00,9.99836604e-01,1.00000080e+00,1.00001909e+00,2.94609320e-05,1.13162646e-03
5.64290847e+03,1.00066972e+00,1.00050845e+00,1.00066946e+00,9.99876461e-01,1.00000070e+00,1.00001954e+00,2.66136248e-05,1.11091397e-03
5.82815458e+03,1.00068855e+00,1.00051415e+00,1.00068834e+00,9.99912432e-01,1.00000061e+00,1.00001979e+00,2.40459815e-05,1.09001983e-03
6.01948197e+03,1.00069299e+00,1.00051846e+00,1.00069282e+00,9.99944647e-01,1.00000054e+00,1.00001987e+00,2.17300939e-05,1.06901878e-03
6.21709029e+03,1.00068576e+00,1.00052138e+00,1.00068562e+00,9.99973260e-01,1.00000047e+00,1.00001980e+00,1.96408669e-05,1.04796199e-03
6.42118571e+03,1.00066931e+00,1.00052291e+00,1.00066919e+00,9.99998446e-01,1.00000042e+00,1.00001961e+00,1.77557361e-05,1.02687911e-03
6.63198120e+03,1.00064576e+00,1.00052307e+00,1.00064566e+00,1.00002039e+00,1.00000036e+00,1.00001932e+00,1.60544130e-05,1.00578092e-03
6.84969672e+03,1.00061696e+00,1.00052186e+00,1.00061687e+00,1.00003930e+00,1.00000032e+00,1.00001894e+00,1.45186550e-05,9.84662476e-04
7.07455942e+03,1.00058448e+00,1.00051933e+00,1.00058440e+00,1.00005538e+00,1.00000028e+00,1.00001849e+00,1.31320587e-05,9.63506412e-04
7.30680395e+03,1.00054963e+00,1.00051550e+00,1.00054957e+00,1.00006883e+00,1.00000025e+00,1.00001799e+00,1.18798730e-05,9.42286418e-04
7.54667263e+03,1.00051352e+00,1.00051044e+00,1.00051347e+00,1.00007986e+00,1.00000022e+00,1.00001745e+00,1.07488318e-05,9.20970619e-04
7.79441575e+03,1.00047702e+00,1.00050420e+00,1.00047697e+00,1.00008867e+00,1.00000019e+00,1.00001687e+00,9.72700233e-06,8.99524791e-04
8.05029181e+03,1.00044084e+00,1.00049683e+00,1.00044080e+00,1.00009547e+00,1.00000017e+00,1.00001627e+00,8.80365001e-06,8.77915308e-04
8.31456781e+03,1.00040553e+00,1.00048840e+00,1.00040549e+00,1.00010045e+00,1.00000015e+00,1.00001566e+00,7.96911603e-06,8.56111726e-04
8.58751948e+03,1.00037149e+00,1.00047900e+00,1.00037145e+00,1.00010379e+00,1.00000013e+00,1.00001504e+00,7.21470797e-06,8.34088977e-04
8.86943166e+03,1.00033903e+00,1.00046869e+00,1.00033899e+00,1.00010568e+00,1.00000011e+00,1.00001441e+00,6.53260135e-06,8.11829129e-04
9.16059848e+03,1.00030834e+00,1.00045755e+00,1.00030831e+00,1.00010629e+00,1.00000010e+00,1.00001379e+00,5.91575133e-06,7.89322704e-04
9.46132376e+03,1.00027956e+00,1.00044569e+00,1.00027954e+00,1.00010577e+00,1.00000009e+00,1.00001318e+00,5.35781349e-06,7.66569553e-04
9.77192128e+03,1.00025275e+00,1.00043317e+00,1.00025273e+00,1.00010429e+00,1.00000008e+00,1.00001257e+00,4.85307271e-06,7.43579307e-04
1.00927151e+04,1.00022792e+00,1.00042008e+00,1.00022790e+00,1.00010199e+00,1.00000007e+00,1.00001198e+00,4.39637940e-06,7.20371434e-04
1.04240401e+04,1.00020504e+00,1.00040653e+00,1.00020502e+00,1.00009900e+00,1.00000006e+00,1.00001140e+00,3.98309231e-06,6.96974917e-04
1.07662418e+04,1.00018406e+00,1.00039260e+00,1.00018404e+00,1.00009545e+00,1.00000005e+00,1.00001083e+00,3.60902723e-06,6.73427626e-04
1.11196773e+04,1.00016490e+00,1.00037837e+00,1.00016488e+00,1.00009146e+00,1.00000004e+00,1.00001029e+00,3.27041092e-06,6.49775398e-04
1.14847155e+04,1.00014746e+00,1.00036393e+00,1.00014745e+00,1.00008712e+00,1.00000004e+00,1.00000976e+00,2.96383986e-06,6.26070902e-04
1.18617372e+04,1.00013165e+00,1.00034937e+00,1.00013164e+00,1.00008254e+00,1.00000003e+00,1.00000925e+00,2.68624320e-06,6.02372325e-04
1.22511358e+04,1.00011736e+00,1.00033476e+00,1.00011734e+00,1.00007781e+00,1.00000003e+00,1.00000876e+00,2.43484948e-06,5.78741960e-04
1.26533176e+04,1.00010447e+00,1.00032019e+00,1.00010446e+00,1.00007299e+00,1.00000003e+00,1.00000829e+00,2.20715683e-06,5.55244718e-04
1.30687023e+04,1.00009288e+00,1.00030572e+00,1.00009287e+00,1.00006816e+00,1.00000002e+00,1.00000784e+00,2.00090614e-06,5.31946656e-04
1.34977233e+04,1.00008248e+00,1.00029142e+00,1.00008247e+00,1.00006338e+00,1.00000002e+00,1.00000741e+00,1.81405702e-06,5.08913538e-04
1.39408283e+04,1.00007316e+00,1.00027735e+00,1.00007315e+00,1.00005869e+00,1.00000002e+00,1.00000700e+00,1.64476616e-06,4.86209506e-04
1.43984795e+04,1.00006484e+00,1.00026356e+00,1.00006483e+00,1.00005413e+00,1.00000002e+00,1.00000661e+00,1.49136792e-06,4.63895867e-04
1.48711546e+04,1.00005741e+00,1.00025009e+00,1.00005740e+00,1.00004974e+00,1.00000001e+00,1.00000624e+00,1.35235686e-06,4.42030051e-04
1.53593468e+04,1.00005079e+00,1.00023700e+00,1.00005078e+00,1.00004555e+00,1.00000001e+00,1.00000588e+00,1.22637205e-06,4.20664743e-04
1.58635653e+04,1.00004490e+00,1.00022430e+00,1.00004490e+00,1.00004157e+00,1.00000001e+00,1.00000554e+00,1.11218290e-06,3.99847212e-04
1.63843365e+04,1.00003967e+00,1.00021203e+00,1.00003967e+00,1.00003781e+00,1.00000001e+00,1.00000522e+00,1.00867651e-06,3.79618824e-04
1.69222035e+04,1.00003503e+00,1.00020021e+00,1.00003502e+00,1.00003428e+00,1.00000001e+00,1.00000492e+00,9.14846162e-07,3.60014754e-04
1.74777277e+04,1.00003091e+00,1.00018886e+00,1.00003091e+00,1.00003100e+00,1.00000001e+00,1.00000463e+00,8.29781072e-07,3.41063863e-04
1.80514888e+04,1.00002727e+00,1.00017798e+00,1.00002726e+00,1.00002794e+00,1.00000001e+00,1.00000436e+00,7.52657070e-07,3.22788734e-04
1.86440853e+04,1.00002404e+00,1.00016758e+00,1.00002404e+00,1.00002512e+00,1.00000001e+00,1.00000410e+00,6.82728250e-07,3.05205851e-04
1.92561357e+04,1.00002119e+00,1.00015766e+00,1.00002118e+00,1.00002253e+00,1.00000000e+00,1.00000386e+00,6.19319427e-07,2.88325879e-04
1.98882786e+04,1.00001867e+00,1.00014821e+00,1.00001866e+00,1.00002015e+00,1.00000000e+00,1.00000363e+00,5.61819341e-07,2.72154045e-04
2.05411735e+04,1.00001644e+00,1.00013924e+00,1.00001644e+00,1.00001798e+00,1.00000000e+00,1.00000341e+00,5.09674522e-07,2.56690572e-04
2.12155017e+04,1.00001447e+00,1.00013074e+00,1.00001447e+00,1.00001601e+00,1.00000000e+00,1.00000320e+00,4.62383759e-07,2.41931169e-04
2.19119669e+04,1.00001274e+00,1.00012268e+00,1.00001274e+00,1.00001422e+00,1.00000000e+00,1.00000301e+00,4.19493106e-07,2.27867536e-04
2.26312957e+04,1.00001121e+00,1.00011506e+00,1.00001121e+00,1.00001260e+00,1.00000000e+00,1.00000282e+00,3.80591374e-07,2.14487883e-04
2.33742387e+04,1.00000987e+00,1.00010787e+00,1.00000986e+00,1.00001114e+00,1.00000000e+00,1.00000265e+00,3.45306058e-07,2.01777433e-04
2.41415712e+04,1.00000868e+00,1.00010108e+00,1.00000868e+00,1.00000983e+00,1.00000000e+00,1.00000249e+00,3.13299663e-07,1.89718918e-04
2.49340937e+04,1.00000763e+00,1.00009469e+00,1.00000763e+00,1.00000866e+00,1.00000000e+00,1.00000233e+00,2.84266382e-07,1.78293038e-04
2.57526333e+04,1.00000671e+00,1.00008867e+00,1.00000671e+00,1.00000761e+00,1.00000000e+00,1.00000219e+00,2.57929088e-07,1.67478894e-04
2.65980440e+04,1.00000590e+00,1.00008301e+00,1.00000590e+00,1.00000667e+00,1.00000000e+00,1.00000205e+00,2.34036627e-07,1.57254378e-04
2.74712079e+04,1.00000519e+00,1.00007770e+00,1.00000519e+00,1.00000584e+00,1.00000000e+00,1.00000192e+00,2.12361360e-07,1.47596527e-04
2.83730362e+04,1.00000456e+00,1.00007270e+00,1.00000456e+00,1.00000509e+00,1.00000000e+00,1.00000180e+00,1.92696946e-07,1.38481838e-04
2.93044698e+04,1.00000401e+00,1.00006801e+00,1.00000401e+00,1.00000444e+00,1.00000000e+00,1.00000169e+00,1.74856330e-07,1.29886540e-04
3.02664806e+04,1.00000353e+00,1.00006362e+00,1.00000352e+00,1.00000386e+00,1.00000000e+00,1.00000158e+00,1.58669936e-07,1.21786830e-04
3.12600724e+04,1.00000310e+00,1.00005949e+00,1.00000310e+00,1.00000334e+00,1.00000000e+00,1.00000148e+00,1.43984014e-07,1.14159076e-04
3.22862820e+04,1.00000272e+00,1.00005563e+00,1.00000272e+00,1.00000289e+00,1.00000000e+00,1.00000139e+00,1.30659160e-07,1.06979981e-04
3.33461802e+04,1.00000239e+00,1.00005201e+00,1.00000239e+00,1.00000249e+00,1.00000000e+00,1.00000130e+00,1.18568968e-07,1.00226726e-04
3.44408728e+04,1.00000210e+00,1.00004861e+00,1.00000210e+00,1.00000214e+00,1.00000000e+00,1.00000121e+00,1.07598809e-07,9.38770740e-05
3.55715021e+04,1.00000185e+00,1.00004544e+00,1.00000185e+00,1.00000183e+00,1.00000000e+00,1.00000114e+00,9.76447316e-08,8.79094636e-05
3.67392478e+04,1.00000163e+00,1.00004246e+00,1.00000162e+00,1.00000157e+00,1.00000000e+00,1.00000106e+00,8.86124591e-08,8.23030699e-05
3.79453285e+04,1.00000143e+00,1.00003968e+00,1.00000143e+00,1.00000133e+00,1.00000000e+00,1.00000099e+00,8.04164874e-08,7.70378542e-05
3.91910025e+04,1.00000126e+00,1.00003707e+00,1.00000125e+00,1.00000113e+00,1.00000000e+00,1.00000093e+00,7.29792641e-08,7.20945951e-05
4.04775697e+04,1.00000110e+00,1.00003463e+00,1.00000110e+00,1.00000095e+00,1.00000000e+00,1.00000087e+00,6.62304459e-08,6.74549072e-05
4.18063724e+04,1.00000097e+00,1.00003235e+00,1.00000097e+00,1.00000080e+00,1.00000000e+00,1.00000081e+00,6.01062262e-08,6.31012486e-05
4.31787973e+04,1.00000085e+00,1.00003021e+00,1.00000085e+00,1.00000066e+00,1.00000000e+00,1.00000076e+00,5.45487253e-08,5.90169192e-05
4.45962763e+04,1.00000075e+00,1.00002822e+00,1.00000075e+00,1.00000055e+00,1.00000000e+00,1.00000071e+00,4.95054376e-08,5.51860509e-05
4.60602884e+04,1.00000066e+00,1.00002635e+00,1.00000066e+00,1.00000045e+00,1.00000000e+00,1.00000066e+00,4.49287318e-08,5.15935923e-05
4.75723614e+04,1.00000058e+00,1.00002460e+00,1.00000058e+00,1.00000037e+00,1.00000000e+00,1.00000061e+00,4.07753964e-08,4.82252889e-05
4.91340729e+04,1.00000051e+00,1.00002296e+00,1.00000051e+00,1.00000029e+00,1.00000000e+00,1.00000057e+00,3.70062286e-08,4.50676585e-05
5.07470524e+04,1.00000045e+00,1.00002143e+00,1.00000045e+00,1.00000023e+00,1.00000000e+00,1.00000053e+00,3.35856613e-08,4.21079652e-05
5.24129830e+04,1.00000039e+00,1.00002000e+00,1.00000039e+00,1.00000018e+00,1.00000000e+00,1.00000050e+00,3.04814253e-08,3.93341904e-05
5.41336030e+04,1.00000034e+00,1.00001866e+00,1.00000034e+00,1.00000013e+00,1.00000000e+00,1.00000046e+00,2.76642427e-08,3.67350034e-05
5.59107078e+04,1.00000030e+00,1.00001741e+00,1.00000030e+00,1.00000010e+00,1.00000000e+00,1.00000043e+00,2.51075488e-08,3.42997302e-05
5.77461515e+04,1.00000027e+00,1.00001624e+00,1.00000027e+00,1.00000006e+00,1.00000000e+00,1.00000040e+00,2.27872405e-08,3.20183231e-05
5.96418495e+04,1.00000023e+00,1.00001514e+00,1.00000023e+00,1.00000004e+00,1.00000000e+00,1.00000037e+00,2.06814472e-08,2.98813299e-05
6.15997796e+04,1.00000021e+00,1.00001412e+00,1.00000021e+00,1.00000002e+00,1.00000000e+00,1.00000035e+00,1.87703245e-08,2.78798631e-05
6.36219849e+04,1.00000018e+00,1.00001316e+00,1.00000018e+00,9.99999998e-01,1.00000000e+00,1.00000032e+00,1.70358651e-08,2.60055706e-05
6.57105755e+04,1.00000016e+00,1.00001227e+00,1.00000016e+00,9.99999984e-01,1.00000000e+00,1.00000030e+00,1.54617293e-08,2.42506060e-05
6.78677305e+04,1.00000014e+00,1.00001143e+00,1.00000014e+00,9.99999972e-01,1.00000000e+00,1.00000028e+00,1.40330899e-08,2.26076011e-05
7.00957009e+04,1.00000012e+00,1.00001064e+00,1.00000012e+00,9.99999963e-01,1.00000000e+00,1.00000026e+00,1.27364923e-08,2.10696385e-05
7.23968114e+04,1.00000011e+00,1.00000991e+00,1.00000011e+00,9.99999956e-01,1.00000000e+00,1.00000024e+00,1.15597268e-08,1.96302253e-05
7.47734631e+04,1.00000009e+00,1.00000923e+00,1.00000009e+00,9.99999951e-01,1.00000000e+00,1.00000022e+00,1.04917138e-08,1.82832684e-05
7.72281357e+04,1.00000008e+00,1.00000859e+00,1.00000008e+00,9.99999948e-01,1.00000000e+00,1.00000020e+00,9.52239862e-09,1.70230506e-05
7.97633907e+04,1.00000007e+00,1.00000799e+00,1.00000007e+00,9.99999945e-01,1.00000000e+00,1.00000019e+00,8.64265694e-09,1.58442081e-05
8.23818733e+04,1.00000006e+00,1.00000743e+00,1.00000006e+00,9.99999944e-01,1.00000000e+00,1.00000017e+00,7.84420839e-09,1.47417084e-05
8.50863158e+04,1.00000006e+00,1.00000691e+00,1.00000006e+00,9.99999944e-01,1.00000000e+00,1.00000016e+00,7.11953853e-09,1.37108303e-05
8.78795401e+04,1.00000005e+00,1.00000642e+00,1.00000005e+00,9.99999944e-01,1.00000000e+00,1.00000015e+00,6.46182788e-09,1.27471445e-05
9.07644607e+04,1.00000004e+00,1.00000596e+00,1.00000004e+00,9.99999945e-01,1.00000000e+00,1.00000014e+00,5.86488761e-09,1.18464952e-05
9.37440879e+04,1.00000004e+00,1.00000554e+00,1.00000004e+00,9.99999946e-01,1.00000000e+00,1.00000013e+00,5.32310120e-09,1.10049828e-05
9.68215306e+04,1.00000003e+00,1.00000514e+00,1.00000003e+00,9.99999948e-01,1.00000000e+00,1.00000012e+00,4.83137143e-09,1.02189476e-05
1.00000000e+05,1.00000003e+00,1.00000477e+00,1.00000003e+00,9.99999950e-01,1.00000000e+00,1.00000011e+00,4.38507235e-09,9.48495474e-06
