label,I_tot0_A,r0,dV0_V,Td_s,taur_s,tauf_s,K_v,pole_factor,tau_v_s,Td_v_s,dec_sigma_So,mimo_sigma_So,dec_S11,mimo_S11,dec_S22,mimo_S22,dec_T_alpha_vref,mimo_T_alpha_vref
K-out-of-envelope,0.5,0.3,0.4,0.002,0.0003,0.0008,2.0,0.5,0.005,0.004,5.770147,4.040579,2.230459,1.630266,2.406213,1.669881,5.26978085e+00,3.69495651e+00
K-out-of-envelope,0.5,0.3,0.4,0.002,0.0003,0.0008,0.5,2.0,0.0005,0.001,5.472618,4.468521,2.230459,1.695345,1.310091,1.112531,5.07759316e+00,4.08438043e+00
K-out-of-envelope,0.5,0.3,0.4,0.002,0.0003,0.0008,2.0,2.0,0.0005,0.004,5.426938,4.657598,2.230459,1.669038,1.863121,1.456095,5.10717528e+00,4.30512224e+00
K-out-of-envelope,0.5,0.3,0.4,0.002,0.0003,0.0008,1.0,1.0,0.005,0.001,3.835696,3.736658,2.230459,1.655973,1.490743,1.274096,3.64071006e+00,3.36585393e+00
in-envelope,0.5,0.3,0.0,0.002,0.0003,0.0008,2.0,0.5,0.005,0.004,2.407188,1.698284,1.425780,1.289187,2.406213,1.673024,0.00000000e+00,2.75434883e-01
in-envelope,0.5,0.3,0.0,0.002,0.0003,0.0008,0.5,2.0,0.0005,0.001,1.425863,1.306273,1.425780,1.289160,1.310091,1.115103,0.00000000e+00,1.91265406e-01
in-envelope,0.5,0.3,0.0,0.002,0.0003,0.0008,2.0,2.0,0.0005,0.004,1.863615,1.488087,1.425780,1.289126,1.863121,1.462145,0.00000000e+00,2.49465462e-01
in-envelope,0.5,0.3,0.0,0.002,0.0003,0.0008,1.0,1.0,0.005,0.001,1.490958,1.307438,1.425780,1.289164,1.490743,1.277785,0.00000000e+00,2.09516539e-01
K-out-of-envelope,0.5,0.3,0.4,0.0005,2e-05,0.0,2.0,0.5,0.005,0.004,5.629996,3.899456,1.194963,1.219965,2.406213,1.671640,5.11367164e+00,3.52823145e+00
K-out-of-envelope,0.5,0.3,0.4,0.0005,2e-05,0.0,0.5,2.0,0.0005,0.001,3.781310,3.321075,1.194963,1.256265,1.310091,1.112721,3.60125311e+00,3.02796106e+00
K-out-of-envelope,0.5,0.3,0.4,0.0005,2e-05,0.0,2.0,2.0,0.0005,0.004,5.143326,3.787523,1.194963,1.239691,1.863121,1.457679,4.83014220e+00,3.50325628e+00
K-out-of-envelope,0.5,0.3,0.4,0.0005,2e-05,0.0,1.0,1.0,0.005,0.001,3.541980,3.084081,1.194963,1.234114,1.490743,1.274629,3.31564411e+00,2.81715134e+00
in-envelope,0.5,0.3,0.0,0.0005,0.0003,0.0,2.0,0.5,0.005,0.004,2.407188,1.695730,1.128365,1.146239,2.406213,1.673071,0.00000000e+00,2.60190456e-01
in-envelope,0.5,0.3,0.0,0.0005,0.0003,0.0,0.5,2.0,0.0005,0.001,1.310222,1.165013,1.128365,1.146224,1.310091,1.115102,0.00000000e+00,1.75889055e-01
in-envelope,0.5,0.3,0.0,0.0005,0.0003,0.0,2.0,2.0,0.0005,0.004,1.863615,1.484801,1.128365,1.146205,1.863121,1.462190,0.00000000e+00,2.33274743e-01
in-envelope,0.5,0.3,0.0,0.0005,0.0003,0.0,1.0,1.0,0.005,0.001,1.490958,1.292939,1.128365,1.146227,1.490743,1.277790,0.00000000e+00,1.95685136e-01
in-envelope,0.5,0.5,0.0,0.002,0.0003,0.0008,2.0,0.5,0.005,0.004,2.407188,1.698284,1.425780,1.289187,2.406213,1.673024,0.00000000e+00,2.75434883e-01
in-envelope,0.5,0.5,0.0,0.002,0.0003,0.0008,0.5,2.0,0.0005,0.001,1.425863,1.306273,1.425780,1.289160,1.310091,1.115103,0.00000000e+00,1.91265406e-01
in-envelope,0.5,0.5,0.0,0.002,0.0003,0.0008,2.0,2.0,0.0005,0.004,1.863615,1.488087,1.425780,1.289126,1.863121,1.462145,0.00000000e+00,2.49465462e-01
in-envelope,0.5,0.5,0.0,0.002,0.0003,0.0008,1.0,1.0,0.005,0.001,1.490958,1.307438,1.425780,1.289164,1.490743,1.277785,0.00000000e+00,2.09516539e-01
in-envelope,0.5,0.5,0.0,0.0005,0.0003,0.0,2.0,0.5,0.005,0.004,2.407188,1.695730,1.128365,1.146239,2.406213,1.673071,0.00000000e+00,2.60190456e-01
in-envelope,0.5,0.5,0.0,0.0005,0.0003,0.0,0.5,2.0,0.0005,0.001,1.310222,1.165013,1.128365,1.146224,1.310091,1.115102,0.00000000e+00,1.75889055e-01
in-envelope,0.5,0.5,0.0,0.0005,0.0003,0.0,2.0,2.0,0.0005,0.004,1.863615,1.484801,1.128365,1.146205,1.863121,1.462190,0.00000000e+00,2.33274743e-01
in-envelope,0.5,0.5,0.0,0.0005,0.0003,0.0,1.0,1.0,0.005,0.001,1.490958,1.292939,1.128365,1.146227,1.490743,1.277790,0.00000000e+00,1.95685136e-01
K-out-of-envelope,0.5,0.7,-0.4,0.002,0.0003,0.0008,2.0,0.5,0.005,0.004,5.770147,4.439839,2.230459,1.650875,2.406213,1.676973,5.26978085e+00,4.12326513e+00
K-out-of-envelope,0.5,0.7,-0.4,0.002,0.0003,0.0008,0.5,2.0,0.0005,0.001,5.472618,4.659419,2.230459,1.588831,1.310091,1.117768,5.07759316e+00,4.33455391e+00
K-out-of-envelope,0.5,0.7,-0.4,0.002,0.0003,0.0008,2.0,2.0,0.0005,0.004,5.426938,4.933411,2.230459,1.613352,1.863121,1.469476,5.10717528e+00,4.62484609e+00
K-out-of-envelope,0.5,0.7,-0.4,0.002,0.0003,0.0008,1.0,1.0,0.005,0.001,3.835696,4.091777,2.230459,1.625269,1.490743,1.281670,3.64071006e+00,3.76388169e+00
in-envelope,0.5,0.7,0.0,0.002,0.0003,0.0008,2.0,0.5,0.005,0.004,2.407188,1.698284,1.425780,1.289187,2.406213,1.673024,0.00000000e+00,2.75434883e-01
in-envelope,0.5,0.7,0.0,0.002,0.0003,0.0008,0.5,2.0,0.0005,0.001,1.425863,1.306273,1.425780,1.289160,1.310091,1.115103,0.00000000e+00,1.91265406e-01
in-envelope,0.5,0.7,0.0,0.002,0.0003,0.0008,2.0,2.0,0.0005,0.004,1.863615,1.488087,1.425780,1.289126,1.863121,1.462145,0.00000000e+00,2.49465462e-01
in-envelope,0.5,0.7,0.0,0.002,0.0003,0.0008,1.0,1.0,0.005,0.001,1.490958,1.307438,1.425780,1.289164,1.490743,1.277785,0.00000000e+00,2.09516539e-01
K-out-of-envelope,0.5,0.7,-0.4,0.0005,2e-05,0.0008,2.0,0.5,0.005,0.004,5.671849,4.319582,1.379478,1.343266,2.406213,1.675220,5.16052548e+00,3.98817219e+00
K-out-of-envelope,0.5,0.7,-0.4,0.0005,2e-05,0.0008,0.5,2.0,0.0005,0.001,3.967517,3.810511,1.379478,1.302309,1.310091,1.117590,3.78775317e+00,3.53988044e+00
K-out-of-envelope,0.5,0.7,-0.4,0.0005,2e-05,0.0008,2.0,2.0,0.0005,0.004,5.211402,4.210758,1.379478,1.322574,1.863121,1.467958,4.90831854e+00,3.95849420e+00
K-out-of-envelope,0.5,0.7,-0.4,0.0005,2e-05,0.0008,1.0,1.0,0.005,0.001,3.609525,3.489970,1.379478,1.327043,1.490743,1.281163,3.39208662e+00,3.24905258e+00
in-envelope,0.5,0.7,0.0,0.0005,0.0003,0.0,2.0,0.5,0.005,0.004,2.407188,1.695730,1.128365,1.146239,2.406213,1.673071,0.00000000e+00,2.60190456e-01
in-envelope,0.5,0.7,0.0,0.0005,0.0003,0.0,0.5,2.0,0.0005,0.001,1.310222,1.165013,1.128365,1.146224,1.310091,1.115102,0.00000000e+00,1.75889055e-01
in-envelope,0.5,0.7,0.0,0.0005,0.0003,0.0,2.0,2.0,0.0005,0.004,1.863615,1.484801,1.128365,1.146205,1.863121,1.462190,0.00000000e+00,2.33274743e-01
in-envelope,0.5,0.7,0.0,0.0005,0.0003,0.0,1.0,1.0,0.005,0.001,1.490958,1.292939,1.128365,1.146227,1.490743,1.277790,0.00000000e+00,1.95685136e-01
in-envelope,2.0,0.3,0.4,0.002,0.0003,0.0008,2.0,0.5,0.005,0.004,2.462283,1.676998,1.576853,1.369409,2.406213,1.673475,5.29475032e-01,1.16520473e-01
in-envelope,2.0,0.3,0.4,0.002,0.0003,0.0008,0.5,2.0,0.0005,0.001,1.606305,1.379740,1.576853,1.372123,1.310091,1.114914,3.95082484e-01,1.00584350e-01
in-envelope,2.0,0.3,0.4,0.002,0.0003,0.0008,2.0,2.0,0.0005,0.004,1.924216,1.465924,1.576853,1.371090,1.863121,1.462197,5.05699997e-01,9.80094972e-02
in-envelope,2.0,0.3,0.4,0.002,0.0003,0.0008,1.0,1.0,0.005,0.001,1.585631,1.371476,1.576853,1.370508,1.490743,1.277643,3.51061524e-01,6.95495512e-02
in-envelope,2.0,0.3,-0.4,0.002,0.0003,0.0008,2.0,0.5,0.005,0.004,2.553514,1.875358,1.295082,1.211845,2.406213,1.671190,8.47958745e-01,7.75258746e-01
in-envelope,2.0,0.3,-0.4,0.002,0.0003,0.0008,0.5,2.0,0.0005,0.001,1.365383,1.345730,1.295082,1.209712,1.310091,1.115252,5.16043545e-01,5.36165373e-01
in-envelope,2.0,0.3,-0.4,0.002,0.0003,0.0008,2.0,2.0,0.0005,0.004,2.022685,1.679391,1.295082,1.210376,1.863121,1.461149,7.74954222e-01,7.18428688e-01
in-envelope,2.0,0.3,-0.4,0.002,0.0003,0.0008,1.0,1.0,0.005,0.001,1.551027,1.438129,1.295082,1.210946,1.490743,1.277608,5.21976187e-01,5.87496589e-01
in-envelope,2.0,0.3,0.0,0.002,0.0003,0.0008,2.0,0.5,0.005,0.004,2.407188,1.698284,1.425780,1.289187,2.406213,1.673024,0.00000000e+00,2.75434883e-01
in-envelope,2.0,0.3,0.0,0.002,0.0003,0.0008,0.5,2.0,0.0005,0.001,1.425863,1.306273,1.425780,1.289160,1.310091,1.115103,0.00000000e+00,1.91265406e-01
in-envelope,2.0,0.3,0.0,0.002,0.0003,0.0008,2.0,2.0,0.0005,0.004,1.863615,1.488087,1.425780,1.289126,1.863121,1.462145,0.00000000e+00,2.49465462e-01
in-envelope,2.0,0.3,0.0,0.002,0.0003,0.0008,1.0,1.0,0.005,0.001,1.490958,1.307438,1.425780,1.289164,1.490743,1.277785,0.00000000e+00,2.09516539e-01
in-envelope,2.0,0.3,0.4,0.0005,2e-05,0.0,2.0,0.5,0.005,0.004,2.457934,1.677772,1.122373,1.156961,2.406213,1.673618,5.05308163e-01,1.30736604e-01
in-envelope,2.0,0.3,0.4,0.0005,2e-05,0.0,0.5,2.0,0.0005,0.001,1.315733,1.163283,1.122373,1.158951,1.310091,1.114932,3.24923576e-01,7.08040992e-02
in-envelope,2.0,0.3,0.4,0.0005,2e-05,0.0,2.0,2.0,0.0005,0.004,1.918056,1.465882,1.122373,1.158074,1.863121,1.462328,4.68386072e-01,9.57550280e-02
in-envelope,2.0,0.3,0.4,0.0005,2e-05,0.0,1.0,1.0,0.005,0.001,1.510281,1.279434,1.122373,1.157749,1.490743,1.277690,3.17127633e-01,7.54030632e-02
in-envelope,2.0,0.3,-0.4,0.0005,2e-05,0.0008,2.0,0.5,0.005,0.004,2.541530,1.856122,1.131579,1.133941,2.406213,1.671190,8.09637736e-01,7.39853290e-01
in-envelope,2.0,0.3,-0.4,0.0005,2e-05,0.0008,0.5,2.0,0.0005,0.001,1.326555,1.284595,1.131579,1.132021,1.310091,1.115228,4.67746817e-01,5.10926276e-01
in-envelope,2.0,0.3,-0.4,0.0005,2e-05,0.0008,2.0,2.0,0.0005,0.004,2.005655,1.656145,1.131579,1.132733,1.863121,1.461148,7.26797291e-01,6.83839861e-01
in-envelope,2.0,0.3,-0.4,0.0005,2e-05,0.0008,1.0,1.0,0.005,0.001,1.548008,1.423209,1.131579,1.133150,1.490743,1.277571,4.89163454e-01,5.61827110e-01
in-envelope,2.0,0.3,0.0,0.0005,0.0003,0.0,2.0,0.5,0.005,0.004,2.407188,1.695730,1.128365,1.146239,2.406213,1.673071,0.00000000e+00,2.60190456e-01
in-envelope,2.0,0.3,0.0,0.0005,0.0003,0.0,0.5,2.0,0.0005,0.001,1.310222,1.165013,1.128365,1.146224,1.310091,1.115102,0.00000000e+00,1.75889055e-01
in-envelope,2.0,0.3,0.0,0.0005,0.0003,0.0,2.0,2.0,0.0005,0.004,1.863615,1.484801,1.128365,1.146205,1.863121,1.462190,0.00000000e+00,2.33274743e-01
in-envelope,2.0,0.3,0.0,0.0005,0.0003,0.0,1.0,1.0,0.005,0.001,1.490958,1.292939,1.128365,1.146227,1.490743,1.277790,0.00000000e+00,1.95685136e-01
in-envelope,2.0,0.5,0.4,0.002,0.0003,0.0008,2.0,0.5,0.005,0.004,2.527835,1.698233,1.425780,1.288925,2.406213,1.673780,7.81623762e-01,2.69515930e-01
in-envelope,2.0,0.5,0.4,0.002,0.0003,0.0008,0.5,2.0,0.0005,0.001,1.483799,1.315274,1.425780,1.291797,1.310091,1.114833,5.31972004e-01,2.06261588e-01
in-envelope,2.0,0.5,0.4,0.002,0.0003,0.0008,2.0,2.0,0.0005,0.004,1.996120,1.491221,1.425780,1.290739,1.863121,1.462330,7.34817391e-01,2.63137659e-01
in-envelope,2.0,0.5,0.4,0.002,0.0003,0.0008,1.0,1.0,0.005,0.001,1.537318,1.299424,1.425780,1.290099,1.490743,1.277607,5.01821358e-01,2.00762270e-01
in-envelope,2.0,0.5,-0.4,0.002,0.0003,0.0008,2.0,0.5,0.005,0.004,2.527835,1.872817,1.425780,1.289443,2.406213,1.672258,7.81623762e-01,8.02033544e-01
in-envelope,2.0,0.5,-0.4,0.002,0.0003,0.0008,0.5,2.0,0.0005,0.001,1.483799,1.426459,1.425780,1.286529,1.310091,1.115370,5.31972004e-01,5.80402016e-01
in-envelope,2.0,0.5,-0.4,0.002,0.0003,0.0008,2.0,2.0,0.0005,0.004,1.996120,1.678453,1.425780,1.287509,1.863121,1.461950,7.34817391e-01,7.58514877e-01
in-envelope,2.0,0.5,-0.4,0.002,0.0003,0.0008,1.0,1.0,0.005,0.001,1.537318,1.423790,1.425780,1.288226,1.490743,1.277957,5.01821358e-01,6.14773736e-01
in-envelope,2.0,0.5,0.0,0.002,0.0003,0.0008,2.0,0.5,0.005,0.004,2.407188,1.698284,1.425780,1.289187,2.406213,1.673024,0.00000000e+00,2.75434883e-01
in-envelope,2.0,0.5,0.0,0.002,0.0003,0.0008,0.5,2.0,0.0005,0.001,1.425863,1.306273,1.425780,1.289160,1.310091,1.115103,0.00000000e+00,1.91265406e-01
in-envelope,2.0,0.5,0.0,0.002,0.0003,0.0008,2.0,2.0,0.0005,0.004,1.863615,1.488087,1.425780,1.289126,1.863121,1.462145,0.00000000e+00,2.49465462e-01
in-envelope,2.0,0.5,0.0,0.002,0.0003,0.0008,1.0,1.0,0.005,0.001,1.490958,1.307438,1.425780,1.289164,1.490743,1.277785,0.00000000e+00,2.09516539e-01
in-envelope,2.0,0.5,0.4,0.0005,2e-05,0.0,2.0,0.5,0.005,0.004,2.516719,1.696802,1.098025,1.130174,2.406213,1.673937,7.38975728e-01,2.61538605e-01
in-envelope,2.0,0.5,0.4,0.0005,2e-05,0.0,0.5,2.0,0.0005,0.001,1.322696,1.155062,1.098025,1.132440,1.310091,1.114860,4.50654385e-01,1.84013170e-01
in-envelope,2.0,0.5,0.4,0.0005,2e-05,0.0,2.0,2.0,0.0005,0.004,1.979899,1.487512,1.098025,1.131507,1.863121,1.462473,6.75311209e-01,2.46250769e-01
in-envelope,2.0,0.5,0.4,0.0005,2e-05,0.0,1.0,1.0,0.005,0.001,1.534847,1.292461,1.098025,1.131084,1.490743,1.277671,4.54899686e-01,1.90902709e-01
in-envelope,2.0,0.5,-0.4,0.0005,2e-05,0.0008,2.0,0.5,0.005,0.004,2.519893,1.855422,1.178644,1.175886,2.406213,1.672148,7.51412534e-01,7.64187379e-01
in-envelope,2.0,0.5,-0.4,0.0005,2e-05,0.0008,0.5,2.0,0.0005,0.001,1.322737,1.317692,1.178644,1.173417,1.310091,1.115342,4.69769538e-01,5.44031154e-01
in-envelope,2.0,0.5,-0.4,0.0005,2e-05,0.0008,2.0,2.0,0.0005,0.004,1.984495,1.656558,1.178644,1.174395,1.863121,1.461858,6.91619152e-01,7.18666260e-01
in-envelope,2.0,0.5,-0.4,0.0005,2e-05,0.0008,1.0,1.0,0.005,0.001,1.535518,1.411574,1.178644,1.174880,1.490743,1.277898,4.66837570e-01,5.82638290e-01
in-envelope,2.0,0.5,0.0,0.0005,0.0003,0.0,2.0,0.5,0.005,0.004,2.407188,1.695730,1.128365,1.146239,2.406213,1.673071,0.00000000e+00,2.60190456e-01
in-envelope,2.0,0.5,0.0,0.0005,0.0003,0.0,0.5,2.0,0.0005,0.001,1.310222,1.165013,1.128365,1.146224,1.310091,1.115102,0.00000000e+00,1.75889055e-01
in-envelope,2.0,0.5,0.0,0.0005,0.0003,0.0,2.0,2.0,0.0005,0.004,1.863615,1.484801,1.128365,1.146205,1.863121,1.462190,0.00000000e+00,2.33274743e-01
in-envelope,2.0,0.5,0.0,0.0005,0.0003,0.0,1.0,1.0,0.005,0.001,1.490958,1.292939,1.128365,1.146227,1.490743,1.277790,0.00000000e+00,1.95685136e-01
in-envelope,2.0,0.7,0.4,0.002,0.0003,0.0008,2.0,0.5,0.005,0.004,2.553514,1.709321,1.295082,1.211650,2.406213,1.674192,8.47958745e-01,3.05050732e-01
in-envelope,2.0,0.7,0.4,0.002,0.0003,0.0008,0.5,2.0,0.0005,0.001,1.365383,1.240900,1.295082,1.213761,1.310091,1.114857,5.16043545e-01,2.19483711e-01
in-envelope,2.0,0.7,0.4,0.002,0.0003,0.0008,2.0,2.0,0.0005,0.004,2.022685,1.504219,1.295082,1.213025,1.863121,1.462668,7.74954222e-01,2.91379501e-01
in-envelope,2.0,0.7,0.4,0.002,0.0003,0.0008,1.0,1.0,0.005,0.001,1.551027,1.303689,1.295082,1.212523,1.490743,1.277724,5.21976187e-01,2.28183819e-01
in-envelope,2.0,0.7,-0.4,0.002,0.0003,0.0008,2.0,0.5,0.005,0.004,2.462283,1.805315,1.576853,1.369952,2.406213,1.673101,5.29475032e-01,6.64391590e-01
in-envelope,2.0,0.7,-0.4,0.002,0.0003,0.0008,0.5,2.0,0.0005,0.001,1.606305,1.474333,1.576853,1.367171,1.310091,1.115348,3.95082484e-01,5.12576046e-01
in-envelope,2.0,0.7,-0.4,0.002,0.0003,0.0008,2.0,2.0,0.0005,0.004,1.924216,1.604983,1.576853,1.368154,1.863121,1.462492,5.05699997e-01,6.37616963e-01
in-envelope,2.0,0.7,-0.4,0.002,0.0003,0.0008,1.0,1.0,0.005,0.001,1.585631,1.461581,1.576853,1.368792,1.490743,1.278085,3.51061524e-01,5.24372245e-01
in-envelope,2.0,0.7,0.0,0.002,0.0003,0.0008,2.0,0.5,0.005,0.004,2.407188,1.698284,1.425780,1.289187,2.406213,1.673024,0.00000000e+00,2.75434883e-01
in-envelope,2.0,0.7,0.0,0.002,0.0003,0.0008,0.5,2.0,0.0005,0.001,1.425863,1.306273,1.425780,1.289160,1.310091,1.115103,0.00000000e+00,1.91265406e-01
in-envelope,2.0,0.7,0.0,0.002,0.0003,0.0008,2.0,2.0,0.0005,0.004,1.863615,1.488087,1.425780,1.289126,1.863121,1.462145,0.00000000e+00,2.49465462e-01
in-envelope,2.0,0.7,0.0,0.002,0.0003,0.0008,1.0,1.0,0.005,0.001,1.490958,1.307438,1.425780,1.289164,1.490743,1.277785,0.00000000e+00,2.09516539e-01
in-envelope,2.0,0.7,0.4,0.0005,2e-05,0.0,2.0,0.5,0.005,0.004,2.536890,1.705768,1.073381,1.101385,2.406213,1.674278,7.94414152e-01,2.92579061e-01
in-envelope,2.0,0.7,0.4,0.0005,2e-05,0.0,0.5,2.0,0.0005,0.001,1.326483,1.136316,1.073381,1.103187,1.310091,1.114884,4.51476612e-01,2.02954652e-01
in-envelope,2.0,0.7,0.4,0.0005,2e-05,0.0,2.0,2.0,0.0005,0.004,1.999263,1.497743,1.073381,1.102480,1.863121,1.462749,7.08720898e-01,2.73414856e-01
in-envelope,2.0,0.7,0.4,0.0005,2e-05,0.0,1.0,1.0,0.005,0.001,1.546746,1.300904,1.073381,1.102116,1.490743,1.277776,4.77361619e-01,2.16974803e-01
in-envelope,2.0,0.7,-0.4,0.0005,2e-05,0.0008,2.0,0.5,0.005,0.004,2.459314,1.795012,1.226678,1.216182,2.406213,1.672978,5.12432304e-01,6.34093552e-01
in-envelope,2.0,0.7,-0.4,0.0005,2e-05,0.0008,0.5,2.0,0.0005,0.001,1.315748,1.320586,1.226678,1.213955,1.310091,1.115328,3.40045655e-01,4.69894557e-01
in-envelope,2.0,0.7,-0.4,0.0005,2e-05,0.0008,2.0,2.0,0.0005,0.004,1.919849,1.592070,1.226678,1.214904,1.863121,1.462389,4.78588140e-01,6.02375111e-01
in-envelope,2.0,0.7,-0.4,0.0005,2e-05,0.0008,1.0,1.0,0.005,0.001,1.510504,1.361459,1.226678,1.215284,1.490743,1.278036,3.25427413e-01,4.90397720e-01
in-envelope,2.0,0.7,0.0,0.0005,0.0003,0.0,2.0,0.5,0.005,0.004,2.407188,1.695730,1.128365,1.146239,2.406213,1.673071,0.00000000e+00,2.60190456e-01
in-envelope,2.0,0.7,0.0,0.0005,0.0003,0.0,0.5,2.0,0.0005,0.001,1.310222,1.165013,1.128365,1.146224,1.310091,1.115102,0.00000000e+00,1.75889055e-01
in-envelope,2.0,0.7,0.0,0.0005,0.0003,0.0,2.0,2.0,0.0005,0.004,1.863615,1.484801,1.128365,1.146205,1.863121,1.462190,0.00000000e+00,2.33274743e-01
in-envelope,2.0,0.7,0.0,0.0005,0.0003,0.0,1.0,1.0,0.005,0.001,1.490958,1.292939,1.128365,1.146227,1.490743,1.277790,0.00000000e+00,1.95685136e-01
in-envelope,5.0,0.3,0.4,0.002,0.0003,0.0008,2.0,0.5,0.005,0.004,2.409030,1.688661,1.483466,1.320962,2.406213,1.673207,9.59530929e-02,2.19280731e-01
in-envelope,5.0,0.3,0.4,0.002,0.0003,0.0008,0.5,2.0,0.0005,0.001,1.484351,1.332673,1.483466,1.321339,1.310091,1.115080,6.79051758e-02,1.52945767e-01
in-envelope,5.0,0.3,0.4,0.002,0.0003,0.0008,2.0,2.0,0.0005,0.004,1.865737,1.477382,1.483466,1.321158,1.863121,1.462233,9.08827186e-02,1.94707173e-01
in-envelope,5.0,0.3,0.4,0.002,0.0003,0.0008,1.0,1.0,0.005,0.001,1.491622,1.334007,1.483466,1.321104,1.490743,1.277791,6.24918383e-02,1.67863844e-01
in-envelope,5.0,0.3,-0.4,0.002,0.0003,0.0008,2.0,0.5,0.005,0.004,2.409924,1.712718,1.371375,1.257918,2.406213,1.672748,1.15772642e-01,3.40374013e-01
in-envelope,5.0,0.3,-0.4,0.002,0.0003,0.0008,0.5,2.0,0.0005,0.001,1.372572,1.283284,1.371375,1.257527,1.310091,1.115122,7.55262546e-02,2.34686323e-01
in-envelope,5.0,0.3,-0.4,0.002,0.0003,0.0008,2.0,2.0,0.0005,0.004,1.866715,1.504339,1.371375,1.257622,1.863121,1.461994,1.07779749e-01,3.10948773e-01
in-envelope,5.0,0.3,-0.4,0.002,0.0003,0.0008,1.0,1.0,0.005,0.001,1.491972,1.305333,1.371375,1.257746,1.490743,1.277757,7.31515811e-02,2.57691635e-01
in-envelope,5.0,0.3,0.0,0.002,0.0003,0.0008,2.0,0.5,0.005,0.004,2.407188,1.698284,1.425780,1.289187,2.406213,1.673024,0.00000000e+00,2.75434883e-01
in-envelope,5.0,0.3,0.0,0.002,0.0003,0.0008,0.5,2.0,0.0005,0.001,1.425863,1.306273,1.425780,1.289160,1.310091,1.115103,0.00000000e+00,1.91265406e-01
in-envelope,5.0,0.3,0.0,0.002,0.0003,0.0008,2.0,2.0,0.0005,0.004,1.863615,1.488087,1.425780,1.289126,1.863121,1.462145,0.00000000e+00,2.49465462e-01
in-envelope,5.0,0.3,0.0,0.002,0.0003,0.0008,1.0,1.0,0.005,0.001,1.490958,1.307438,1.425780,1.289164,1.490743,1.277785,0.00000000e+00,2.09516539e-01
in-envelope,5.0,0.3,0.4,0.0005,2e-05,0.0,2.0,0.5,0.005,0.004,2.408871,1.687176,1.107786,1.141442,2.406213,1.673264,9.10868997e-02,2.07155608e-01
in-envelope,5.0,0.3,0.4,0.0005,2e-05,0.0,0.5,2.0,0.0005,0.001,1.310407,1.154013,1.107786,1.141740,1.310091,1.115082,5.68455129e-02,1.37093597e-01
in-envelope,5.0,0.3,0.4,0.0005,2e-05,0.0,2.0,2.0,0.0005,0.004,1.865400,1.475450,1.107786,1.141593,1.863121,1.462287,8.37792865e-02,1.80842528e-01
in-envelope,5.0,0.3,0.4,0.0005,2e-05,0.0,1.0,1.0,0.005,0.001,1.491594,1.286639,1.107786,1.141556,1.490743,1.277801,5.65382776e-02,1.54766883e-01
in-envelope,5.0,0.3,-0.4,0.0005,2e-05,0.0008,2.0,0.5,0.005,0.004,2.409726,1.708935,1.159724,1.158928,2.406213,1.672779,1.10942313e-01,3.24502624e-01
in-envelope,5.0,0.3,-0.4,0.0005,2e-05,0.0008,0.5,2.0,0.0005,0.001,1.310506,1.186247,1.159724,1.158594,1.310091,1.115118,6.73799414e-02,2.21447766e-01
in-envelope,5.0,0.3,-0.4,0.0005,2e-05,0.0008,2.0,2.0,0.0005,0.004,1.866435,1.499600,1.159724,1.158700,1.863121,1.462024,1.01285546e-01,2.95038601e-01
in-envelope,5.0,0.3,-0.4,0.0005,2e-05,0.0008,1.0,1.0,0.005,0.001,1.491935,1.303262,1.159724,1.158786,1.490743,1.277755,6.82104397e-02,2.44905474e-01
in-envelope,5.0,0.3,0.0,0.0005,0.0003,0.0,2.0,0.5,0.005,0.004,2.407188,1.695730,1.128365,1.146239,2.406213,1.673071,0.00000000e+00,2.60190456e-01
in-envelope,5.0,0.3,0.0,0.0005,0.0003,0.0,0.5,2.0,0.0005,0.001,1.310222,1.165013,1.128365,1.146224,1.310091,1.115102,0.00000000e+00,1.75889055e-01
in-envelope,5.0,0.3,0.0,0.0005,0.0003,0.0,2.0,2.0,0.0005,0.004,1.863615,1.484801,1.128365,1.146205,1.863121,1.462190,0.00000000e+00,2.33274743e-01
in-envelope,5.0,0.3,0.0,0.0005,0.0003,0.0,1.0,1.0,0.005,0.001,1.490958,1.292939,1.128365,1.146227,1.490743,1.277790,0.00000000e+00,1.95685136e-01
in-envelope,5.0,0.5,0.4,0.002,0.0003,0.0008,2.0,0.5,0.005,0.004,2.410344,1.685630,1.425780,1.289145,2.406213,1.673145,1.25059802e-01,1.92894073e-01
in-envelope,5.0,0.5,0.4,0.002,0.0003,0.0008,0.5,2.0,0.0005,0.001,1.427221,1.298061,1.425780,1.289581,1.310091,1.115060,8.51155206e-02,1.29651054e-01
in-envelope,5.0,0.5,0.4,0.002,0.0003,0.0008,2.0,2.0,0.0005,0.004,1.867171,1.474142,1.425780,1.289385,1.863121,1.462175,1.17570783e-01,1.67715791e-01
in-envelope,5.0,0.5,0.4,0.002,0.0003,0.0008,1.0,1.0,0.005,0.001,1.492109,1.299372,1.425780,1.289314,1.490743,1.277757,8.02914173e-02,1.44892899e-01
in-envelope,5.0,0.5,-0.4,0.002,0.0003,0.0008,2.0,0.5,0.005,0.004,2.410344,1.715699,1.425780,1.289228,2.406213,1.672902,1.25059802e-01,3.59170522e-01
in-envelope,5.0,0.5,-0.4,0.002,0.0003,0.0008,0.5,2.0,0.0005,0.001,1.427221,1.317881,1.425780,1.288738,1.310091,1.115146,8.51155206e-02,2.53383300e-01
in-envelope,5.0,0.5,-0.4,0.002,0.0003,0.0008,2.0,2.0,0.0005,0.004,1.867171,1.507224,1.425780,1.288868,1.863121,1.462114,1.17570783e-01,3.31137643e-01
in-envelope,5.0,0.5,-0.4,0.002,0.0003,0.0008,1.0,1.0,0.005,0.001,1.492109,1.318042,1.425780,1.289015,1.490743,1.277813,8.02914173e-02,2.74394500e-01
in-envelope,5.0,0.5,0.0,0.002,0.0003,0.0008,2.0,0.5,0.005,0.004,2.407188,1.698284,1.425780,1.289187,2.406213,1.673024,0.00000000e+00,2.75434883e-01
in-envelope,5.0,0.5,0.0,0.002,0.0003,0.0008,0.5,2.0,0.0005,0.001,1.425863,1.306273,1.425780,1.289160,1.310091,1.115103,0.00000000e+00,1.91265406e-01
in-envelope,5.0,0.5,0.0,0.002,0.0003,0.0008,2.0,2.0,0.0005,0.004,1.863615,1.488087,1.425780,1.289126,1.863121,1.462145,0.00000000e+00,2.49465462e-01
in-envelope,5.0,0.5,0.0,0.002,0.0003,0.0008,1.0,1.0,0.005,0.001,1.490958,1.307438,1.425780,1.289164,1.490743,1.277785,0.00000000e+00,2.09516539e-01
in-envelope,5.0,0.5,0.4,0.0005,2e-05,0.0,2.0,0.5,0.005,0.004,2.410048,1.684424,1.098025,1.130507,2.406213,1.673215,1.18236117e-01,1.82739046e-01
in-envelope,5.0,0.5,0.4,0.0005,2e-05,0.0,0.5,2.0,0.0005,0.001,1.310542,1.140020,1.098025,1.130859,1.310091,1.115064,7.21047017e-02,1.17277806e-01
in-envelope,5.0,0.5,0.4,0.0005,2e-05,0.0,2.0,2.0,0.0005,0.004,1.866757,1.472574,1.098025,1.130693,1.863121,1.462241,1.08049793e-01,1.56199558e-01
in-envelope,5.0,0.5,0.4,0.0005,2e-05,0.0,1.0,1.0,0.005,0.001,1.492054,1.284933,1.098025,1.130644,1.490743,1.277771,7.27839498e-02,1.34770648e-01
in-envelope,5.0,0.5,-0.4,0.0005,2e-05,0.0008,2.0,0.5,0.005,0.004,2.410133,1.711891,1.178644,1.175437,2.406213,1.672915,1.20226006e-01,3.42483477e-01
in-envelope,5.0,0.5,-0.4,0.0005,2e-05,0.0008,0.5,2.0,0.0005,0.001,1.310543,1.205824,1.178644,1.175028,1.310091,1.115141,7.51631261e-02,2.37391178e-01
in-envelope,5.0,0.5,-0.4,0.0005,2e-05,0.0008,2.0,2.0,0.0005,0.004,1.866874,1.502477,1.178644,1.175166,1.863121,1.462129,1.10659064e-01,3.13753224e-01
in-envelope,5.0,0.5,-0.4,0.0005,2e-05,0.0008,1.0,1.0,0.005,0.001,1.492071,1.304497,1.178644,1.175265,1.490743,1.277806,7.46940112e-02,2.59644409e-01
in-envelope,5.0,0.5,0.0,0.0005,0.0003,0.0,2.0,0.5,0.005,0.004,2.407188,1.695730,1.128365,1.146239,2.406213,1.673071,0.00000000e+00,2.60190456e-01
in-envelope,5.0,0.5,0.0,0.0005,0.0003,0.0,0.5,2.0,0.0005,0.001,1.310222,1.165013,1.128365,1.146224,1.310091,1.115102,0.00000000e+00,1.75889055e-01
in-envelope,5.0,0.5,0.0,0.0005,0.0003,0.0,2.0,2.0,0.0005,0.004,1.863615,1.484801,1.128365,1.146205,1.863121,1.462190,0.00000000e+00,2.33274743e-01
in-envelope,5.0,0.5,0.0,0.0005,0.0003,0.0,1.0,1.0,0.005,0.001,1.490958,1.292939,1.128365,1.146227,1.490743,1.277790,0.00000000e+00,1.95685136e-01
in-envelope,5.0,0.7,0.4,0.002,0.0003,0.0008,2.0,0.5,0.005,0.004,2.409924,1.685590,1.371375,1.257859,2.406213,1.673043,1.15772642e-01,1.89776422e-01
in-envelope,5.0,0.7,0.4,0.002,0.0003,0.0008,0.5,2.0,0.0005,0.001,1.372572,1.266271,1.371375,1.258206,1.310091,1.115051,7.55262546e-02,1.25066578e-01
in-envelope,5.0,0.7,0.4,0.002,0.0003,0.0008,2.0,2.0,0.0005,0.004,1.866715,1.474338,1.371375,1.258046,1.863121,1.462108,1.07779749e-01,1.64490811e-01
in-envelope,5.0,0.7,0.4,0.002,0.0003,0.0008,1.0,1.0,0.005,0.001,1.491972,1.285879,1.371375,1.257994,1.490743,1.277729,7.31515811e-02,1.41219702e-01
in-envelope,5.0,0.7,-0.4,0.002,0.0003,0.0008,2.0,0.5,0.005,0.004,2.409030,1.712192,1.483466,1.321045,2.406213,1.673072,9.59530929e-02,3.49481288e-01
in-envelope,5.0,0.7,-0.4,0.002,0.0003,0.0008,0.5,2.0,0.0005,0.001,1.484351,1.348988,1.483466,1.320603,1.310091,1.115152,6.79051758e-02,2.52075659e-01
in-envelope,5.0,0.7,-0.4,0.002,0.0003,0.0008,2.0,2.0,0.0005,0.004,1.865737,1.503150,1.483466,1.320717,1.863121,1.462230,9.08827186e-02,3.23566760e-01
in-envelope,5.0,0.7,-0.4,0.002,0.0003,0.0008,1.0,1.0,0.005,0.001,1.491622,1.349092,1.483466,1.320850,1.490743,1.277850,6.24918383e-02,2.69849025e-01
in-envelope,5.0,0.7,0.0,0.002,0.0003,0.0008,2.0,0.5,0.005,0.004,2.407188,1.698284,1.425780,1.289187,2.406213,1.673024,0.00000000e+00,2.75434883e-01
in-envelope,5.0,0.7,0.0,0.002,0.0003,0.0008,0.5,2.0,0.0005,0.001,1.425863,1.306273,1.425780,1.289160,1.310091,1.115103,0.00000000e+00,1.91265406e-01
in-envelope,5.0,0.7,0.0,0.002,0.0003,0.0008,2.0,2.0,0.0005,0.004,1.863615,1.488087,1.425780,1.289126,1.863121,1.462145,0.00000000e+00,2.49465462e-01
in-envelope,5.0,0.7,0.0,0.002,0.0003,0.0008,1.0,1.0,0.005,0.001,1.490958,1.307438,1.425780,1.289164,1.490743,1.277785,0.00000000e+00,2.09516539e-01
in-envelope,5.0,0.7,0.4,0.0005,2e-05,0.0,2.0,0.5,0.005,0.004,2.409646,1.684262,1.088223,1.119254,2.406213,1.673121,1.08988358e-01,1.79527375e-01
in-envelope,5.0,0.7,0.4,0.0005,2e-05,0.0,0.5,2.0,0.0005,0.001,1.310505,1.128458,1.088223,1.119543,1.310091,1.115055,6.47862424e-02,1.14506978e-01
in-envelope,5.0,0.7,0.4,0.0005,2e-05,0.0,2.0,2.0,0.0005,0.004,1.866326,1.472611,1.088223,1.119405,1.863121,1.462181,9.88364352e-02,1.53393880e-01
in-envelope,5.0,0.7,0.4,0.0005,2e-05,0.0,1.0,1.0,0.005,0.001,1.491919,1.285180,1.088223,1.119367,1.490743,1.277745,6.64980777e-02,1.32100985e-01
in-envelope,5.0,0.7,-0.4,0.0005,2e-05,0.0008,2.0,0.5,0.005,0.004,2.408917,1.709006,1.197703,1.191692,2.406213,1.673078,9.25127026e-02,3.33475960e-01
in-envelope,5.0,0.7,-0.4,0.0005,2e-05,0.0008,0.5,2.0,0.0005,0.001,1.310407,1.220970,1.197703,1.191334,1.310091,1.115147,5.93532210e-02,2.34181184e-01
in-envelope,5.0,0.7,-0.4,0.0005,2e-05,0.0008,2.0,2.0,0.0005,0.004,1.865464,1.499214,1.197703,1.191452,1.863121,1.462238,8.57274156e-02,3.06266841e-01
in-envelope,5.0,0.7,-0.4,0.0005,2e-05,0.0008,1.0,1.0,0.005,0.001,1.491602,1.301778,1.197703,1.191540,1.490743,1.277844,5.80305055e-02,2.54074987e-01
in-envelope,5.0,0.7,0.0,0.0005,0.0003,0.0,2.0,0.5,0.005,0.004,2.407188,1.695730,1.128365,1.146239,2.406213,1.673071,0.00000000e+00,2.60190456e-01
in-envelope,5.0,0.7,0.0,0.0005,0.0003,0.0,0.5,2.0,0.0005,0.001,1.310222,1.165013,1.128365,1.146224,1.310091,1.115102,0.00000000e+00,1.75889055e-01
in-envelope,5.0,0.7,0.0,0.0005,0.0003,0.0,2.0,2.0,0.0005,0.004,1.863615,1.484801,1.128365,1.146205,1.863121,1.462190,0.00000000e+00,2.33274743e-01
in-envelope,5.0,0.7,0.0,0.0005,0.0003,0.0,1.0,1.0,0.005,0.001,1.490958,1.292939,1.128365,1.146227,1.490743,1.277790,0.00000000e+00,1.95685136e-01
FC-cruise,2.0,0.85,0.4,0.002,0.0003,0.0008,2.0,0.5,0.005,0.004,2.495972,1.688157,1.207621,1.155092,2.406213,1.674007,6.41648098e-01,1.80138242e-01
FC-cruise,2.0,0.85,0.4,0.002,0.0003,0.0008,0.5,2.0,0.0005,0.001,1.321683,1.168078,1.207621,1.156239,1.310091,1.114942,3.55159660e-01,1.28804375e-01
FC-cruise,2.0,0.85,0.4,0.002,0.0003,0.0008,2.0,2.0,0.0005,0.004,1.958941,1.479630,1.207621,1.155856,1.863121,1.462666,5.66215239e-01,1.69646770e-01
FC-cruise,2.0,0.85,0.4,0.002,0.0003,0.0008,1.0,1.0,0.005,0.001,1.530542,1.289673,1.207621,1.155572,1.490743,1.277801,3.82750707e-01,1.35560207e-01
FC-cruise,2.0,0.85,-0.4,0.002,0.0003,0.0008,2.0,0.5,0.005,0.004,2.422546,1.747072,1.706899,1.433215,2.406213,1.673445,2.79716369e-01,5.00732829e-01
FC-cruise,2.0,0.85,-0.4,0.002,0.0003,0.0008,0.5,2.0,0.0005,0.001,1.716780,1.499247,1.706899,1.431325,1.310091,1.115270,2.21516833e-01,4.07448688e-01
FC-cruise,2.0,0.85,-0.4,0.002,0.0003,0.0008,2.0,2.0,0.0005,0.004,1.880500,1.540593,1.706899,1.431993,1.863121,1.462629,2.69009482e-01,4.82442870e-01
FC-cruise,2.0,0.85,-0.4,0.002,0.0003,0.0008,1.0,1.0,0.005,0.001,1.710129,1.493029,1.706899,1.432425,1.490743,1.278053,1.88636402e-01,4.09711134e-01
FC-cruise,2.0,0.85,0.0,0.002,0.0003,0.0008,2.0,0.5,0.005,0.004,2.407188,1.698284,1.425780,1.289187,2.406213,1.673024,0.00000000e+00,2.75434883e-01
FC-cruise,2.0,0.85,0.0,0.002,0.0003,0.0008,0.5,2.0,0.0005,0.001,1.425863,1.306273,1.425780,1.289160,1.310091,1.115103,0.00000000e+00,1.91265406e-01
FC-cruise,2.0,0.85,0.0,0.002,0.0003,0.0008,2.0,2.0,0.0005,0.004,1.863615,1.488087,1.425780,1.289126,1.863121,1.462145,0.00000000e+00,2.49465462e-01
FC-cruise,2.0,0.85,0.0,0.002,0.0003,0.0008,1.0,1.0,0.005,0.001,1.490958,1.307438,1.425780,1.289164,1.490743,1.277785,0.00000000e+00,2.09516539e-01
FC-cruise,2.0,0.85,0.4,0.0005,2e-05,0.0,2.0,0.5,0.005,0.004,2.484173,1.686908,1.054535,1.077992,2.406213,1.674045,5.97038534e-01,1.75719006e-01
FC-cruise,2.0,0.85,0.4,0.0005,2e-05,0.0,0.5,2.0,0.0005,0.001,1.321461,1.125227,1.054535,1.079032,1.310091,1.114959,3.19470613e-01,1.20911020e-01
FC-cruise,2.0,0.85,0.4,0.0005,2e-05,0.0,2.0,2.0,0.0005,0.004,1.943112,1.476928,1.054535,1.078640,1.863121,1.462702,5.18555935e-01,1.61016602e-01
FC-cruise,2.0,0.85,0.4,0.0005,2e-05,0.0,1.0,1.0,0.005,0.001,1.527029,1.288207,1.054535,1.078419,1.490743,1.277829,3.53876438e-01,1.30387587e-01
FC-cruise,2.0,0.85,-0.4,0.0005,2e-05,0.0008,2.0,0.5,0.005,0.004,2.421812,1.741930,1.263507,1.245525,2.406213,1.673367,2.71772179e-01,4.78832965e-01
FC-cruise,2.0,0.85,-0.4,0.0005,2e-05,0.0008,0.5,2.0,0.0005,0.001,1.311744,1.311375,1.263507,1.244097,1.310091,1.115259,1.86669748e-01,3.65112388e-01
FC-cruise,2.0,0.85,-0.4,0.0005,2e-05,0.0008,2.0,2.0,0.0005,0.004,1.879471,1.534349,1.263507,1.244695,1.863121,1.462564,2.55652979e-01,4.54604285e-01
FC-cruise,2.0,0.85,-0.4,0.0005,2e-05,0.0008,1.0,1.0,0.005,0.001,1.496275,1.322751,1.263507,1.244946,1.490743,1.278024,1.74768754e-01,3.75780895e-01
FC-cruise,2.0,0.85,0.0,0.0005,0.0003,0.0,2.0,0.5,0.005,0.004,2.407188,1.695730,1.128365,1.146239,2.406213,1.673071,0.00000000e+00,2.60190456e-01
FC-cruise,2.0,0.85,0.0,0.0005,0.0003,0.0,0.5,2.0,0.0005,0.001,1.310222,1.165013,1.128365,1.146224,1.310091,1.115102,0.00000000e+00,1.75889055e-01
FC-cruise,2.0,0.85,0.0,0.0005,0.0003,0.0,2.0,2.0,0.0005,0.004,1.863615,1.484801,1.128365,1.146205,1.863121,1.462190,0.00000000e+00,2.33274743e-01
FC-cruise,2.0,0.85,0.0,0.0005,0.0003,0.0,1.0,1.0,0.005,0.001,1.490958,1.292939,1.128365,1.146227,1.490743,1.277790,0.00000000e+00,1.95685136e-01
