w_rad_s,Gc_hinf_mag,Gc_youlah_mag,Gc_reduced_mag,Gc_discrete_mag
1.000000e-02,1.038116e+04,1.118114e+04,1.118277e+04,1.118277e+04
1.018091e-02,1.022156e+04,1.098246e+04,1.098401e+04,1.098401e+04
1.036508e-02,1.006366e+04,1.078731e+04,1.078879e+04,1.078879e+04
1.055260e-02,9.907480e+03,1.059563e+04,1.059704e+04,1.059704e+04
1.074350e-02,9.753035e+03,1.040736e+04,1.040869e+04,1.040869e+04
1.093785e-02,9.600338e+03,1.022243e+04,1.022370e+04,1.022370e+04
1.113573e-02,9.449399e+03,1.004078e+04,1.004199e+04,1.004199e+04
1.133718e-02,9.300228e+03,9.862367e+03,9.863519e+03,9.863519e+03
1.154228e-02,9.152833e+03,9.687121e+03,9.688217e+03,9.688217e+03
1.175108e-02,9.007219e+03,9.514989e+03,9.516032e+03,9.516032e+03
1.196367e-02,8.863392e+03,9.345916e+03,9.346907e+03,9.346907e+03
1.218010e-02,8.721354e+03,9.179847e+03,9.180790e+03,9.180790e+03
1.240044e-02,8.581108e+03,9.016729e+03,9.017625e+03,9.017625e+03
1.262477e-02,8.442653e+03,8.856509e+03,8.857362e+03,8.857362e+03
1.285316e-02,8.305990e+03,8.699136e+03,8.699947e+03,8.699947e+03
1.308568e-02,8.171116e+03,8.544560e+03,8.545331e+03,8.545331e+03
1.332241e-02,8.038028e+03,8.392731e+03,8.393463e+03,8.393463e+03
1.356342e-02,7.906723e+03,8.243599e+03,8.244295e+03,8.244295e+03
1.380879e-02,7.777194e+03,8.097117e+03,8.097779e+03,8.097779e+03
1.405860e-02,7.649436e+03,7.953238e+03,7.953867e+03,7.953867e+03
1.431293e-02,7.523441e+03,7.811916e+03,7.812513e+03,7.812513e+03
1.457186e-02,7.399202e+03,7.673105e+03,7.673672e+03,7.673672e+03
1.483547e-02,7.276710e+03,7.536760e+03,7.537299e+03,7.537299e+03
1.510386e-02,7.155955e+03,7.402838e+03,7.403350e+03,7.403350e+03
1.537710e-02,7.036927e+03,7.271296e+03,7.271783e+03,7.271783e+03
1.565528e-02,6.919614e+03,7.142092e+03,7.142553e+03,7.142553e+03
1.593849e-02,6.804006e+03,7.015183e+03,7.015621e+03,7.015621e+03
1.622683e-02,6.690089e+03,6.890529e+03,6.890945e+03,6.890945e+03
1.652038e-02,6.577851e+03,6.768090e+03,6.768485e+03,6.768485e+03
1.681924e-02,6.467279e+03,6.647827e+03,6.648202e+03,6.648202e+03
1.712351e-02,6.358358e+03,6.529701e+03,6.530057e+03,6.530057e+03
1.743329e-02,6.251074e+03,6.413673e+03,6.414012e+03,6.414012e+03
1.774867e-02,6.145413e+03,6.299708e+03,6.300029e+03,6.300029e+03
1.806975e-02,6.041360e+03,6.187767e+03,6.188072e+03,6.188072e+03
1.839664e-02,5.938898e+03,6.077816e+03,6.078105e+03,6.078105e+03
1.872945e-02,5.838012e+03,5.969818e+03,5.970093e+03,5.970093e+03
1.906828e-02,5.738685e+03,5.863740e+03,5.864001e+03,5.864001e+03
1.941323e-02,5.640903e+03,5.759546e+03,5.759794e+03,5.759794e+03
1.976443e-02,5.544647e+03,5.657204e+03,5.657439e+03,5.657439e+03
2.012198e-02,5.449901e+03,5.556680e+03,5.556903e+03,5.556903e+03
2.048600e-02,5.356648e+03,5.457943e+03,5.458154e+03,5.458154e+03
2.085660e-02,5.264871e+03,5.360960e+03,5.361160e+03,5.361160e+03
2.123391e-02,5.174553e+03,5.265700e+03,5.265890e+03,5.265890e+03
2.161805e-02,5.085676e+03,5.172133e+03,5.172314e+03,5.172314e+03
2.200913e-02,4.998223e+03,5.080229e+03,5.080400e+03,5.080400e+03
2.240729e-02,4.912175e+03,4.989957e+03,4.990120e+03,4.990120e+03
2.281265e-02,4.827517e+03,4.901290e+03,4.901444e+03,4.901444e+03
2.322535e-02,4.744229e+03,4.814198e+03,4.814344e+03,4.814344e+03
2.364551e-02,4.662294e+03,4.728654e+03,4.728793e+03,4.728793e+03
2.407327e-02,4.581694e+03,4.644630e+03,4.644761e+03,4.644761e+03
2.450877e-02,4.502412e+03,4.562099e+03,4.562224e+03,4.562224e+03
2.495215e-02,4.424430e+03,4.481034e+03,4.481152e+03,4.481152e+03
2.540355e-02,4.347731e+03,4.401410e+03,4.401522e+03,4.401522e+03
2.586311e-02,4.272296e+03,4.323201e+03,4.323307e+03,4.323307e+03
2.633099e-02,4.198108e+03,4.246381e+03,4.246482e+03,4.246482e+03
2.680733e-02,4.125151e+03,4.170926e+03,4.171022e+03,4.171022e+03
2.729229e-02,4.053405e+03,4.096813e+03,4.096903e+03,4.096903e+03
2.778603e-02,3.982855e+03,4.024016e+03,4.024102e+03,4.024102e+03
2.828869e-02,3.913483e+03,3.952512e+03,3.952594e+03,3.952594e+03
2.880045e-02,3.845271e+03,3.882280e+03,3.882357e+03,3.882357e+03
2.932147e-02,3.778203e+03,3.813295e+03,3.813368e+03,3.813368e+03
2.985191e-02,3.712262e+03,3.745536e+03,3.745605e+03,3.745605e+03
3.039195e-02,3.647432e+03,3.678981e+03,3.679047e+03,3.679047e+03
3.094176e-02,3.583695e+03,3.613609e+03,3.613671e+03,3.613671e+03
3.150152e-02,3.521035e+03,3.549398e+03,3.549457e+03,3.549457e+03
3.207140e-02,3.459436e+03,3.486328e+03,3.486384e+03,3.486384e+03
3.265159e-02,3.398882e+03,3.424379e+03,3.424432e+03,3.424432e+03
3.324228e-02,3.339356e+03,3.363531e+03,3.363581e+03,3.363581e+03
3.384365e-02,3.280844e+03,3.303764e+03,3.303811e+03,3.303811e+03
3.445590e-02,3.223328e+03,3.245058e+03,3.245104e+03,3.245104e+03
3.507923e-02,3.166794e+03,3.187397e+03,3.187440e+03,3.187440e+03
3.571383e-02,3.111226e+03,3.130759e+03,3.130800e+03,3.130800e+03
3.635992e-02,3.056609e+03,3.075128e+03,3.075167e+03,3.075167e+03
3.701769e-02,3.002928e+03,3.020486e+03,3.020523e+03,3.020523e+03
3.768736e-02,2.950168e+03,2.966814e+03,2.966849e+03,2.966849e+03
3.836915e-02,2.898315e+03,2.914097e+03,2.914130e+03,2.914130e+03
3.906327e-02,2.847354e+03,2.862316e+03,2.862347e+03,2.862347e+03
3.976995e-02,2.797270e+03,2.811455e+03,2.811484e+03,2.811484e+03
4.048941e-02,2.748049e+03,2.761498e+03,2.761526e+03,2.761526e+03
4.122189e-02,2.699679e+03,2.712428e+03,2.712455e+03,2.712455e+03
4.196762e-02,2.652143e+03,2.664231e+03,2.664256e+03,2.664256e+03
4.272684e-02,2.605430e+03,2.616889e+03,2.616913e+03,2.616913e+03
4.349979e-02,2.559525e+03,2.570390e+03,2.570412e+03,2.570412e+03
4.428673e-02,2.514416e+03,2.524716e+03,2.524737e+03,2.524737e+03
4.508791e-02,2.470089e+03,2.479854e+03,2.479874e+03,2.479874e+03
4.590357e-02,2.426532e+03,2.435789e+03,2.435808e+03,2.435808e+03
4.673400e-02,2.383731e+03,2.392507e+03,2.392525e+03,2.392525e+03
4.757944e-02,2.341674e+03,2.349994e+03,2.350012e+03,2.350012e+03
4.844018e-02,2.300348e+03,2.308237e+03,2.308253e+03,2.308253e+03
4.931650e-02,2.259743e+03,2.267221e+03,2.267237e+03,2.267237e+03
5.020866e-02,2.219844e+03,2.226935e+03,2.226950e+03,2.226950e+03
5.111697e-02,2.180642e+03,2.187364e+03,2.187378e+03,2.187378e+03
5.204170e-02,2.142123e+03,2.148496e+03,2.148510e+03,2.148510e+03
5.298317e-02,2.104277e+03,2.110320e+03,2.110332e+03,2.110332e+03
5.394167e-02,2.067092e+03,2.072821e+03,2.072833e+03,2.072833e+03
5.491750e-02,2.030558e+03,2.035989e+03,2.036000e+03,2.036000e+03
5.591099e-02,1.994662e+03,1.999811e+03,1.999822e+03,1.999822e+03
5.692246e-02,1.959394e+03,1.964276e+03,1.964286e+03,1.964286e+03
5.795222e-02,1.924744e+03,1.929372e+03,1.929382e+03,1.929382e+03
5.900061e-02,1.890701e+03,1.895089e+03,1.895098e+03,1.895098e+03
6.006797e-02,1.857254e+03,1.861415e+03,1.861424e+03,1.861424e+03
6.115463e-02,1.824394e+03,1.828339e+03,1.828347e+03,1.828347e+03
6.226096e-02,1.792111e+03,1.795851e+03,1.795859e+03,1.795859e+03
6.338730e-02,1.760394e+03,1.763940e+03,1.763948e+03,1.763948e+03
6.453401e-02,1.729234e+03,1.732597e+03,1.732604e+03,1.732604e+03
6.570147e-02,1.698621e+03,1.701810e+03,1.701817e+03,1.701817e+03
6.689005e-02,1.668547e+03,1.671570e+03,1.671576e+03,1.671576e+03
6.810013e-02,1.639001e+03,1.641868e+03,1.641874e+03,1.641874e+03
6.933210e-02,1.609975e+03,1.612693e+03,1.612699e+03,1.612699e+03
7.058636e-02,1.581459e+03,1.584037e+03,1.584042e+03,1.584042e+03
7.186331e-02,1.553446e+03,1.555890e+03,1.555895e+03,1.555895e+03
7.316336e-02,1.525925e+03,1.528243e+03,1.528248e+03,1.528248e+03
7.448693e-02,1.498890e+03,1.501088e+03,1.501092e+03,1.501092e+03
7.583445e-02,1.472330e+03,1.474415e+03,1.474419e+03,1.474419e+03
7.720634e-02,1.446239e+03,1.448216e+03,1.448220e+03,1.448220e+03
7.860305e-02,1.420607e+03,1.422482e+03,1.422486e+03,1.422486e+03
8.002502e-02,1.395428e+03,1.397206e+03,1.397209e+03,1.397209e+03
8.147272e-02,1.370692e+03,1.372379e+03,1.372382e+03,1.372382e+03
8.294661e-02,1.346393e+03,1.347993e+03,1.347996e+03,1.347996e+03
8.444717e-02,1.322523e+03,1.324040e+03,1.324043e+03,1.324043e+03
8.597487e-02,1.299074e+03,1.300513e+03,1.300516e+03,1.300516e+03
8.753021e-02,1.276039e+03,1.277404e+03,1.277407e+03,1.277407e+03
8.911368e-02,1.253411e+03,1.254705e+03,1.254708e+03,1.254708e+03
9.072580e-02,1.231183e+03,1.232410e+03,1.232413e+03,1.232413e+03
9.236709e-02,1.209347e+03,1.210511e+03,1.210514e+03,1.210514e+03
9.403806e-02,1.187897e+03,1.189002e+03,1.189004e+03,1.189004e+03
9.573927e-02,1.166826e+03,1.167874e+03,1.167876e+03,1.167876e+03
9.747125e-02,1.146128e+03,1.147122e+03,1.147124e+03,1.147124e+03
9.923456e-02,1.125796e+03,1.126739e+03,1.126741e+03,1.126741e+03
1.010298e-01,1.105823e+03,1.106717e+03,1.106719e+03,1.106719e+03
1.028575e-01,1.086203e+03,1.087052e+03,1.087054e+03,1.087054e+03
1.047182e-01,1.066931e+03,1.067736e+03,1.067738e+03,1.067738e+03
1.066126e-01,1.047999e+03,1.048763e+03,1.048765e+03,1.048765e+03
1.085413e-01,1.029403e+03,1.030128e+03,1.030129e+03,1.030129e+03
1.105049e-01,1.011135e+03,1.011823e+03,1.011825e+03,1.011825e+03
1.125040e-01,9.931910e+02,9.938439e+02,9.938452e+02,9.938452e+02
1.145393e-01,9.755645e+02,9.761842e+02,9.761854e+02,9.761854e+02
1.166113e-01,9.582501e+02,9.588382e+02,9.588393e+02,9.588393e+02
1.187209e-01,9.412423e+02,9.418005e+02,9.418015e+02,9.418015e+02
1.208687e-01,9.245357e+02,9.250655e+02,9.250665e+02,9.250665e+02
1.230552e-01,9.081250e+02,9.086278e+02,9.086288e+02,9.086288e+02
1.252814e-01,8.920049e+02,8.924823e+02,8.924832e+02,8.924832e+02
1.275478e-01,8.761705e+02,8.766236e+02,8.766245e+02,8.766245e+02
1.298552e-01,8.606166e+02,8.610468e+02,8.610476e+02,8.610476e+02
1.322044e-01,8.453383e+02,8.457467e+02,8.457475e+02,8.457475e+02
1.345960e-01,8.303307e+02,8.307185e+02,8.307193e+02,8.307193e+02
1.370310e-01,8.155891e+02,8.159574e+02,8.159581e+02,8.159580e+02
1.395099e-01,8.011088e+02,8.014585e+02,8.014591e+02,8.014591e+02
1.420337e-01,7.868852e+02,7.872172e+02,7.872179e+02,7.872179e+02
1.446032e-01,7.729137e+02,7.732291e+02,7.732297e+02,7.732297e+02
1.472192e-01,7.591899e+02,7.594894e+02,7.594900e+02,7.594900e+02
1.498825e-01,7.457094e+02,7.459940e+02,7.459945e+02,7.459945e+02
1.525939e-01,7.324680e+02,7.327383e+02,7.327388e+02,7.327388e+02
1.553544e-01,7.194613e+02,7.197181e+02,7.197186e+02,7.197186e+02
1.581649e-01,7.066854e+02,7.069294e+02,7.069298e+02,7.069298e+02
1.610262e-01,6.941360e+02,6.943678e+02,6.943683e+02,6.943683e+02
1.639393e-01,6.818092e+02,6.820295e+02,6.820299e+02,6.820299e+02
1.669050e-01,6.697010e+02,6.699104e+02,6.699108e+02,6.699108e+02
1.699244e-01,6.578076e+02,6.580067e+02,6.580070e+02,6.580070e+02
1.729985e-01,6.461253e+02,6.463145e+02,6.463148e+02,6.463148e+02
1.761281e-01,6.346501e+02,6.348300e+02,6.348303e+02,6.348303e+02
1.793144e-01,6.233786e+02,6.235496e+02,6.235499e+02,6.235499e+02
1.825583e-01,6.123071e+02,6.124697e+02,6.124700e+02,6.124700e+02
1.858609e-01,6.014320e+02,6.015866e+02,6.015869e+02,6.015869e+02
1.892232e-01,5.907499e+02,5.908969e+02,5.908972e+02,5.908972e+02
1.926464e-01,5.802573e+02,5.803972e+02,5.803974e+02,5.803974e+02
1.961315e-01,5.699509e+02,5.700840e+02,5.700842e+02,5.700842e+02
1.996796e-01,5.598275e+02,5.599541e+02,5.599543e+02,5.599543e+02
2.032919e-01,5.498837e+02,5.500042e+02,5.500044e+02,5.500044e+02
2.069696e-01,5.401164e+02,5.402311e+02,5.402313e+02,5.402313e+02
2.107138e-01,5.305225e+02,5.306317e+02,5.306318e+02,5.306318e+02
2.145257e-01,5.210989e+02,5.212028e+02,5.212029e+02,5.212029e+02
2.184066e-01,5.118425e+02,5.119414e+02,5.119416e+02,5.119416e+02
2.223578e-01,5.027505e+02,5.028447e+02,5.028448e+02,5.028448e+02
2.263803e-01,4.938199e+02,4.939096e+02,4.939097e+02,4.939097e+02
2.304757e-01,4.850478e+02,4.851332e+02,4.851333e+02,4.851333e+02
2.346451e-01,4.764314e+02,4.765128e+02,4.765129e+02,4.765129e+02
2.388900e-01,4.679680e+02,4.680456e+02,4.680457e+02,4.680457e+02
2.432117e-01,4.596549e+02,4.597288e+02,4.597289e+02,4.597289e+02
2.476115e-01,4.514894e+02,4.515598e+02,4.515599e+02,4.515599e+02
2.520910e-01,4.434688e+02,4.435360e+02,4.435361e+02,4.435361e+02
2.566514e-01,4.355907e+02,4.356547e+02,4.356548e+02,4.356548e+02
2.612944e-01,4.278524e+02,4.279135e+02,4.279136e+02,4.279136e+02
2.660214e-01,4.202516e+02,4.203098e+02,4.203099e+02,4.203099e+02
2.708339e-01,4.127857e+02,4.128413e+02,4.128414e+02,4.128414e+02
2.757334e-01,4.054524e+02,4.055055e+02,4.055055e+02,4.055055e+02
2.807216e-01,3.982494e+02,3.983000e+02,3.983000e+02,3.983000e+02
2.858000e-01,3.911742e+02,3.912225e+02,3.912226e+02,3.912226e+02
2.909703e-01,3.842247e+02,3.842708e+02,3.842709e+02,3.842709e+02
2.962342e-01,3.773986e+02,3.774427e+02,3.774427e+02,3.774427e+02
3.015932e-01,3.706938e+02,3.707358e+02,3.707359e+02,3.707359e+02
3.070492e-01,3.641080e+02,3.641482e+02,3.641482e+02,3.641482e+02
3.126039e-01,3.576391e+02,3.576776e+02,3.576776e+02,3.576776e+02
3.182591e-01,3.512852e+02,3.513219e+02,3.513220e+02,3.513220e+02
3.240166e-01,3.450441e+02,3.450792e+02,3.450793e+02,3.450793e+02
3.298783e-01,3.389139e+02,3.389475e+02,3.389475e+02,3.389475e+02
3.358460e-01,3.328926e+02,3.329247e+02,3.329247e+02,3.329247e+02
3.419216e-01,3.269782e+02,3.270089e+02,3.270089e+02,3.270089e+02
3.481072e-01,3.211688e+02,3.211982e+02,3.211982e+02,3.211982e+02
3.544047e-01,3.154626e+02,3.154908e+02,3.154908e+02,3.154908e+02
3.608161e-01,3.098578e+02,3.098848e+02,3.098848e+02,3.098848e+02
3.673435e-01,3.043526e+02,3.043784e+02,3.043784e+02,3.043784e+02
3.739889e-01,2.989451e+02,2.989698e+02,2.989699e+02,2.989699e+02
3.807546e-01,2.936337e+02,2.936574e+02,2.936574e+02,2.936574e+02
3.876427e-01,2.884166e+02,2.884394e+02,2.884394e+02,2.884394e+02
3.946554e-01,2.832923e+02,2.833140e+02,2.833141e+02,2.833141e+02
4.017949e-01,2.782589e+02,2.782798e+02,2.782798e+02,2.782798e+02
4.090636e-01,2.733149e+02,2.733350e+02,2.733350e+02,2.733350e+02
4.164638e-01,2.684588e+02,2.684781e+02,2.684781e+02,2.684781e+02
4.239979e-01,2.636890e+02,2.637074e+02,2.637075e+02,2.637074e+02
4.316683e-01,2.590038e+02,2.590216e+02,2.590216e+02,2.590216e+02
4.394775e-01,2.544019e+02,2.544190e+02,2.544190e+02,2.544190e+02
4.474279e-01,2.498818e+02,2.498982e+02,2.498982e+02,2.498982e+02
4.555221e-01,2.454420e+02,2.454577e+02,2.454577e+02,2.454577e+02
4.637628e-01,2.410810e+02,2.410961e+02,2.410961e+02,2.410961e+02
4.721525e-01,2.367975e+02,2.368120e+02,2.368121e+02,2.368121e+02
4.806940e-01,2.325901e+02,2.326041e+02,2.326041e+02,2.326041e+02
4.893901e-01,2.284575e+02,2.284709e+02,2.284709e+02,2.284709e+02
4.982435e-01,2.243982e+02,2.244112e+02,2.244112e+02,2.244112e+02
5.072570e-01,2.204111e+02,2.204236e+02,2.204236e+02,2.204236e+02
5.164336e-01,2.164948e+02,2.165068e+02,2.165069e+02,2.165068e+02
5.257762e-01,2.126481e+02,2.126597e+02,2.126597e+02,2.126597e+02
5.352878e-01,2.088698e+02,2.088809e+02,2.088809e+02,2.088809e+02
5.449714e-01,2.051585e+02,2.051693e+02,2.051693e+02,2.051693e+02
5.548303e-01,2.015132e+02,2.015236e+02,2.015236e+02,2.015236e+02
5.648675e-01,1.979327e+02,1.979427e+02,1.979427e+02,1.979427e+02
5.750863e-01,1.944158e+02,1.944254e+02,1.944254e+02,1.944254e+02
5.854900e-01,1.909613e+02,1.909706e+02,1.909706e+02,1.909706e+02
5.960818e-01,1.875682e+02,1.875773e+02,1.875773e+02,1.875773e+02
6.068653e-01,1.842355e+02,1.842442e+02,1.842442e+02,1.842442e+02
6.178439e-01,1.809619e+02,1.809703e+02,1.809703e+02,1.809703e+02
6.290211e-01,1.777465e+02,1.777546e+02,1.777546e+02,1.777546e+02
6.404004e-01,1.745882e+02,1.745961e+02,1.745961e+02,1.745961e+02
6.519857e-01,1.714860e+02,1.714936e+02,1.714936e+02,1.714936e+02
6.637805e-01,1.684390e+02,1.684463e+02,1.684463e+02,1.684463e+02
6.757887e-01,1.654461e+02,1.654532e+02,1.654532e+02,1.654532e+02
6.880141e-01,1.625063e+02,1.625132e+02,1.625132e+02,1.625132e+02
7.004607e-01,1.596188e+02,1.596255e+02,1.596255e+02,1.596255e+02
7.131324e-01,1.567826e+02,1.567891e+02,1.567891e+02,1.567891e+02
7.260334e-01,1.539968e+02,1.540031e+02,1.540031e+02,1.540031e+02
7.391678e-01,1.512605e+02,1.512666e+02,1.512666e+02,1.512666e+02
7.525398e-01,1.485728e+02,1.485787e+02,1.485787e+02,1.485787e+02
7.661537e-01,1.459329e+02,1.459386e+02,1.459386e+02,1.459386e+02
7.800139e-01,1.433398e+02,1.433454e+02,1.433454e+02,1.433454e+02
7.941248e-01,1.407929e+02,1.407983e+02,1.407983e+02,1.407982e+02
8.084910e-01,1.382912e+02,1.382964e+02,1.382964e+02,1.382964e+02
8.231171e-01,1.358339e+02,1.358390e+02,1.358390e+02,1.358390e+02
8.380078e-01,1.334203e+02,1.334252e+02,1.334252e+02,1.334252e+02
8.531679e-01,1.310496e+02,1.310544e+02,1.310544e+02,1.310544e+02
8.686022e-01,1.287210e+02,1.287257e+02,1.287256e+02,1.287256e+02
8.843157e-01,1.264338e+02,1.264383e+02,1.264383e+02,1.264383e+02
9.003135e-01,1.241872e+02,1.241916e+02,1.241916e+02,1.241916e+02
9.166007e-01,1.219805e+02,1.219848e+02,1.219848e+02,1.219848e+02
9.331826e-01,1.198131e+02,1.198173e+02,1.198173e+02,1.198172e+02
9.500644e-01,1.176842e+02,1.176882e+02,1.176882e+02,1.176882e+02
9.672517e-01,1.155930e+02,1.155970e+02,1.155970e+02,1.155970e+02
9.847498e-01,1.135391e+02,1.135429e+02,1.135429e+02,1.135429e+02
1.002565e+00,1.115216e+02,1.115254e+02,1.115254e+02,1.115253e+02
1.020702e+00,1.095400e+02,1.095436e+02,1.095436e+02,1.095436e+02
1.039167e+00,1.075936e+02,1.075971e+02,1.075971e+02,1.075971e+02
1.057966e+00,1.056818e+02,1.056852e+02,1.056852e+02,1.056852e+02
1.077105e+00,1.038039e+02,1.038073e+02,1.038073e+02,1.038073e+02
1.096591e+00,1.019594e+02,1.019627e+02,1.019627e+02,1.019627e+02
1.116429e+00,1.001477e+02,1.001509e+02,1.001509e+02,1.001509e+02
1.136625e+00,9.836821e+01,9.837133e+01,9.837133e+01,9.837132e+01
1.157188e+00,9.662031e+01,9.662336e+01,9.662335e+01,9.662334e+01
1.178122e+00,9.490347e+01,9.490644e+01,9.490644e+01,9.490643e+01
1.199435e+00,9.321713e+01,9.322003e+01,9.322003e+01,9.322002e+01
1.221133e+00,9.156076e+01,9.156359e+01,9.156359e+01,9.156357e+01
1.243224e+00,8.993382e+01,8.993658e+01,8.993658e+01,8.993656e+01
1.265715e+00,8.833578e+01,8.833848e+01,8.833848e+01,8.833847e+01
1.288613e+00,8.676614e+01,8.676878e+01,8.676878e+01,8.676876e+01
1.311924e+00,8.522440e+01,8.522697e+01,8.522697e+01,8.522695e+01
1.335658e+00,8.371004e+01,8.371256e+01,8.371255e+01,8.371254e+01
1.359821e+00,8.222260e+01,8.222505e+01,8.222505e+01,8.222504e+01
1.384421e+00,8.076158e+01,8.076398e+01,8.076398e+01,8.076397e+01
1.409466e+00,7.932653e+01,7.932887e+01,7.932887e+01,7.932886e+01
1.434964e+00,7.791697e+01,7.791926e+01,7.791926e+01,7.791925e+01
1.460923e+00,7.653246e+01,7.653470e+01,7.653470e+01,7.653469e+01
1.487352e+00,7.517255e+01,7.517474e+01,7.517474e+01,7.517473e+01
1.514259e+00,7.383680e+01,7.383895e+01,7.383895e+01,7.383893e+01
1.541653e+00,7.252479e+01,7.252689e+01,7.252689e+01,7.252687e+01
1.569543e+00,7.123610e+01,7.123815e+01,7.123814e+01,7.123813e+01
1.597936e+00,6.997030e+01,6.997230e+01,6.997230e+01,6.997229e+01
1.626844e+00,6.872699e+01,6.872895e+01,6.872895e+01,6.872893e+01
1.656275e+00,6.750577e+01,6.750769e+01,6.750769e+01,6.750768e+01
1.686238e+00,6.630626e+01,6.630814e+01,6.630813e+01,6.630812e+01
1.716743e+00,6.512805e+01,6.512989e+01,6.512989e+01,6.512988e+01
1.747800e+00,6.397079e+01,6.397259e+01,6.397259e+01,6.397257e+01
1.779418e+00,6.283408e+01,6.283585e+01,6.283585e+01,6.283583e+01
1.811609e+00,6.171758e+01,6.171930e+01,6.171930e+01,6.171929e+01
1.844382e+00,6.062091e+01,6.062260e+01,6.062260e+01,6.062258e+01
1.877748e+00,5.954373e+01,5.954539e+01,5.954538e+01,5.954537e+01
1.911718e+00,5.848569e+01,5.848731e+01,5.848731e+01,5.848729e+01
1.946302e+00,5.744645e+01,5.744804e+01,5.744804e+01,5.744802e+01
1.981512e+00,5.642568e+01,5.642723e+01,5.642723e+01,5.642721e+01
2.017359e+00,5.542304e+01,5.542457e+01,5.542456e+01,5.542455e+01
2.053854e+00,5.443822e+01,5.443972e+01,5.443971e+01,5.443969e+01
2.091009e+00,5.347090e+01,5.347236e+01,5.347236e+01,5.347234e+01
2.128837e+00,5.252077e+01,5.252220e+01,5.252220e+01,5.252218e+01
2.167349e+00,5.158752e+01,5.158892e+01,5.158892e+01,5.158890e+01
2.206557e+00,5.067085e+01,5.067223e+01,5.067223e+01,5.067221e+01
2.246475e+00,4.977047e+01,4.977182e+01,4.977182e+01,4.977180e+01
2.287116e+00,4.888609e+01,4.888742e+01,4.888741e+01,4.888739e+01
2.328491e+00,4.801743e+01,4.801872e+01,4.801872e+01,4.801870e+01
2.370615e+00,4.716420e+01,4.716547e+01,4.716547e+01,4.716544e+01
2.413500e+00,4.632613e+01,4.632737e+01,4.632737e+01,4.632735e+01
2.457162e+00,4.550295e+01,4.550417e+01,4.550417e+01,4.550415e+01
2.501614e+00,4.469440e+01,4.469560e+01,4.469560e+01,4.469557e+01
2.546869e+00,4.390021e+01,4.390139e+01,4.390139e+01,4.390137e+01
2.592944e+00,4.312014e+01,4.312130e+01,4.312129e+01,4.312127e+01
2.639852e+00,4.235393e+01,4.235506e+01,4.235506e+01,4.235504e+01
2.687608e+00,4.160133e+01,4.160244e+01,4.160244e+01,4.160242e+01
2.736229e+00,4.086211e+01,4.086320e+01,4.086320e+01,4.086317e+01
2.785729e+00,4.013602e+01,4.013709e+01,4.013709e+01,4.013706e+01
2.836124e+00,3.942284e+01,3.942388e+01,3.942388e+01,3.942386e+01
2.887431e+00,3.872232e+01,3.872335e+01,3.872335e+01,3.872332e+01
2.939667e+00,3.803426e+01,3.803526e+01,3.803526e+01,3.803524e+01
2.992847e+00,3.735842e+01,3.735940e+01,3.735940e+01,3.735938e+01
3.046990e+00,3.669459e+01,3.669555e+01,3.669555e+01,3.669553e+01
3.102111e+00,3.604255e+01,3.604350e+01,3.604350e+01,3.604347e+01
3.158231e+00,3.540210e+01,3.540303e+01,3.540303e+01,3.540300e+01
3.215365e+00,3.477303e+01,3.477395e+01,3.477395e+01,3.477392e+01
3.273533e+00,3.415514e+01,3.415604e+01,3.415604e+01,3.415601e+01
3.332753e+00,3.354823e+01,3.354911e+01,3.354911e+01,3.354908e+01
3.393044e+00,3.295210e+01,3.295296e+01,3.295296e+01,3.295293e+01
3.454427e+00,3.236656e+01,3.236741e+01,3.236741e+01,3.236738e+01
3.516919e+00,3.179143e+01,3.179226e+01,3.179226e+01,3.179223e+01
3.580542e+00,3.122652e+01,3.122734e+01,3.122734e+01,3.122730e+01
3.645317e+00,3.067164e+01,3.067245e+01,3.067245e+01,3.067241e+01
3.711263e+00,3.012663e+01,3.012742e+01,3.012742e+01,3.012738e+01
3.778402e+00,2.959130e+01,2.959207e+01,2.959207e+01,2.959204e+01
3.846755e+00,2.906548e+01,2.906624e+01,2.906624e+01,2.906620e+01
3.916345e+00,2.854901e+01,2.854975e+01,2.854975e+01,2.854971e+01
3.987194e+00,2.804171e+01,2.804244e+01,2.804244e+01,2.804240e+01
4.059325e+00,2.754342e+01,2.754414e+01,2.754414e+01,2.754410e+01
4.132761e+00,2.705399e+01,2.705470e+01,2.705470e+01,2.705466e+01
4.207525e+00,2.657326e+01,2.657395e+01,2.657395e+01,2.657391e+01
4.283642e+00,2.610107e+01,2.610175e+01,2.610175e+01,2.610171e+01
4.361135e+00,2.563727e+01,2.563794e+01,2.563794e+01,2.563790e+01
4.440031e+00,2.518171e+01,2.518236e+01,2.518236e+01,2.518232e+01
4.520354e+00,2.473425e+01,2.473489e+01,2.473489e+01,2.473485e+01
4.602130e+00,2.429473e+01,2.429536e+01,2.429536e+01,2.429532e+01
4.685385e+00,2.386303e+01,2.386365e+01,2.386365e+01,2.386360e+01
4.770146e+00,2.343899e+01,2.343960e+01,2.343960e+01,2.343956e+01
4.856441e+00,2.302249e+01,2.302309e+01,2.302309e+01,2.302305e+01
4.944297e+00,2.261340e+01,2.261398e+01,2.261398e+01,2.261394e+01
5.033742e+00,2.221157e+01,2.221214e+01,2.221214e+01,2.221210e+01
5.124806e+00,2.181688e+01,2.181744e+01,2.181744e+01,2.181740e+01
5.217517e+00,2.142920e+01,2.142976e+01,2.142976e+01,2.142971e+01
5.311905e+00,2.104842e+01,2.104896e+01,2.104896e+01,2.104891e+01
5.408000e+00,2.067439e+01,2.067493e+01,2.067493e+01,2.067488e+01
5.505834e+00,2.030702e+01,2.030754e+01,2.030754e+01,2.030749e+01
5.605438e+00,1.994617e+01,1.994669e+01,1.994669e+01,1.994663e+01
5.706844e+00,1.959173e+01,1.959224e+01,1.959224e+01,1.959219e+01
5.810084e+00,1.924360e+01,1.924409e+01,1.924409e+01,1.924404e+01
5.915192e+00,1.890164e+01,1.890213e+01,1.890213e+01,1.890208e+01
6.022202e+00,1.856577e+01,1.856625e+01,1.856625e+01,1.856619e+01
6.131147e+00,1.823586e+01,1.823633e+01,1.823633e+01,1.823627e+01
6.242063e+00,1.791181e+01,1.791228e+01,1.791228e+01,1.791222e+01
6.354986e+00,1.759353e+01,1.759398e+01,1.759398e+01,1.759392e+01
6.469951e+00,1.728089e+01,1.728134e+01,1.728134e+01,1.728128e+01
6.586996e+00,1.697381e+01,1.697425e+01,1.697425e+01,1.697419e+01
6.706159e+00,1.667219e+01,1.667262e+01,1.667262e+01,1.667256e+01
6.827478e+00,1.637593e+01,1.637635e+01,1.637635e+01,1.637629e+01
6.950991e+00,1.608493e+01,1.608535e+01,1.608535e+01,1.608528e+01
7.076739e+00,1.579911e+01,1.579951e+01,1.579951e+01,1.579945e+01
7.204761e+00,1.551836e+01,1.551876e+01,1.551876e+01,1.551869e+01
7.335099e+00,1.524260e+01,1.524299e+01,1.524299e+01,1.524292e+01
7.467796e+00,1.497174e+01,1.497212e+01,1.497212e+01,1.497205e+01
7.602893e+00,1.470569e+01,1.470607e+01,1.470607e+01,1.470600e+01
7.740434e+00,1.444437e+01,1.444474e+01,1.444474e+01,1.444467e+01
7.880463e+00,1.418769e+01,1.418805e+01,1.418806e+01,1.418798e+01
8.023025e+00,1.393557e+01,1.393593e+01,1.393593e+01,1.393586e+01
8.168167e+00,1.368794e+01,1.368829e+01,1.368829e+01,1.368821e+01
8.315934e+00,1.344470e+01,1.344504e+01,1.344505e+01,1.344497e+01
8.466374e+00,1.320578e+01,1.320612e+01,1.320613e+01,1.320605e+01
8.619536e+00,1.297111e+01,1.297145e+01,1.297145e+01,1.297137e+01
8.775468e+00,1.274061e+01,1.274094e+01,1.274094e+01,1.274086e+01
8.934222e+00,1.251421e+01,1.251453e+01,1.251453e+01,1.251445e+01
9.095847e+00,1.229183e+01,1.229214e+01,1.229214e+01,1.229206e+01
9.260397e+00,1.207340e+01,1.207371e+01,1.207371e+01,1.207362e+01
9.427923e+00,1.185885e+01,1.185915e+01,1.185915e+01,1.185906e+01
9.598480e+00,1.164811e+01,1.164841e+01,1.164841e+01,1.164832e+01
9.772122e+00,1.144112e+01,1.144141e+01,1.144141e+01,1.144132e+01
9.948906e+00,1.123780e+01,1.123809e+01,1.123809e+01,1.123800e+01
1.012889e+01,1.103810e+01,1.103838e+01,1.103838e+01,1.103829e+01
1.031212e+01,1.084194e+01,1.084222e+01,1.084222e+01,1.084213e+01
1.049868e+01,1.064927e+01,1.064954e+01,1.064955e+01,1.064945e+01
1.068860e+01,1.046002e+01,1.046029e+01,1.046030e+01,1.046020e+01
1.088197e+01,1.027414e+01,1.027440e+01,1.027441e+01,1.027431e+01
1.107883e+01,1.009156e+01,1.009182e+01,1.009182e+01,1.009172e+01
1.127925e+01,9.912222e+00,9.912476e+00,9.912479e+00,9.912374e+00
1.148330e+01,9.736071e+00,9.736320e+00,9.736323e+00,9.736216e+00
1.169104e+01,9.563049e+00,9.563294e+00,9.563297e+00,9.563188e+00
1.190254e+01,9.393102e+00,9.393343e+00,9.393346e+00,9.393235e+00
1.211786e+01,9.226174e+00,9.226410e+00,9.226414e+00,9.226301e+00
1.233708e+01,9.062212e+00,9.062444e+00,9.062447e+00,9.062332e+00
1.256027e+01,8.901163e+00,8.901391e+00,8.901394e+00,8.901277e+00
1.278749e+01,8.742975e+00,8.743199e+00,8.743203e+00,8.743084e+00
1.301882e+01,8.587598e+00,8.587818e+00,8.587822e+00,8.587700e+00
1.325434e+01,8.434982e+00,8.435197e+00,8.435201e+00,8.435078e+00
1.349412e+01,8.285076e+00,8.285288e+00,8.285292e+00,8.285166e+00
1.373824e+01,8.137834e+00,8.138043e+00,8.138046e+00,8.137918e+00
1.398677e+01,7.993208e+00,7.993413e+00,7.993417e+00,7.993286e+00
1.423980e+01,7.851152e+00,7.851353e+00,7.851357e+00,7.851224e+00
1.449741e+01,7.711619e+00,7.711816e+00,7.711820e+00,7.711685e+00
1.475967e+01,7.574565e+00,7.574759e+00,7.574763e+00,7.574626e+00
1.502668e+01,7.439946e+00,7.440137e+00,7.440141e+00,7.440001e+00
1.529853e+01,7.307719e+00,7.307906e+00,7.307910e+00,7.307768e+00
1.557529e+01,7.177841e+00,7.178024e+00,7.178029e+00,7.177884e+00
1.585705e+01,7.050270e+00,7.050450e+00,7.050455e+00,7.050307e+00
1.614392e+01,6.924965e+00,6.925142e+00,6.925147e+00,6.924997e+00
1.643597e+01,6.801887e+00,6.802061e+00,6.802065e+00,6.801912e+00
1.673331e+01,6.680995e+00,6.681166e+00,6.681170e+00,6.681014e+00
1.703602e+01,6.562251e+00,6.562418e+00,6.562423e+00,6.562264e+00
1.734421e+01,6.445616e+00,6.445781e+00,6.445785e+00,6.445624e+00
1.765798e+01,6.331053e+00,6.331215e+00,6.331220e+00,6.331055e+00
1.797742e+01,6.218525e+00,6.218684e+00,6.218689e+00,6.218521e+00
1.830265e+01,6.107996e+00,6.108152e+00,6.108158e+00,6.107987e+00
1.863375e+01,5.999431e+00,5.999584e+00,5.999589e+00,5.999416e+00
1.897085e+01,5.892794e+00,5.892945e+00,5.892950e+00,5.892773e+00
1.931404e+01,5.788051e+00,5.788200e+00,5.788205e+00,5.788025e+00
1.966345e+01,5.685170e+00,5.685315e+00,5.685320e+00,5.685137e+00
2.001917e+01,5.584115e+00,5.584258e+00,5.584264e+00,5.584077e+00
2.038133e+01,5.484856e+00,5.484996e+00,5.485002e+00,5.484812e+00
2.075004e+01,5.387360e+00,5.387497e+00,5.387503e+00,5.387310e+00
2.112542e+01,5.291595e+00,5.291730e+00,5.291736e+00,5.291540e+00
2.150759e+01,5.197532e+00,5.197665e+00,5.197671e+00,5.197470e+00
2.189668e+01,5.105139e+00,5.105270e+00,5.105276e+00,5.105072e+00
2.229280e+01,5.014387e+00,5.014516e+00,5.014522e+00,5.014314e+00
2.269609e+01,4.925248e+00,4.925374e+00,4.925380e+00,4.925169e+00
2.310668e+01,4.837691e+00,4.837815e+00,4.837822e+00,4.837606e+00
2.352469e+01,4.751690e+00,4.751811e+00,4.751818e+00,4.751599e+00
2.395027e+01,4.667216e+00,4.667335e+00,4.667342e+00,4.667119e+00
2.438354e+01,4.584242e+00,4.584360e+00,4.584367e+00,4.584139e+00
2.482465e+01,4.502742e+00,4.502858e+00,4.502865e+00,4.502633e+00
2.527375e+01,4.422690e+00,4.422803e+00,4.422810e+00,4.422575e+00
2.573096e+01,4.344059e+00,4.344170e+00,4.344178e+00,4.343938e+00
2.619645e+01,4.266825e+00,4.266934e+00,4.266941e+00,4.266697e+00
2.667036e+01,4.190962e+00,4.191069e+00,4.191077e+00,4.190828e+00
2.715285e+01,4.116446e+00,4.116551e+00,4.116559e+00,4.116306e+00
2.764406e+01,4.043254e+00,4.043357e+00,4.043365e+00,4.043107e+00
2.814415e+01,3.971361e+00,3.971463e+00,3.971471e+00,3.971208e+00
2.865330e+01,3.900745e+00,3.900845e+00,3.900853e+00,3.900586e+00
2.917165e+01,3.831383e+00,3.831481e+00,3.831489e+00,3.831217e+00
2.969939e+01,3.763253e+00,3.763349e+00,3.763357e+00,3.763080e+00
3.023667e+01,3.696332e+00,3.696426e+00,3.696435e+00,3.696153e+00
3.078367e+01,3.630599e+00,3.630692e+00,3.630701e+00,3.630414e+00
3.134056e+01,3.566034e+00,3.566125e+00,3.566134e+00,3.565842e+00
3.190753e+01,3.502615e+00,3.502704e+00,3.502713e+00,3.502416e+00
3.248476e+01,3.440321e+00,3.440409e+00,3.440419e+00,3.440116e+00
3.307243e+01,3.379134e+00,3.379220e+00,3.379230e+00,3.378922e+00
3.367073e+01,3.319033e+00,3.319118e+00,3.319127e+00,3.318814e+00
3.427985e+01,3.259999e+00,3.260082e+00,3.260092e+00,3.259772e+00
3.489999e+01,3.202013e+00,3.202094e+00,3.202105e+00,3.201779e+00
3.553136e+01,3.145056e+00,3.145136e+00,3.145146e+00,3.144815e+00
3.617414e+01,3.089110e+00,3.089189e+00,3.089199e+00,3.088862e+00
3.682855e+01,3.034157e+00,3.034234e+00,3.034245e+00,3.033902e+00
3.749480e+01,2.980179e+00,2.980256e+00,2.980266e+00,2.979917e+00
3.817311e+01,2.927160e+00,2.927235e+00,2.927246e+00,2.926890e+00
3.886368e+01,2.875081e+00,2.875155e+00,2.875166e+00,2.874804e+00
3.956675e+01,2.823927e+00,2.823999e+00,2.824010e+00,2.823642e+00
4.028254e+01,2.773680e+00,2.773751e+00,2.773763e+00,2.773387e+00
4.101127e+01,2.724325e+00,2.724395e+00,2.724407e+00,2.724024e+00
4.175319e+01,2.675846e+00,2.675915e+00,2.675927e+00,2.675537e+00
4.250853e+01,2.628227e+00,2.628294e+00,2.628307e+00,2.627910e+00
4.327753e+01,2.581453e+00,2.581519e+00,2.581531e+00,2.581128e+00
4.406045e+01,2.535508e+00,2.535573e+00,2.535586e+00,2.535175e+00
4.485753e+01,2.490379e+00,2.490443e+00,2.490456e+00,2.490038e+00
4.566903e+01,2.446050e+00,2.446113e+00,2.446126e+00,2.445700e+00
4.649521e+01,2.402508e+00,2.402570e+00,2.402583e+00,2.402149e+00
4.733634e+01,2.359738e+00,2.359798e+00,2.359812e+00,2.359370e+00
4.819268e+01,2.317726e+00,2.317786e+00,2.317800e+00,2.317350e+00
4.906452e+01,2.276460e+00,2.276518e+00,2.276532e+00,2.276075e+00
4.995212e+01,2.235925e+00,2.235982e+00,2.235997e+00,2.235531e+00
5.085579e+01,2.196109e+00,2.196165e+00,2.196180e+00,2.195706e+00
5.177580e+01,2.156999e+00,2.157055e+00,2.157069e+00,2.156586e+00
5.271245e+01,2.118583e+00,2.118637e+00,2.118652e+00,2.118160e+00
5.366605e+01,2.080847e+00,2.080900e+00,2.080916e+00,2.080415e+00
5.463691e+01,2.043781e+00,2.043833e+00,2.043849e+00,2.043339e+00
5.562532e+01,2.007371e+00,2.007422e+00,2.007438e+00,2.006919e+00
5.663162e+01,1.971607e+00,1.971657e+00,1.971673e+00,1.971145e+00
5.765612e+01,1.936476e+00,1.936526e+00,1.936542e+00,1.936004e+00
5.869915e+01,1.901968e+00,1.902017e+00,1.902034e+00,1.901486e+00
5.976105e+01,1.868072e+00,1.868120e+00,1.868137e+00,1.867579e+00
6.084217e+01,1.834776e+00,1.834823e+00,1.834840e+00,1.834272e+00
6.194284e+01,1.802069e+00,1.802116e+00,1.802133e+00,1.801555e+00
6.306342e+01,1.769943e+00,1.769988e+00,1.770006e+00,1.769417e+00
6.420428e+01,1.738385e+00,1.738429e+00,1.738448e+00,1.737848e+00
6.536577e+01,1.707386e+00,1.707429e+00,1.707448e+00,1.706838e+00
6.654828e+01,1.676935e+00,1.676978e+00,1.676997e+00,1.676376e+00
6.775218e+01,1.647024e+00,1.647067e+00,1.647086e+00,1.646453e+00
6.897785e+01,1.617643e+00,1.617684e+00,1.617704e+00,1.617060e+00
7.022570e+01,1.588781e+00,1.588822e+00,1.588842e+00,1.588186e+00
7.149613e+01,1.560430e+00,1.560471e+00,1.560491e+00,1.559823e+00
7.278954e+01,1.532581e+00,1.532621e+00,1.532641e+00,1.531962e+00
7.410635e+01,1.505225e+00,1.505264e+00,1.505285e+00,1.504592e+00
7.544697e+01,1.478352e+00,1.478390e+00,1.478412e+00,1.477707e+00
7.681186e+01,1.451955e+00,1.451992e+00,1.452014e+00,1.451297e+00
7.820143e+01,1.426025e+00,1.426061e+00,1.426084e+00,1.425353e+00
7.961614e+01,1.400553e+00,1.400589e+00,1.400611e+00,1.399867e+00
8.105644e+01,1.375531e+00,1.375566e+00,1.375589e+00,1.374832e+00
8.252280e+01,1.350952e+00,1.350986e+00,1.351010e+00,1.350239e+00
8.401569e+01,1.326807e+00,1.326841e+00,1.326864e+00,1.326079e+00
8.553558e+01,1.303088e+00,1.303122e+00,1.303146e+00,1.302346e+00
8.708298e+01,1.279789e+00,1.279821e+00,1.279846e+00,1.279032e+00
8.865836e+01,1.256900e+00,1.256933e+00,1.256958e+00,1.256129e+00
9.026224e+01,1.234416e+00,1.234448e+00,1.234474e+00,1.233630e+00
9.189514e+01,1.212329e+00,1.212361e+00,1.212386e+00,1.211527e+00
9.355758e+01,1.190632e+00,1.190663e+00,1.190689e+00,1.189814e+00
9.525009e+01,1.169318e+00,1.169348e+00,1.169374e+00,1.168483e+00
9.697322e+01,1.148379e+00,1.148409e+00,1.148436e+00,1.147529e+00
9.872753e+01,1.127810e+00,1.127839e+00,1.127867e+00,1.126943e+00
1.005136e+02,1.107604e+00,1.107632e+00,1.107660e+00,1.106720e+00
1.023319e+02,1.087753e+00,1.087782e+00,1.087810e+00,1.086852e+00
1.041832e+02,1.068253e+00,1.068281e+00,1.068309e+00,1.067334e+00
1.060679e+02,1.049096e+00,1.049123e+00,1.049152e+00,1.048159e+00
1.079867e+02,1.030276e+00,1.030303e+00,1.030333e+00,1.029322e+00
1.099403e+02,1.011788e+00,1.011814e+00,1.011844e+00,1.010815e+00
1.119292e+02,9.936254e-01,9.936511e-01,9.936817e-01,9.926332e-01
1.139540e+02,9.757822e-01,9.758074e-01,9.758385e-01,9.747708e-01
1.160155e+02,9.582528e-01,9.582776e-01,9.583091e-01,9.572219e-01
1.181143e+02,9.410317e-01,9.410560e-01,9.410880e-01,9.399810e-01
1.202511e+02,9.241132e-01,9.241371e-01,9.241697e-01,9.230423e-01
1.224265e+02,9.074921e-01,9.075155e-01,9.075486e-01,9.064006e-01
1.246413e+02,8.911629e-01,8.911859e-01,8.912194e-01,8.900504e-01
1.268961e+02,8.751204e-01,8.751430e-01,8.751770e-01,8.739866e-01
1.291917e+02,8.593594e-01,8.593817e-01,8.594162e-01,8.582040e-01
1.315289e+02,8.438750e-01,8.438969e-01,8.439319e-01,8.426974e-01
1.339083e+02,8.286622e-01,8.286836e-01,8.287191e-01,8.274620e-01
1.363308e+02,8.137160e-01,8.137371e-01,8.137731e-01,8.124929e-01
1.387971e+02,7.990317e-01,7.990524e-01,7.990889e-01,7.977852e-01
1.413080e+02,7.846045e-01,7.846249e-01,7.846619e-01,7.833343e-01
1.438644e+02,7.704300e-01,7.704500e-01,7.704875e-01,7.691355e-01
1.464670e+02,7.565034e-01,7.565231e-01,7.565612e-01,7.551842e-01
1.491167e+02,7.428205e-01,7.428398e-01,7.428783e-01,7.414761e-01
1.518143e+02,7.293767e-01,7.293957e-01,7.294347e-01,7.280067e-01
1.545607e+02,7.161678e-01,7.161864e-01,7.162260e-01,7.147717e-01
1.573568e+02,7.031896e-01,7.032079e-01,7.032480e-01,7.017668e-01
1.602034e+02,6.904379e-01,6.904559e-01,6.904965e-01,6.889880e-01
1.631016e+02,6.779086e-01,6.779263e-01,6.779674e-01,6.764311e-01
1.660522e+02,6.655977e-01,6.656151e-01,6.656568e-01,6.640921e-01
1.690562e+02,6.535014e-01,6.535185e-01,6.535606e-01,6.519671e-01
1.721145e+02,6.416157e-01,6.416325e-01,6.416752e-01,6.400521e-01
1.752282e+02,6.299369e-01,6.299534e-01,6.299965e-01,6.283435e-01
1.783982e+02,6.184612e-01,6.184774e-01,6.185211e-01,6.168374e-01
1.816255e+02,6.071850e-01,6.072010e-01,6.072451e-01,6.055303e-01
1.849112e+02,5.961047e-01,5.961204e-01,5.961649e-01,5.944184e-01
1.882564e+02,5.852168e-01,5.852321e-01,5.852772e-01,5.834982e-01
1.916621e+02,5.745177e-01,5.745328e-01,5.745783e-01,5.727664e-01
1.951293e+02,5.640042e-01,5.640190e-01,5.640650e-01,5.622193e-01
1.986593e+02,5.536728e-01,5.536873e-01,5.537338e-01,5.518538e-01
2.022532e+02,5.435203e-01,5.435346e-01,5.435814e-01,5.416666e-01
2.059121e+02,5.335434e-01,5.335575e-01,5.336048e-01,5.316543e-01
2.096372e+02,5.237391e-01,5.237529e-01,5.238006e-01,5.218138e-01
2.134296e+02,5.141041e-01,5.141177e-01,5.141658e-01,5.121420e-01
2.172907e+02,5.046356e-01,5.046489e-01,5.046974e-01,5.026358e-01
2.212216e+02,4.953303e-01,4.953435e-01,4.953923e-01,4.932922e-01
2.252237e+02,4.861856e-01,4.861985e-01,4.862477e-01,4.841083e-01
2.292981e+02,4.771983e-01,4.772110e-01,4.772606e-01,4.750812e-01
2.334462e+02,4.683658e-01,4.683783e-01,4.684282e-01,4.662081e-01
2.376694e+02,4.596853e-01,4.596976e-01,4.597477e-01,4.574860e-01
2.419690e+02,4.511540e-01,4.511660e-01,4.512164e-01,4.489124e-01
2.463464e+02,4.427692e-01,4.427811e-01,4.428317e-01,4.404845e-01
2.508029e+02,4.345284e-01,4.345400e-01,4.345909e-01,4.321996e-01
2.553401e+02,4.264289e-01,4.264403e-01,4.264914e-01,4.240552e-01
2.599594e+02,4.184683e-01,4.184795e-01,4.185307e-01,4.160487e-01
2.646622e+02,4.106440e-01,4.106551e-01,4.107064e-01,4.081777e-01
2.694501e+02,4.029537e-01,4.029645e-01,4.030160e-01,4.004397e-01
2.743246e+02,3.953949e-01,3.954055e-01,3.954571e-01,3.928322e-01
2.792873e+02,3.879653e-01,3.879758e-01,3.880273e-01,3.853530e-01
2.843398e+02,3.806626e-01,3.806729e-01,3.807245e-01,3.779997e-01
2.894836e+02,3.734846e-01,3.734948e-01,3.735463e-01,3.707701e-01
2.947206e+02,3.664291e-01,3.664391e-01,3.664905e-01,3.636618e-01
3.000522e+02,3.594939e-01,3.595037e-01,3.595550e-01,3.566728e-01
3.054804e+02,3.526769e-01,3.526865e-01,3.527377e-01,3.498010e-01
3.110067e+02,3.459760e-01,3.459854e-01,3.460364e-01,3.430441e-01
3.166330e+02,3.393891e-01,3.393984e-01,3.394491e-01,3.364002e-01
3.223611e+02,3.329144e-01,3.329236e-01,3.329740e-01,3.298672e-01
3.281928e+02,3.265498e-01,3.265588e-01,3.266089e-01,3.234432e-01
3.341300e+02,3.202935e-01,3.203023e-01,3.203519e-01,3.171262e-01
3.401746e+02,3.141435e-01,3.141521e-01,3.142013e-01,3.109143e-01
3.463286e+02,3.080980e-01,3.081065e-01,3.081551e-01,3.048058e-01
3.525939e+02,3.021552e-01,3.021636e-01,3.022117e-01,2.987987e-01
3.589725e+02,2.963134e-01,2.963216e-01,2.963691e-01,2.928912e-01
3.654665e+02,2.905708e-01,2.905789e-01,2.906257e-01,2.870817e-01
3.720780e+02,2.849258e-01,2.849338e-01,2.849798e-01,2.813685e-01
3.788092e+02,2.793767e-01,2.793846e-01,2.794297e-01,2.757498e-01
3.856620e+02,2.739219e-01,2.739296e-01,2.739738e-01,2.702240e-01
3.926389e+02,2.685598e-01,2.685674e-01,2.686107e-01,2.647895e-01
3.997420e+02,2.632889e-01,2.632963e-01,2.633386e-01,2.594448e-01
4.069736e+02,2.581076e-01,2.581149e-01,2.581561e-01,2.541883e-01
4.143359e+02,2.530145e-01,2.530217e-01,2.530617e-01,2.490186e-01
4.218315e+02,2.480081e-01,2.480152e-01,2.480539e-01,2.439341e-01
4.294627e+02,2.430870e-01,2.430940e-01,2.431314e-01,2.389334e-01
4.372320e+02,2.382499e-01,2.382567e-01,2.382928e-01,2.340152e-01
4.451418e+02,2.334953e-01,2.335021e-01,2.335367e-01,2.291780e-01
4.531946e+02,2.288221e-01,2.288287e-01,2.288617e-01,2.244206e-01
4.613932e+02,2.242287e-01,2.242352e-01,2.242667e-01,2.197415e-01
4.697401e+02,2.197141e-01,2.197205e-01,2.197503e-01,2.151396e-01
4.782380e+02,2.152769e-01,2.152832e-01,2.153113e-01,2.106137e-01
4.868896e+02,2.109160e-01,2.109222e-01,2.109485e-01,2.061623e-01
4.956977e+02,2.066302e-01,2.066363e-01,2.066607e-01,2.017845e-01
5.046652e+02,2.024183e-01,2.024243e-01,2.024467e-01,1.974790e-01
5.137949e+02,1.982792e-01,1.982851e-01,1.983055e-01,1.932447e-01
5.230897e+02,1.942118e-01,1.942176e-01,1.942359e-01,1.890804e-01
5.325527e+02,1.902150e-01,1.902207e-01,1.902369e-01,1.849852e-01
5.421869e+02,1.862878e-01,1.862934e-01,1.863074e-01,1.809578e-01
5.519954e+02,1.824291e-01,1.824346e-01,1.824464e-01,1.769974e-01
5.619814e+02,1.786379e-01,1.786433e-01,1.786528e-01,1.731029e-01
5.721479e+02,1.749132e-01,1.749185e-01,1.749257e-01,1.692733e-01
5.824984e+02,1.712541e-01,1.712593e-01,1.712641e-01,1.655076e-01
5.930362e+02,1.676596e-01,1.676647e-01,1.676671e-01,1.618049e-01
6.037646e+02,1.641288e-01,1.641338e-01,1.641338e-01,1.581642e-01
6.146870e+02,1.606608e-01,1.606657e-01,1.606631e-01,1.545848e-01
6.258071e+02,1.572546e-01,1.572594e-01,1.572544e-01,1.510656e-01
6.371283e+02,1.539094e-01,1.539142e-01,1.539066e-01,1.476058e-01
6.486544e+02,1.506244e-01,1.506290e-01,1.506190e-01,1.442047e-01
6.603889e+02,1.473986e-01,1.474032e-01,1.473906e-01,1.408612e-01
6.723358e+02,1.442313e-01,1.442358e-01,1.442207e-01,1.375747e-01
6.844987e+02,1.411217e-01,1.411261e-01,1.411085e-01,1.343443e-01
6.968817e+02,1.380688e-01,1.380732e-01,1.380531e-01,1.311692e-01
7.094887e+02,1.350721e-01,1.350763e-01,1.350538e-01,1.280487e-01
7.223238e+02,1.321306e-01,1.321348e-01,1.321098e-01,1.249820e-01
7.353911e+02,1.292436e-01,1.292477e-01,1.292204e-01,1.219684e-01
7.486947e+02,1.264103e-01,1.264143e-01,1.263847e-01,1.190071e-01
7.622391e+02,1.236300e-01,1.236340e-01,1.236021e-01,1.160973e-01
7.760284e+02,1.209019e-01,1.209058e-01,1.208718e-01,1.132385e-01
7.900673e+02,1.182254e-01,1.182292e-01,1.181931e-01,1.104298e-01
8.043601e+02,1.155996e-01,1.156034e-01,1.155653e-01,1.076706e-01
8.189114e+02,1.130240e-01,1.130276e-01,1.129876e-01,1.049601e-01
8.337260e+02,1.104976e-01,1.105012e-01,1.104594e-01,1.022977e-01
8.488086e+02,1.080199e-01,1.080235e-01,1.079799e-01,9.968269e-02
8.641641e+02,1.055902e-01,1.055937e-01,1.055485e-01,9.711440e-02
8.797973e+02,1.032077e-01,1.032111e-01,1.031646e-01,9.459213e-02
8.957134e+02,1.008718e-01,1.008751e-01,1.008273e-01,9.211524e-02
9.119174e+02,9.858176e-02,9.858504e-02,9.853601e-02,8.968303e-02
9.284145e+02,9.633691e-02,9.634013e-02,9.629010e-02,8.729486e-02
9.452101e+02,9.413659e-02,9.413975e-02,9.408887e-02,8.495004e-02
9.623095e+02,9.198012e-02,9.198321e-02,9.193166e-02,8.264793e-02
9.797183e+02,8.986682e-02,8.986985e-02,8.981779e-02,8.038784e-02
9.974420e+02,8.779604e-02,8.779901e-02,8.774662e-02,7.816914e-02
1.015486e+03,8.576710e-02,8.577002e-02,8.571747e-02,7.599114e-02
1.033857e+03,8.377936e-02,8.378221e-02,8.372969e-02,7.385320e-02
1.052560e+03,8.183214e-02,8.183494e-02,8.178264e-02,7.175465e-02
1.071602e+03,7.992481e-02,7.992755e-02,7.987565e-02,6.969483e-02
1.090988e+03,7.805671e-02,7.805939e-02,7.800809e-02,6.767307e-02
1.110724e+03,7.622719e-02,7.622982e-02,7.617930e-02,6.568873e-02
1.130818e+03,7.443562e-02,7.443819e-02,7.438864e-02,6.374113e-02
1.151275e+03,7.268135e-02,7.268386e-02,7.263548e-02,6.182961e-02
1.172102e+03,7.096374e-02,7.096621e-02,7.091918e-02,5.995353e-02
1.193306e+03,6.928218e-02,6.928459e-02,6.923909e-02,5.811221e-02
1.214894e+03,6.763602e-02,6.763839e-02,6.759460e-02,5.630500e-02
1.236872e+03,6.602466e-02,6.602697e-02,6.598507e-02,5.453125e-02
1.259248e+03,6.444747e-02,6.444973e-02,6.440988e-02,5.279030e-02
1.282028e+03,6.290383e-02,6.290605e-02,6.286842e-02,5.108150e-02
1.305221e+03,6.139315e-02,6.139532e-02,6.136006e-02,4.940421e-02
1.328833e+03,5.991482e-02,5.991694e-02,5.988421e-02,4.775779e-02
1.352873e+03,5.846825e-02,5.847032e-02,5.844024e-02,4.614160e-02
1.377347e+03,5.705284e-02,5.705486e-02,5.702757e-02,4.455502e-02
1.402264e+03,5.566802e-02,5.566999e-02,5.564561e-02,4.299743e-02
1.427632e+03,5.431320e-02,5.431513e-02,5.429375e-02,4.146821e-02
1.453459e+03,5.298782e-02,5.298970e-02,5.297142e-02,3.996677e-02
1.479753e+03,5.169131e-02,5.169315e-02,5.167805e-02,3.849253e-02
1.506522e+03,5.042312e-02,5.042492e-02,5.041307e-02,3.704491e-02
1.533776e+03,4.918270e-02,4.918446e-02,4.917591e-02,3.562335e-02
1.561523e+03,4.796952e-02,4.797123e-02,4.796602e-02,3.422734e-02
1.589772e+03,4.678303e-02,4.678471e-02,4.678285e-02,3.285634e-02
1.618532e+03,4.562272e-02,4.562436e-02,4.562588e-02,3.150988e-02
1.647812e+03,4.448807e-02,4.448967e-02,4.449456e-02,3.018748e-02
1.677622e+03,4.337858e-02,4.338014e-02,4.338837e-02,2.888872e-02
1.707971e+03,4.229375e-02,4.229527e-02,4.230681e-02,2.761319e-02
1.738869e+03,4.123308e-02,4.123456e-02,4.124936e-02,2.636054e-02
1.770327e+03,4.019610e-02,4.019755e-02,4.021553e-02,2.513043e-02
1.802353e+03,3.918233e-02,3.918375e-02,3.920483e-02,2.392260e-02
1.834959e+03,3.819132e-02,3.819270e-02,3.821679e-02,2.273682e-02
1.868154e+03,3.722260e-02,3.722395e-02,3.725094e-02,2.157293e-02
1.901950e+03,3.627574e-02,3.627705e-02,3.630682e-02,2.043080e-02
1.936357e+03,3.535029e-02,3.535157e-02,3.538397e-02,1.931042e-02
1.971387e+03,3.444584e-02,3.444708e-02,3.448196e-02,1.821181e-02
2.007051e+03,3.356194e-02,3.356316e-02,3.360036e-02,1.713510e-02
2.043360e+03,3.269821e-02,3.269939e-02,3.273874e-02,1.608050e-02
2.080325e+03,3.185423e-02,3.185539e-02,3.189670e-02,1.504831e-02
2.117960e+03,3.102962e-02,3.103074e-02,3.107382e-02,1.403897e-02
2.156275e+03,3.022397e-02,3.022507e-02,3.026971e-02,1.305300e-02
2.195283e+03,2.943692e-02,2.943799e-02,2.948399e-02,1.209108e-02
2.234997e+03,2.866810e-02,2.866914e-02,2.871629e-02,1.115401e-02
2.275430e+03,2.791714e-02,2.791815e-02,2.796622e-02,1.024274e-02
2.316593e+03,2.718368e-02,2.718467e-02,2.723344e-02,9.358388e-03
2.358502e+03,2.646738e-02,2.646834e-02,2.651760e-02,8.502220e-03
2.401169e+03,2.576790e-02,2.576883e-02,2.581834e-02,7.675692e-03
2.444607e+03,2.508489e-02,2.508579e-02,2.513533e-02,6.880432e-03
2.488832e+03,2.441803e-02,2.441891e-02,2.446826e-02,6.118244e-03
2.533856e+03,2.376700e-02,2.376786e-02,2.381679e-02,5.391108e-03
2.579695e+03,2.313148e-02,2.313231e-02,2.318062e-02,4.701162e-03
2.626364e+03,2.251116e-02,2.251197e-02,2.255943e-02,4.050673e-03
2.673876e+03,2.190573e-02,2.190652e-02,2.195294e-02,3.441986e-03
2.722248e+03,2.131490e-02,2.131567e-02,2.136085e-02,2.877444e-03
2.771495e+03,2.073837e-02,2.073912e-02,2.078287e-02,2.359246e-03
2.821633e+03,2.017586e-02,2.017658e-02,2.021873e-02,1.889226e-03
2.872678e+03,1.962707e-02,1.962778e-02,1.966816e-02,1.468489e-03
2.924647e+03,1.909173e-02,1.909241e-02,1.913088e-02,1.096847e-03
2.977555e+03,1.856956e-02,1.857023e-02,1.860663e-02,7.719614e-04
3.031421e+03,1.806030e-02,1.806095e-02,1.809516e-02,4.881862e-04
3.086261e+03,1.756367e-02,1.756430e-02,1.759621e-02,2.353233e-04
3.142094e+03,1.707942e-02,1.708004e-02,1.710955e-02,nan
3.198936e+03,1.660730e-02,1.660789e-02,1.663492e-02,nan
3.256807e+03,1.614704e-02,1.614762e-02,1.617209e-02,nan
3.315724e+03,1.569840e-02,1.569896e-02,1.572082e-02,nan
3.375708e+03,1.526113e-02,1.526168e-02,1.528089e-02,nan
3.436776e+03,1.483500e-02,1.483553e-02,1.485207e-02,nan
3.498950e+03,1.441977e-02,1.442028e-02,1.443414e-02,nan
3.562248e+03,1.401520e-02,1.401570e-02,1.402688e-02,nan
3.626691e+03,1.362107e-02,1.362155e-02,1.363007e-02,nan
3.692300e+03,1.323715e-02,1.323762e-02,1.324350e-02,nan
3.759096e+03,1.286322e-02,1.286368e-02,1.286697e-02,nan
3.827100e+03,1.249906e-02,1.249951e-02,1.250027e-02,nan
3.896335e+03,1.214446e-02,1.214490e-02,1.214319e-02,nan
3.966822e+03,1.179922e-02,1.179964e-02,1.179553e-02,nan
4.038584e+03,1.146311e-02,1.146352e-02,1.145711e-02,nan
4.111645e+03,1.113595e-02,1.113635e-02,1.112772e-02,nan
4.186027e+03,1.081753e-02,1.081792e-02,1.080717e-02,nan
4.261755e+03,1.050765e-02,1.050803e-02,1.049527e-02,nan
4.338852e+03,1.020613e-02,1.020649e-02,1.019184e-02,nan
4.417345e+03,9.912766e-03,9.913121e-03,9.896690e-03,nan
4.497257e+03,9.627385e-03,9.627729e-03,9.609639e-03,nan
4.578615e+03,9.349799e-03,9.350133e-03,9.330508e-03,nan
4.661445e+03,9.079830e-03,9.080155e-03,9.059118e-03,nan
4.745774e+03,8.817303e-03,8.817618e-03,8.795296e-03,nan
4.831627e+03,8.562044e-03,8.562350e-03,8.538868e-03,nan
4.919034e+03,8.313884e-03,8.314182e-03,8.289664e-03,nan
5.008023e+03,8.072656e-03,8.072945e-03,8.047517e-03,nan
5.098621e+03,7.838197e-03,7.838477e-03,7.812260e-03,nan
5.190858e+03,7.610345e-03,7.610618e-03,7.583730e-03,nan
5.284764e+03,7.388944e-03,7.389208e-03,7.361766e-03,nan
5.380368e+03,7.173836e-03,7.174093e-03,7.146209e-03,nan
5.477703e+03,6.964871e-03,6.965120e-03,6.936903e-03,nan
5.576797e+03,6.761899e-03,6.762141e-03,6.733694e-03,nan
5.677685e+03,6.564772e-03,6.565007e-03,6.536430e-03,nan
5.780398e+03,6.373347e-03,6.373574e-03,6.344961e-03,nan
5.884969e+03,6.187480e-03,6.187701e-03,6.159142e-03,nan
5.991431e+03,6.007034e-03,6.007248e-03,5.978826e-03,nan
6.099820e+03,5.831870e-03,5.832079e-03,5.803873e-03,nan
6.210169e+03,5.661856e-03,5.662058e-03,5.634142e-03,nan
6.322515e+03,5.496858e-03,5.497055e-03,5.469495e-03,nan
6.436893e+03,5.336748e-03,5.336939e-03,5.309799e-03,nan
6.553341e+03,5.181398e-03,5.181583e-03,5.154920e-03,nan
6.671894e+03,5.030683e-03,5.030863e-03,5.004728e-03,nan
6.792593e+03,4.884481e-03,4.884656e-03,4.859096e-03,nan
6.915475e+03,4.742672e-03,4.742842e-03,4.717899e-03,nan
7.040580e+03,4.605138e-03,4.605303e-03,4.581013e-03,nan
7.167949e+03,4.471764e-03,4.471923e-03,4.448319e-03,nan
7.297621e+03,4.342435e-03,4.342590e-03,4.319699e-03,nan
7.429640e+03,4.217041e-03,4.217192e-03,4.195037e-03,nan
7.564046e+03,4.095473e-03,4.095619e-03,4.074220e-03,nan
7.700884e+03,3.977624e-03,3.977766e-03,3.957138e-03,nan
7.840198e+03,3.863390e-03,3.863528e-03,3.843683e-03,nan
7.982032e+03,3.752669e-03,3.752803e-03,3.733749e-03,nan
8.126432e+03,3.645359e-03,3.645490e-03,3.627231e-03,nan
8.273444e+03,3.541364e-03,3.541491e-03,3.524031e-03,nan
8.423115e+03,3.440587e-03,3.440710e-03,3.424048e-03,nan
8.575495e+03,3.342935e-03,3.343055e-03,3.327186e-03,nan
8.730630e+03,3.248316e-03,3.248432e-03,3.233352e-03,nan
8.888573e+03,3.156640e-03,3.156753e-03,3.142453e-03,nan
9.049372e+03,3.067819e-03,3.067929e-03,3.054400e-03,nan
9.213081e+03,2.981769e-03,2.981876e-03,2.969106e-03,nan
9.379751e+03,2.898405e-03,2.898509e-03,2.886485e-03,nan
9.549437e+03,2.817647e-03,2.817748e-03,2.806455e-03,nan
9.722192e+03,2.739414e-03,2.739512e-03,2.728936e-03,nan
9.898072e+03,2.663629e-03,2.663725e-03,2.653847e-03,nan
1.007713e+04,2.590217e-03,2.590310e-03,2.581114e-03,nan
1.025944e+04,2.519104e-03,2.519194e-03,2.510661e-03,nan
1.044504e+04,2.450217e-03,2.450305e-03,2.442415e-03,nan
1.063399e+04,2.383488e-03,2.383573e-03,2.376307e-03,nan
1.082637e+04,2.318848e-03,2.318931e-03,2.312268e-03,nan
1.102222e+04,2.256230e-03,2.256311e-03,2.250231e-03,nan
1.122162e+04,2.195570e-03,2.195649e-03,2.190132e-03,nan
1.142463e+04,2.136806e-03,2.136883e-03,2.131908e-03,nan
1.163131e+04,2.079876e-03,2.079951e-03,2.075497e-03,nan
1.184172e+04,2.024722e-03,2.024794e-03,2.020840e-03,nan
1.205595e+04,1.971285e-03,1.971355e-03,1.967881e-03,nan
1.227405e+04,1.919509e-03,1.919578e-03,1.916563e-03,nan
1.249609e+04,1.869341e-03,1.869407e-03,1.866832e-03,nan
1.272215e+04,1.820727e-03,1.820792e-03,1.818635e-03,nan
1.295230e+04,1.773616e-03,1.773679e-03,1.771922e-03,nan
1.318662e+04,1.727958e-03,1.728020e-03,1.726643e-03,nan
1.342517e+04,1.683706e-03,1.683767e-03,1.682751e-03,nan
1.366804e+04,1.640813e-03,1.640872e-03,1.640200e-03,nan
1.391531e+04,1.599233e-03,1.599290e-03,1.598943e-03,nan
1.416704e+04,1.558922e-03,1.558978e-03,1.558939e-03,nan
1.442333e+04,1.519838e-03,1.519893e-03,1.520145e-03,nan
1.468426e+04,1.481940e-03,1.481993e-03,1.482520e-03,nan
1.494991e+04,1.445188e-03,1.445240e-03,1.446025e-03,nan
1.522036e+04,1.409543e-03,1.409593e-03,1.410622e-03,nan
1.549571e+04,1.374968e-03,1.375017e-03,1.376274e-03,nan
1.577603e+04,1.341427e-03,1.341475e-03,1.342946e-03,nan
1.606143e+04,1.308884e-03,1.308931e-03,1.310602e-03,nan
1.635199e+04,1.277307e-03,1.277353e-03,1.279211e-03,nan
1.664781e+04,1.246662e-03,1.246707e-03,1.248739e-03,nan
1.694898e+04,1.216918e-03,1.216961e-03,1.219156e-03,nan
1.725559e+04,1.188044e-03,1.188086e-03,1.190432e-03,nan
1.756776e+04,1.160011e-03,1.160052e-03,1.162537e-03,nan
1.788557e+04,1.132790e-03,1.132831e-03,1.135444e-03,nan
1.820913e+04,1.106354e-03,1.106394e-03,1.109126e-03,nan
1.853854e+04,1.080677e-03,1.080716e-03,1.083557e-03,nan
1.887392e+04,1.055732e-03,1.055770e-03,1.058711e-03,nan
1.921536e+04,1.031495e-03,1.031532e-03,1.034564e-03,nan
1.956298e+04,1.007943e-03,1.007979e-03,1.011093e-03,nan
1.991688e+04,9.850514e-04,9.850867e-04,9.882749e-04,nan
2.027719e+04,9.627989e-04,9.628333e-04,9.660885e-04,nan
2.064402e+04,9.411639e-04,9.411975e-04,9.445124e-04,nan
2.101748e+04,9.201257e-04,9.201586e-04,9.235264e-04,nan
2.139770e+04,8.996644e-04,8.996966e-04,9.031110e-04,nan
2.178480e+04,8.797609e-04,8.797924e-04,8.832473e-04,nan
2.217890e+04,8.603966e-04,8.604274e-04,8.639171e-04,nan
2.258013e+04,8.415537e-04,8.415838e-04,8.451029e-04,nan
2.298861e+04,8.232150e-04,8.232444e-04,8.267879e-04,nan
2.340449e+04,8.053639e-04,8.053927e-04,8.089558e-04,nan
2.382789e+04,7.879845e-04,7.880127e-04,7.915908e-04,nan
2.425895e+04,7.710614e-04,7.710890e-04,7.746779e-04,nan
2.469781e+04,7.545797e-04,7.546067e-04,7.582025e-04,nan
2.514461e+04,7.385253e-04,7.385517e-04,7.421506e-04,nan
2.559949e+04,7.228842e-04,7.229100e-04,7.265087e-04,nan
2.606260e+04,7.076433e-04,7.076686e-04,7.112637e-04,nan
2.653409e+04,6.927898e-04,6.928146e-04,6.964031e-04,nan
2.701411e+04,6.783114e-04,6.783356e-04,6.819148e-04,nan
2.750281e+04,6.641962e-04,6.642199e-04,6.677870e-04,nan
2.800035e+04,6.504328e-04,6.504561e-04,6.540087e-04,nan
2.850690e+04,6.370103e-04,6.370331e-04,6.405690e-04,nan
2.902260e+04,6.239181e-04,6.239404e-04,6.274574e-04,nan
2.954764e+04,6.111458e-04,6.111677e-04,6.146639e-04,nan
3.008217e+04,5.986838e-04,5.987052e-04,6.021788e-04,nan
3.062638e+04,5.865224e-04,5.865434e-04,5.899928e-04,nan
3.118043e+04,5.746527e-04,5.746733e-04,5.780969e-04,nan
3.174450e+04,5.630658e-04,5.630859e-04,5.664824e-04,nan
3.231878e+04,5.517532e-04,5.517729e-04,5.551409e-04,nan
3.290345e+04,5.407068e-04,5.407261e-04,5.440645e-04,nan
3.349869e+04,5.299186e-04,5.299375e-04,5.332452e-04,nan
3.410470e+04,5.193811e-04,5.193997e-04,5.226758e-04,nan
3.472167e+04,5.090870e-04,5.091052e-04,5.123488e-04,nan
3.534981e+04,4.990292e-04,4.990471e-04,5.022574e-04,nan
3.598931e+04,4.892009e-04,4.892184e-04,4.923948e-04,nan
3.664038e+04,4.795956e-04,4.796127e-04,4.827546e-04,nan
3.730323e+04,4.702069e-04,4.702237e-04,4.733304e-04,nan
3.797806e+04,4.610287e-04,4.610452e-04,4.641163e-04,nan
3.866511e+04,4.520551e-04,4.520713e-04,4.551065e-04,nan
3.936458e+04,4.432805e-04,4.432963e-04,4.462952e-04,nan
4.007671e+04,4.346993e-04,4.347149e-04,4.376772e-04,nan
4.080173e+04,4.263063e-04,4.263216e-04,4.292470e-04,nan
4.153985e+04,4.180963e-04,4.181113e-04,4.209998e-04,nan
4.229133e+04,4.100645e-04,4.100792e-04,4.129305e-04,nan
4.305641e+04,4.022060e-04,4.022204e-04,4.050345e-04,nan
4.383533e+04,3.945162e-04,3.945303e-04,3.973072e-04,nan
4.462833e+04,3.869907e-04,3.870046e-04,3.897441e-04,nan
4.543569e+04,3.796252e-04,3.796388e-04,3.823411e-04,nan
4.625765e+04,3.724155e-04,3.724288e-04,3.750939e-04,nan
4.709448e+04,3.653576e-04,3.653707e-04,3.679987e-04,nan
4.794644e+04,3.584477e-04,3.584605e-04,3.610515e-04,nan
4.881382e+04,3.516818e-04,3.516944e-04,3.542486e-04,nan
4.969689e+04,3.450565e-04,3.450689e-04,3.475864e-04,nan
5.059594e+04,3.385682e-04,3.385804e-04,3.410614e-04,nan
5.151125e+04,3.322135e-04,3.322254e-04,3.346702e-04,nan
5.244312e+04,3.259891e-04,3.260008e-04,3.284095e-04,nan
5.339185e+04,3.198918e-04,3.199032e-04,3.222761e-04,nan
5.435774e+04,3.139184e-04,3.139297e-04,3.162671e-04,nan
5.534111e+04,3.080661e-04,3.080771e-04,3.103793e-04,nan
5.634226e+04,3.023319e-04,3.023427e-04,3.046099e-04,nan
5.736153e+04,2.967129e-04,2.967235e-04,2.989561e-04,nan
5.839923e+04,2.912065e-04,2.912170e-04,2.934152e-04,nan
5.945571e+04,2.858100e-04,2.858203e-04,2.879845e-04,nan
6.053130e+04,2.805209e-04,2.805309e-04,2.826615e-04,nan
6.162634e+04,2.753366e-04,2.753464e-04,2.774437e-04,nan
6.274120e+04,2.702547e-04,2.702644e-04,2.723287e-04,nan
6.387623e+04,2.652729e-04,2.652824e-04,2.673141e-04,nan
6.503179e+04,2.603889e-04,2.603982e-04,2.623977e-04,nan
6.620825e+04,2.556005e-04,2.556096e-04,2.575772e-04,nan
6.740600e+04,2.509055e-04,2.509145e-04,2.528506e-04,nan
6.862541e+04,2.463019e-04,2.463107e-04,2.482157e-04,nan
6.986689e+04,2.417876e-04,2.417962e-04,2.436705e-04,nan
7.113082e+04,2.373606e-04,2.373691e-04,2.392130e-04,nan
7.241762e+04,2.330191e-04,2.330274e-04,2.348413e-04,nan
7.372770e+04,2.287611e-04,2.287693e-04,2.305536e-04,nan
7.506148e+04,2.245849e-04,2.245929e-04,2.263480e-04,nan
7.641939e+04,2.204886e-04,2.204965e-04,2.222228e-04,nan
7.780186e+04,2.164706e-04,2.164784e-04,2.181763e-04,nan
7.920934e+04,2.125292e-04,2.125368e-04,2.142067e-04,nan
8.064229e+04,2.086628e-04,2.086703e-04,2.103125e-04,nan
8.210116e+04,2.048697e-04,2.048771e-04,2.064920e-04,nan
8.358642e+04,2.011485e-04,2.011557e-04,2.027438e-04,nan
8.509855e+04,1.974976e-04,1.975047e-04,1.990662e-04,nan
8.663803e+04,1.939156e-04,1.939225e-04,1.954579e-04,nan
8.820536e+04,1.904009e-04,1.904077e-04,1.919175e-04,nan
8.980105e+04,1.869524e-04,1.869590e-04,1.884434e-04,nan
9.142561e+04,1.835684e-04,1.835750e-04,1.850344e-04,nan
9.307955e+04,1.802479e-04,1.802543e-04,1.816891e-04,nan
9.476342e+04,1.769894e-04,1.769957e-04,1.784062e-04,nan
9.647774e+04,1.737917e-04,1.737979e-04,1.751845e-04,nan
9.822309e+04,1.706535e-04,1.706596e-04,1.720227e-04,nan
1.000000e+05,1.675738e-04,1.675798e-04,1.689197e-04,nan
