t_s,r_cmd,alpha,v_bus
0.000000e+00,0.4000,0.480000,14.66672
5.100000e-06,0.4000,0.480000,14.66672
1.010000e-05,0.4000,0.480000,14.66672
1.510000e-05,0.4000,0.480000,14.66672
2.020000e-05,0.4000,0.480000,14.66672
2.530000e-05,0.4000,0.480000,14.66672
3.040000e-05,0.4000,0.480000,14.66672
3.540000e-05,0.4000,0.480000,14.66672
4.040000e-05,0.4000,0.480000,14.66672
4.540000e-05,0.4000,0.480000,14.66672
5.040000e-05,0.4000,0.480000,14.66672
5.540000e-05,0.4000,0.480000,14.66672
6.040000e-05,0.4000,0.480000,14.66672
6.540000e-05,0.4000,0.480000,14.66672
7.040000e-05,0.4000,0.480000,14.66672
7.540000e-05,0.4000,0.480000,14.66672
8.040000e-05,0.4000,0.480000,14.66672
8.540000e-05,0.4000,0.480000,14.66672
9.040000e-05,0.4000,0.480000,14.66672
9.540000e-05,0.4000,0.480000,14.66672
1.004000e-04,0.4000,0.480000,14.66672
1.054000e-04,0.4000,0.480000,14.66672
1.104000e-04,0.4000,0.480000,14.66672
1.154000e-04,0.4000,0.480000,14.66672
1.204000e-04,0.4000,0.480000,14.66672
1.254000e-04,0.4000,0.480000,14.66672
1.304000e-04,0.4000,0.480000,14.66672
1.354000e-04,0.4000,0.480000,14.66672
1.404000e-04,0.4000,0.480000,14.66672
1.454000e-04,0.4000,0.480000,14.66672
1.504000e-04,0.4000,0.480000,14.66672
1.554000e-04,0.4000,0.480000,14.66672
1.604000e-04,0.4000,0.480000,14.66672
1.654000e-04,0.4000,0.480000,14.66672
1.704000e-04,0.4000,0.480000,14.66672
1.754000e-04,0.4000,0.480000,14.66672
1.804000e-04,0.4000,0.480000,14.66672
1.854000e-04,0.4000,0.480000,14.66672
1.904000e-04,0.4000,0.480000,14.66672
1.954000e-04,0.4000,0.480000,14.66672
2.004000e-04,0.4000,0.480000,14.66672
2.054000e-04,0.4000,0.480000,14.66672
2.104000e-04,0.4000,0.480000,14.66672
2.154000e-04,0.4000,0.480000,14.66672
2.204000e-04,0.4000,0.480000,14.66672
2.254000e-04,0.4000,0.480000,14.66672
2.304000e-04,0.4000,0.480000,14.66672
2.354000e-04,0.4000,0.480000,14.66672
2.404000e-04,0.4000,0.480000,14.66672
2.454000e-04,0.4000,0.480000,14.66672
2.504000e-04,0.4000,0.480000,14.66672
2.554000e-04,0.4000,0.480000,14.66672
2.604000e-04,0.4000,0.480000,14.66672
2.654000e-04,0.4000,0.480000,14.66672
2.704000e-04,0.4000,0.480000,14.66672
2.754000e-04,0.4000,0.480000,14.66672
2.804000e-04,0.4000,0.480000,14.66672
2.854000e-04,0.4000,0.480000,14.66672
2.904000e-04,0.4000,0.480000,14.66672
2.954000e-04,0.4000,0.480000,14.66672
3.004000e-04,0.4000,0.480000,14.66672
3.054000e-04,0.4000,0.480000,14.66672
3.104000e-04,0.4000,0.480000,14.66672
3.154000e-04,0.4000,0.480000,14.66672
3.204000e-04,0.4000,0.480000,14.66672
3.254000e-04,0.4000,0.480000,14.66672
3.304000e-04,0.4000,0.480000,14.66672
3.354000e-04,0.4000,0.480000,14.66672
3.404000e-04,0.4000,0.480000,14.66672
3.454000e-04,0.4000,0.480000,14.66672
3.504000e-04,0.4000,0.480000,14.66672
3.554000e-04,0.4000,0.480000,14.66672
3.604000e-04,0.4000,0.480000,14.66672
3.654000e-04,0.4000,0.480000,14.66672
3.704000e-04,0.4000,0.480000,14.66672
3.754000e-04,0.4000,0.480000,14.66672
3.804000e-04,0.4000,0.480000,14.66672
3.854000e-04,0.4000,0.480000,14.66672
3.904000e-04,0.4000,0.480000,14.66672
3.954000e-04,0.4000,0.480000,14.66672
4.004000e-04,0.4000,0.480000,14.66672
4.054000e-04,0.4000,0.480000,14.66672
4.104000e-04,0.4000,0.480000,14.66672
4.154000e-04,0.4000,0.480000,14.66672
4.204000e-04,0.4000,0.480000,14.66672
4.254000e-04,0.4000,0.480000,14.66672
4.304000e-04,0.4000,0.480000,14.66672
4.354000e-04,0.4000,0.480000,14.66672
4.404000e-04,0.4000,0.480000,14.66672
4.454000e-04,0.4000,0.480000,14.66672
4.504000e-04,0.4000,0.480000,14.66672
4.554000e-04,0.4000,0.480000,14.66672
4.604000e-04,0.4000,0.480000,14.66672
4.654000e-04,0.4000,0.480000,14.66672
4.704000e-04,0.4000,0.480000,14.66672
4.754000e-04,0.4000,0.480000,14.66672
4.804000e-04,0.4000,0.480000,14.66672
4.854000e-04,0.4000,0.480000,14.66672
4.905000e-04,0.4000,0.480000,14.66672
4.956000e-04,0.4000,0.480000,14.66672
5.007000e-04,0.4000,0.480000,14.66672
5.058000e-04,0.4000,0.480000,14.66672
5.109000e-04,0.4000,0.480000,14.66672
5.160000e-04,0.4000,0.480000,14.66672
5.211000e-04,0.4000,0.480000,14.66672
5.262000e-04,0.4000,0.480000,14.66672
5.313000e-04,0.4000,0.480000,14.66672
5.364000e-04,0.4000,0.480000,14.66672
5.415000e-04,0.4000,0.480000,14.66672
5.466000e-04,0.4000,0.480000,14.66672
5.517000e-04,0.4000,0.480000,14.66672
5.568000e-04,0.4000,0.480000,14.66672
5.619000e-04,0.4000,0.480000,14.66672
5.670000e-04,0.4000,0.480000,14.66672
5.721000e-04,0.4000,0.480000,14.66672
5.772000e-04,0.4000,0.480000,14.66672
5.823000e-04,0.4000,0.480000,14.66672
5.874000e-04,0.4000,0.480000,14.66672
5.925000e-04,0.4000,0.480000,14.66672
5.976000e-04,0.4000,0.480000,14.66672
6.027000e-04,0.4000,0.480000,14.66672
6.078000e-04,0.4000,0.480000,14.66672
6.129000e-04,0.4000,0.480000,14.66672
6.180000e-04,0.4000,0.480000,14.66672
6.231000e-04,0.4000,0.480000,14.66672
6.282000e-04,0.4000,0.480000,14.66672
6.333000e-04,0.4000,0.480000,14.66672
6.384000e-04,0.4000,0.480000,14.66672
6.435000e-04,0.4000,0.480000,14.66672
6.486000e-04,0.4000,0.480000,14.66672
6.537000e-04,0.4000,0.480000,14.66672
6.588000e-04,0.4000,0.480000,14.66672
6.639000e-04,0.4000,0.480000,14.66672
6.690000e-04,0.4000,0.480000,14.66672
6.741000e-04,0.4000,0.480000,14.66672
6.792000e-04,0.4000,0.480000,14.66672
6.843000e-04,0.4000,0.480000,14.66672
6.894000e-04,0.4000,0.480000,14.66672
6.945000e-04,0.4000,0.480000,14.66672
6.996000e-04,0.4000,0.480000,14.66672
7.047000e-04,0.4000,0.480000,14.66672
7.098000e-04,0.4000,0.480000,14.66672
7.149000e-04,0.4000,0.480000,14.66672
7.200000e-04,0.4000,0.480000,14.66672
7.251000e-04,0.4000,0.480000,14.66672
7.302000e-04,0.4000,0.480000,14.66672
7.353000e-04,0.4000,0.480000,14.66672
7.404000e-04,0.4000,0.480000,14.66672
7.455000e-04,0.4000,0.480000,14.66672
7.506000e-04,0.4000,0.480000,14.66672
7.557000e-04,0.4000,0.480000,14.66672
7.608000e-04,0.4000,0.480000,14.66672
7.659000e-04,0.4000,0.480000,14.66672
7.710000e-04,0.4000,0.480000,14.66672
7.761000e-04,0.4000,0.480000,14.66672
7.812000e-04,0.4000,0.480000,14.66672
7.863000e-04,0.4000,0.480000,14.66672
7.914000e-04,0.4000,0.480000,14.66672
7.965000e-04,0.4000,0.480000,14.66672
8.016000e-04,0.4000,0.480000,14.66672
8.067000e-04,0.4000,0.480000,14.66672
8.118000e-04,0.4000,0.480000,14.66672
8.169000e-04,0.4000,0.480000,14.66672
8.220000e-04,0.4000,0.480000,14.66672
8.271000e-04,0.4000,0.480000,14.66672
8.322000e-04,0.4000,0.480000,14.66672
8.373000e-04,0.4000,0.480000,14.66672
8.424000e-04,0.4000,0.480000,14.66672
8.475000e-04,0.4000,0.480000,14.66672
8.526000e-04,0.4000,0.480000,14.66672
8.577000e-04,0.4000,0.480000,14.66672
8.628000e-04,0.4000,0.480000,14.66672
8.679000e-04,0.4000,0.480000,14.66672
8.730000e-04,0.4000,0.480000,14.66672
8.781000e-04,0.4000,0.480000,14.66672
8.832000e-04,0.4000,0.480000,14.66672
8.883000e-04,0.4000,0.480000,14.66672
8.934000e-04,0.4000,0.480000,14.66672
8.985000e-04,0.4000,0.480000,14.66672
9.036000e-04,0.4000,0.480000,14.66672
9.087000e-04,0.4000,0.480000,14.66672
9.138000e-04,0.4000,0.480000,14.66672
9.189000e-04,0.4000,0.480000,14.66672
9.240000e-04,0.4000,0.480000,14.66672
9.291000e-04,0.4000,0.480000,14.66672
9.342000e-04,0.4000,0.480000,14.66672
9.393000e-04,0.4000,0.480000,14.66672
9.444000e-04,0.4000,0.480000,14.66672
9.495000e-04,0.4000,0.480000,14.66672
9.546000e-04,0.4000,0.480000,14.66672
9.597000e-04,0.4000,0.480000,14.66672
9.648000e-04,0.4000,0.480000,14.66672
9.699000e-04,0.4000,0.480000,14.66672
9.750000e-04,0.4000,0.480000,14.66672
9.800000e-04,0.4000,0.480000,14.66672
9.850000e-04,0.4000,0.480000,14.66672
9.900000e-04,0.4000,0.480000,14.66672
9.950000e-04,0.4000,0.480000,14.66672
1.000000e-03,0.4000,0.480000,14.66672
1.005000e-03,0.6000,0.675151,14.66934
1.010000e-03,0.6000,0.675301,14.67188
1.015000e-03,0.6000,0.675446,14.67433
1.020000e-03,0.6000,0.675587,14.67671
1.025000e-03,0.6000,0.675724,14.67900
1.030000e-03,0.6000,0.675857,14.68122
1.035000e-03,0.6000,0.675986,14.68337
1.040000e-03,0.6000,0.676111,14.68545
1.045000e-03,0.6000,0.676233,14.68746
1.050000e-03,0.6000,0.676351,14.68940
1.055000e-03,0.6000,0.676465,14.69128
1.060000e-03,0.6000,0.676576,14.69310
1.065000e-03,0.6000,0.676684,14.69486
1.070000e-03,0.6000,0.676788,14.69656
1.075000e-03,0.6000,0.676889,14.69820
1.080000e-03,0.6000,0.676988,14.69979
1.085000e-03,0.6000,0.677083,14.70133
1.090000e-03,0.6000,0.677175,14.70282
1.095000e-03,0.6000,0.677265,14.70426
1.100000e-03,0.6000,0.677351,14.70565
1.105000e-03,0.6000,0.677435,14.70700
1.110000e-03,0.6000,0.677517,14.70830
1.115000e-03,0.6000,0.677596,14.70956
1.120000e-03,0.6000,0.677672,14.71078
1.125000e-03,0.6000,0.677747,14.71196
1.130000e-03,0.6000,0.677818,14.71310
1.135000e-03,0.6000,0.677888,14.71420
1.140000e-03,0.6000,0.677956,14.71527
1.145000e-03,0.6000,0.678021,14.71630
1.150000e-03,0.6000,0.678084,14.71730
1.155000e-03,0.6000,0.678146,14.71826
1.160000e-03,0.6000,0.678205,14.71919
1.165000e-03,0.6000,0.678263,14.72010
1.170000e-03,0.6000,0.678318,14.72097
1.175000e-03,0.6000,0.678373,14.72181
1.180000e-03,0.6000,0.678425,14.72263
1.185000e-03,0.6000,0.678476,14.72342
1.190000e-03,0.6000,0.678525,14.72418
1.195000e-03,0.6000,0.678572,14.72492
1.200000e-03,0.6000,0.678618,14.72564
1.205000e-03,0.6000,0.678663,14.72633
1.210000e-03,0.6000,0.678706,14.72700
1.215000e-03,0.6000,0.678748,14.72764
1.220000e-03,0.6000,0.678788,14.72827
1.225000e-03,0.6000,0.678827,14.72887
1.230000e-03,0.6000,0.678865,14.72946
1.235000e-03,0.6000,0.678902,14.73003
1.240000e-03,0.6000,0.678937,14.73057
1.245000e-03,0.6000,0.678972,14.73110
1.250000e-03,0.6000,0.679005,14.73161
1.255000e-03,0.6000,0.679037,14.73211
1.260000e-03,0.6000,0.679069,14.73259
1.265000e-03,0.6000,0.679099,14.73305
1.270000e-03,0.6000,0.679128,14.73350
1.275000e-03,0.6000,0.679156,14.73393
1.280000e-03,0.6000,0.679184,14.73435
1.285000e-03,0.6000,0.679210,14.73476
1.290000e-03,0.6000,0.679236,14.73515
1.295000e-03,0.6000,0.679261,14.73553
1.300000e-03,0.6000,0.679285,14.73590
1.305000e-03,0.6000,0.679308,14.73625
1.310000e-03,0.6000,0.679330,14.73659
1.315000e-03,0.6000,0.679352,14.73693
1.320000e-03,0.6000,0.679373,14.73725
1.325000e-03,0.6000,0.679394,14.73756
1.330000e-03,0.6000,0.679413,14.73786
1.335000e-03,0.6000,0.679433,14.73815
1.340000e-03,0.6000,0.679451,14.73843
1.345000e-03,0.6000,0.679469,14.73870
1.350000e-03,0.6000,0.679486,14.73896
1.355000e-03,0.6000,0.679503,14.73922
1.360000e-03,0.6000,0.679519,14.73946
1.365000e-03,0.6000,0.679535,14.73970
1.370000e-03,0.6000,0.679550,14.73993
1.375000e-03,0.6000,0.679565,14.74016
1.380000e-03,0.6000,0.679579,14.74037
1.385000e-03,0.6000,0.679593,14.74058
1.390000e-03,0.6000,0.679606,14.74078
1.395000e-03,0.6000,0.679619,14.74097
1.400000e-03,0.6000,0.679631,14.74116
1.405000e-03,0.6000,0.679643,14.74134
1.410000e-03,0.6000,0.679655,14.74152
1.415000e-03,0.6000,0.679666,14.74169
1.420000e-03,0.6000,0.679677,14.74186
1.425000e-03,0.6000,0.679688,14.74202
1.430000e-03,0.6000,0.679698,14.74217
1.435000e-03,0.6000,0.679708,14.74232
1.440000e-03,0.6000,0.679717,14.74246
1.445000e-03,0.6000,0.679726,14.74260
1.450000e-03,0.6000,0.679735,14.74274
1.455000e-03,0.6000,0.679744,14.74287
1.460000e-03,0.6000,0.679752,14.74299
1.465000e-03,0.6000,0.679761,14.74312
1.470000e-03,0.6000,0.679768,14.74323
1.475000e-03,0.6000,0.679776,14.74335
1.480000e-03,0.6000,0.679783,14.74346
1.485000e-03,0.6000,0.679790,14.74357
1.490000e-03,0.6000,0.679797,14.74367
1.495000e-03,0.6000,0.679804,14.74377
1.500000e-03,0.6000,0.679810,14.74387
1.505000e-03,0.6000,0.679816,14.74396
1.510000e-03,0.6000,0.679822,14.74405
1.515000e-03,0.6000,0.679828,14.74414
1.520000e-03,0.6000,0.679834,14.74422
1.525000e-03,0.6000,0.679839,14.74430
1.530000e-03,0.6000,0.679845,14.74438
1.535000e-03,0.6000,0.679850,14.74446
1.540000e-03,0.6000,0.679855,14.74453
1.545000e-03,0.6000,0.679859,14.74460
1.550000e-03,0.6000,0.679864,14.74467
1.555000e-03,0.6000,0.679868,14.74474
1.560000e-03,0.6000,0.679873,14.74481
1.565000e-03,0.6000,0.679877,14.74487
1.570000e-03,0.6000,0.679881,14.74493
1.575000e-03,0.6000,0.679885,14.74499
1.580000e-03,0.6000,0.679889,14.74504
1.585000e-03,0.6000,0.679892,14.74510
1.590000e-03,0.6000,0.679896,14.74515
1.595000e-03,0.6000,0.679899,14.74520
1.600000e-03,0.6000,0.679903,14.74525
1.605000e-03,0.6000,0.679906,14.74530
1.610000e-03,0.6000,0.679909,14.74535
1.615000e-03,0.6000,0.679912,14.74539
1.620000e-03,0.6000,0.679915,14.74544
1.625000e-03,0.6000,0.679917,14.74548
1.630000e-03,0.6000,0.679920,14.74552
1.635000e-03,0.6000,0.679923,14.74556
1.640000e-03,0.6000,0.679925,14.74560
1.645000e-03,0.6000,0.679928,14.74563
1.650000e-03,0.6000,0.679930,14.74567
1.655000e-03,0.6000,0.679932,14.74570
1.660000e-03,0.6000,0.679935,14.74574
1.665000e-03,0.6000,0.679937,14.74577
1.670000e-03,0.6000,0.679939,14.74580
1.675000e-03,0.6000,0.679941,14.74583
1.680000e-03,0.6000,0.679943,14.74586
1.685000e-03,0.6000,0.679945,14.74589
1.690000e-03,0.6000,0.679946,14.74591
1.695000e-03,0.6000,0.679948,14.74594
1.700000e-03,0.6000,0.679950,14.74597
1.705000e-03,0.6000,0.679952,14.74599
1.710000e-03,0.6000,0.679953,14.74601
1.715000e-03,0.6000,0.679955,14.74604
1.720000e-03,0.6000,0.679956,14.74606
1.725000e-03,0.6000,0.679958,14.74608
1.730000e-03,0.6000,0.679959,14.74610
1.735000e-03,0.6000,0.679960,14.74612
1.740000e-03,0.6000,0.679962,14.74614
1.745000e-03,0.6000,0.679963,14.74616
1.750000e-03,0.6000,0.679964,14.74618
1.755000e-03,0.6000,0.679965,14.74620
1.760000e-03,0.6000,0.679966,14.74621
1.765000e-03,0.6000,0.679968,14.74623
1.770000e-03,0.6000,0.679969,14.74625
1.775000e-03,0.6000,0.679970,14.74626
1.780000e-03,0.6000,0.679971,14.74628
1.785000e-03,0.6000,0.679972,14.74629
1.790000e-03,0.6000,0.679973,14.74630
1.795000e-03,0.6000,0.679973,14.74632
1.800000e-03,0.6000,0.679974,14.74633
1.805000e-03,0.6000,0.679975,14.74634
1.810000e-03,0.6000,0.679976,14.74636
1.815000e-03,0.6000,0.679977,14.74637
1.820000e-03,0.6000,0.679977,14.74638
1.825000e-03,0.6000,0.679978,14.74639
1.830000e-03,0.6000,0.679979,14.74640
1.835000e-03,0.6000,0.679980,14.74641
1.840000e-03,0.6000,0.679980,14.74642
1.845000e-03,0.6000,0.679981,14.74643
1.850000e-03,0.6000,0.679982,14.74644
1.855000e-03,0.6000,0.679982,14.74645
1.860000e-03,0.6000,0.679983,14.74646
1.865000e-03,0.6000,0.679983,14.74647
1.870000e-03,0.6000,0.679984,14.74647
1.875000e-03,0.6000,0.679984,14.74648
1.880000e-03,0.6000,0.679985,14.74649
1.885000e-03,0.6000,0.679985,14.74650
1.890000e-03,0.6000,0.679986,14.74650
1.895000e-03,0.6000,0.679986,14.74651
1.900000e-03,0.6000,0.679987,14.74652
1.905000e-03,0.6000,0.679987,14.74653
1.910000e-03,0.6000,0.679988,14.74653
1.915000e-03,0.6000,0.679988,14.74654
1.920000e-03,0.6000,0.679988,14.74654
1.925000e-03,0.6000,0.679989,14.74655
1.930000e-03,0.6000,0.679989,14.74655
1.935000e-03,0.6000,0.679990,14.74656
1.940000e-03,0.6000,0.679990,14.74656
1.945000e-03,0.6000,0.679990,14.74657
1.950000e-03,0.6000,0.679991,14.74657
1.955100e-03,0.6000,0.679991,14.74658
1.960200e-03,0.6000,0.679991,14.74658
1.965300e-03,0.6000,0.679991,14.74659
1.970400e-03,0.6000,0.679992,14.74659
1.975500e-03,0.6000,0.679992,14.74660
1.980600e-03,0.6000,0.679992,14.74660
1.985700e-03,0.6000,0.679993,14.74660
1.990800e-03,0.6000,0.679993,14.74661
1.995900e-03,0.6000,0.679993,14.74661
2.001000e-03,0.6000,0.679993,14.74662
2.006100e-03,0.6000,0.679993,14.74662
2.011200e-03,0.6000,0.679994,14.74662
2.016300e-03,0.6000,0.679994,14.74663
2.021400e-03,0.6000,0.679994,14.74663
2.026500e-03,0.6000,0.679994,14.74663
2.031600e-03,0.6000,0.679995,14.74663
2.036700e-03,0.6000,0.679995,14.74664
2.041800e-03,0.6000,0.679995,14.74664
2.046900e-03,0.6000,0.679995,14.74664
2.052000e-03,0.6000,0.679995,14.74664
2.057100e-03,0.6000,0.679995,14.74665
2.062200e-03,0.6000,0.679996,14.74665
2.067300e-03,0.6000,0.679996,14.74665
2.072400e-03,0.6000,0.679996,14.74665
2.077500e-03,0.6000,0.679996,14.74666
2.082600e-03,0.6000,0.679996,14.74666
2.087700e-03,0.6000,0.679996,14.74666
2.092800e-03,0.6000,0.679996,14.74666
2.097900e-03,0.6000,0.679996,14.74666
2.103000e-03,0.6000,0.679997,14.74667
2.108100e-03,0.6000,0.679997,14.74667
2.113200e-03,0.6000,0.679997,14.74667
2.118300e-03,0.6000,0.679997,14.74667
2.123400e-03,0.6000,0.679997,14.74667
2.128500e-03,0.6000,0.679997,14.74667
2.133600e-03,0.6000,0.679997,14.74667
2.138700e-03,0.6000,0.679997,14.74668
2.143800e-03,0.6000,0.679997,14.74668
2.148900e-03,0.6000,0.679997,14.74668
2.154000e-03,0.6000,0.679998,14.74668
2.159100e-03,0.6000,0.679998,14.74668
2.164200e-03,0.6000,0.679998,14.74668
2.169300e-03,0.6000,0.679998,14.74668
2.174400e-03,0.6000,0.679998,14.74668
2.179500e-03,0.6000,0.679998,14.74669
2.184600e-03,0.6000,0.679998,14.74669
2.189700e-03,0.6000,0.679998,14.74669
2.194800e-03,0.6000,0.679998,14.74669
2.199900e-03,0.6000,0.679998,14.74669
2.205000e-03,0.6000,0.679998,14.74669
2.210100e-03,0.6000,0.679998,14.74669
2.215200e-03,0.6000,0.679998,14.74669
2.220300e-03,0.6000,0.679998,14.74669
2.225400e-03,0.6000,0.679998,14.74669
2.230500e-03,0.6000,0.679999,14.74669
2.235600e-03,0.6000,0.679999,14.74670
2.240700e-03,0.6000,0.679999,14.74670
2.245800e-03,0.6000,0.679999,14.74670
2.250900e-03,0.6000,0.679999,14.74670
2.256000e-03,0.6000,0.679999,14.74670
2.261100e-03,0.6000,0.679999,14.74670
2.266200e-03,0.6000,0.679999,14.74670
2.271300e-03,0.6000,0.679999,14.74670
2.276400e-03,0.6000,0.679999,14.74670
2.281500e-03,0.6000,0.679999,14.74670
2.286600e-03,0.6000,0.679999,14.74670
2.291700e-03,0.6000,0.679999,14.74670
2.296800e-03,0.6000,0.679999,14.74670
2.301900e-03,0.6000,0.679999,14.74670
2.307000e-03,0.6000,0.679999,14.74670
2.312100e-03,0.6000,0.679999,14.74670
2.317200e-03,0.6000,0.679999,14.74670
2.322300e-03,0.6000,0.679999,14.74670
2.327400e-03,0.6000,0.679999,14.74670
2.332500e-03,0.6000,0.679999,14.74671
2.337600e-03,0.6000,0.679999,14.74671
2.342700e-03,0.6000,0.679999,14.74671
2.347800e-03,0.6000,0.679999,14.74671
2.352900e-03,0.6000,0.679999,14.74671
2.358000e-03,0.6000,0.679999,14.74671
2.363100e-03,0.6000,0.679999,14.74671
2.368200e-03,0.6000,0.679999,14.74671
2.373300e-03,0.6000,0.679999,14.74671
2.378400e-03,0.6000,0.679999,14.74671
2.383500e-03,0.6000,0.679999,14.74671
2.388600e-03,0.6000,0.679999,14.74671
2.393700e-03,0.6000,0.680000,14.74671
2.398800e-03,0.6000,0.680000,14.74671
2.403900e-03,0.6000,0.680000,14.74671
2.409000e-03,0.6000,0.680000,14.74671
2.414100e-03,0.6000,0.680000,14.74671
2.419200e-03,0.6000,0.680000,14.74671
2.424300e-03,0.6000,0.680000,14.74671
2.429400e-03,0.6000,0.680000,14.74671
2.434500e-03,0.6000,0.680000,14.74671
2.439600e-03,0.6000,0.680000,14.74671
2.444700e-03,0.6000,0.680000,14.74671
2.449800e-03,0.6000,0.680000,14.74671
2.454900e-03,0.6000,0.680000,14.74671
2.460000e-03,0.6000,0.680000,14.74671
2.465100e-03,0.6000,0.680000,14.74671
2.470200e-03,0.6000,0.680000,14.74671
2.475300e-03,0.6000,0.680000,14.74671
2.480400e-03,0.6000,0.680000,14.74671
2.485500e-03,0.6000,0.680000,14.74671
2.490600e-03,0.6000,0.680000,14.74671
2.495700e-03,0.6000,0.680000,14.74671
2.500800e-03,0.6000,0.680000,14.74671
2.505900e-03,0.6000,0.680000,14.74671
2.511000e-03,0.6000,0.680000,14.74671
2.516100e-03,0.6000,0.680000,14.74671
2.521200e-03,0.6000,0.680000,14.74671
2.526300e-03,0.6000,0.680000,14.74671
2.531400e-03,0.6000,0.680000,14.74671
2.536500e-03,0.6000,0.680000,14.74671
2.541600e-03,0.6000,0.680000,14.74671
2.546700e-03,0.6000,0.680000,14.74671
2.551800e-03,0.6000,0.680000,14.74671
2.556900e-03,0.6000,0.680000,14.74671
2.562000e-03,0.6000,0.680000,14.74671
2.567100e-03,0.6000,0.680000,14.74671
2.572200e-03,0.6000,0.680000,14.74671
2.577300e-03,0.6000,0.680000,14.74671
2.582400e-03,0.6000,0.680000,14.74671
2.587500e-03,0.6000,0.680000,14.74671
2.592600e-03,0.6000,0.680000,14.74671
2.597700e-03,0.6000,0.680000,14.74671
2.602800e-03,0.6000,0.680000,14.74671
2.607900e-03,0.6000,0.680000,14.74671
2.613000e-03,0.6000,0.680000,14.74671
2.618100e-03,0.6000,0.680000,14.74671
2.623200e-03,0.6000,0.680000,14.74671
2.628300e-03,0.6000,0.680000,14.74671
2.633400e-03,0.6000,0.680000,14.74671
2.638500e-03,0.6000,0.680000,14.74671
2.643600e-03,0.6000,0.680000,14.74672
2.648700e-03,0.6000,0.680000,14.74672
2.653800e-03,0.6000,0.680000,14.74672
2.658900e-03,0.6000,0.680000,14.74672
2.664000e-03,0.6000,0.680000,14.74672
2.669100e-03,0.6000,0.680000,14.74672
2.674200e-03,0.6000,0.680000,14.74672
2.679300e-03,0.6000,0.680000,14.74672
2.684400e-03,0.6000,0.680000,14.74672
2.689500e-03,0.6000,0.680000,14.74672
2.694600e-03,0.6000,0.680000,14.74672
2.699700e-03,0.6000,0.680000,14.74672
2.704800e-03,0.6000,0.680000,14.74672
2.709900e-03,0.6000,0.680000,14.74672
2.715000e-03,0.6000,0.680000,14.74672
2.720100e-03,0.6000,0.680000,14.74672
2.725200e-03,0.6000,0.680000,14.74672
2.730300e-03,0.6000,0.680000,14.74672
2.735400e-03,0.6000,0.680000,14.74672
2.740500e-03,0.6000,0.680000,14.74672
2.745600e-03,0.6000,0.680000,14.74672
2.750700e-03,0.6000,0.680000,14.74672
2.755800e-03,0.6000,0.680000,14.74672
2.760900e-03,0.6000,0.680000,14.74672
2.766000e-03,0.6000,0.680000,14.74672
2.771100e-03,0.6000,0.680000,14.74672
2.776200e-03,0.6000,0.680000,14.74672
2.781300e-03,0.6000,0.680000,14.74672
2.786400e-03,0.6000,0.680000,14.74672
2.791500e-03,0.6000,0.680000,14.74672
2.796600e-03,0.6000,0.680000,14.74672
2.801700e-03,0.6000,0.680000,14.74672
2.806800e-03,0.6000,0.680000,14.74672
2.811900e-03,0.6000,0.680000,14.74672
2.817000e-03,0.6000,0.680000,14.74672
2.822100e-03,0.6000,0.680000,14.74672
2.827200e-03,0.6000,0.680000,14.74672
2.832300e-03,0.6000,0.680000,14.74672
2.837400e-03,0.6000,0.680000,14.74672
2.842500e-03,0.6000,0.680000,14.74672
2.847600e-03,0.6000,0.680000,14.74672
2.852700e-03,0.6000,0.680000,14.74672
2.857800e-03,0.6000,0.680000,14.74672
2.862900e-03,0.6000,0.680000,14.74672
2.868000e-03,0.6000,0.680000,14.74672
2.873100e-03,0.6000,0.680000,14.74672
2.878200e-03,0.6000,0.680000,14.74672
2.883300e-03,0.6000,0.680000,14.74672
2.888400e-03,0.6000,0.680000,14.74672
2.893500e-03,0.6000,0.680000,14.74672
2.898600e-03,0.6000,0.680000,14.74672
2.903700e-03,0.6000,0.680000,14.74672
2.908800e-03,0.6000,0.680000,14.74672
2.913900e-03,0.6000,0.680000,14.74672
2.919000e-03,0.6000,0.680000,14.74672
2.924100e-03,0.6000,0.680000,14.74672
2.929200e-03,0.6000,0.680000,14.74672
2.934300e-03,0.6000,0.680000,14.74672
2.939400e-03,0.6000,0.680000,14.74672
2.944500e-03,0.6000,0.680000,14.74672
2.949600e-03,0.6000,0.680000,14.74672
2.954700e-03,0.6000,0.680000,14.74672
2.959800e-03,0.6000,0.680000,14.74672
2.964900e-03,0.6000,0.680000,14.74672
2.970000e-03,0.6000,0.680000,14.74672
2.975100e-03,0.6000,0.680000,14.74672
2.980200e-03,0.6000,0.680000,14.74672
2.985300e-03,0.6000,0.680000,14.74672
2.990400e-03,0.6000,0.680000,14.74672
2.995500e-03,0.6000,0.680000,14.74672
3.000600e-03,0.6000,0.680000,14.74672
3.005700e-03,0.6000,0.680000,14.74672
3.010800e-03,0.6000,0.680000,14.74672
3.015900e-03,0.6000,0.680000,14.74672
3.021000e-03,0.6000,0.680000,14.74672
3.026100e-03,0.6000,0.680000,14.74672
3.031200e-03,0.6000,0.680000,14.74672
3.036300e-03,0.6000,0.680000,14.74672
3.041400e-03,0.6000,0.680000,14.74672
3.046500e-03,0.6000,0.680000,14.74672
3.051600e-03,0.6000,0.680000,14.74672
3.056700e-03,0.6000,0.680000,14.74672
3.061800e-03,0.6000,0.680000,14.74672
3.066900e-03,0.6000,0.680000,14.74672
3.072000e-03,0.6000,0.680000,14.74672
3.077100e-03,0.6000,0.680000,14.74672
3.082200e-03,0.6000,0.680000,14.74672
3.087300e-03,0.6000,0.680000,14.74672
3.092400e-03,0.6000,0.680000,14.74672
3.097500e-03,0.6000,0.680000,14.74672
3.102600e-03,0.6000,0.680000,14.74672
3.107700e-03,0.6000,0.680000,14.74672
3.112800e-03,0.6000,0.680000,14.74672
3.117900e-03,0.6000,0.680000,14.74672
3.123000e-03,0.6000,0.680000,14.74672
3.128100e-03,0.6000,0.680000,14.74672
3.133200e-03,0.6000,0.680000,14.74672
3.138300e-03,0.6000,0.680000,14.74672
3.143400e-03,0.6000,0.680000,14.74672
3.148500e-03,0.6000,0.680000,14.74672
3.153600e-03,0.6000,0.680000,14.74672
3.158700e-03,0.6000,0.680000,14.74672
3.163800e-03,0.6000,0.680000,14.74672
3.168900e-03,0.6000,0.680000,14.74672
3.174000e-03,0.6000,0.680000,14.74672
3.179100e-03,0.6000,0.680000,14.74672
3.184200e-03,0.6000,0.680000,14.74672
3.189300e-03,0.6000,0.680000,14.74672
3.194400e-03,0.6000,0.680000,14.74672
3.199500e-03,0.6000,0.680000,14.74672
3.204600e-03,0.6000,0.680000,14.74672
3.209700e-03,0.6000,0.680000,14.74672
3.214800e-03,0.6000,0.680000,14.74672
3.219900e-03,0.6000,0.680000,14.74672
3.225000e-03,0.6000,0.680000,14.74672
3.230100e-03,0.6000,0.680000,14.74672
3.235200e-03,0.6000,0.680000,14.74672
3.240300e-03,0.6000,0.680000,14.74672
3.245400e-03,0.6000,0.680000,14.74672
3.250500e-03,0.6000,0.680000,14.74672
3.255600e-03,0.6000,0.680000,14.74672
3.260700e-03,0.6000,0.680000,14.74672
3.265800e-03,0.6000,0.680000,14.74672
3.270900e-03,0.6000,0.680000,14.74672
3.276000e-03,0.6000,0.680000,14.74672
3.281100e-03,0.6000,0.680000,14.74672
3.286200e-03,0.6000,0.680000,14.74672
3.291300e-03,0.6000,0.680000,14.74672
3.296400e-03,0.6000,0.680000,14.74672
3.301500e-03,0.6000,0.680000,14.74672
3.306600e-03,0.6000,0.680000,14.74672
3.311700e-03,0.6000,0.680000,14.74672
3.316800e-03,0.6000,0.680000,14.74672
3.321900e-03,0.6000,0.680000,14.74672
3.327000e-03,0.6000,0.680000,14.74672
3.332100e-03,0.6000,0.680000,14.74672
3.337200e-03,0.6000,0.680000,14.74672
3.342300e-03,0.6000,0.680000,14.74672
3.347400e-03,0.6000,0.680000,14.74672
3.352500e-03,0.6000,0.680000,14.74672
3.357600e-03,0.6000,0.680000,14.74672
3.362700e-03,0.6000,0.680000,14.74672
3.367800e-03,0.6000,0.680000,14.74672
3.372900e-03,0.6000,0.680000,14.74672
3.378000e-03,0.6000,0.680000,14.74672
3.383100e-03,0.6000,0.680000,14.74672
3.388200e-03,0.6000,0.680000,14.74672
3.393300e-03,0.6000,0.680000,14.74672
3.398400e-03,0.6000,0.680000,14.74672
3.403500e-03,0.6000,0.680000,14.74672
3.408600e-03,0.6000,0.680000,14.74672
3.413700e-03,0.6000,0.680000,14.74672
3.418800e-03,0.6000,0.680000,14.74672
3.423900e-03,0.6000,0.680000,14.74672
3.429000e-03,0.6000,0.680000,14.74672
3.434100e-03,0.6000,0.680000,14.74672
3.439200e-03,0.6000,0.680000,14.74672
3.444300e-03,0.6000,0.680000,14.74672
3.449400e-03,0.6000,0.680000,14.74672
3.454500e-03,0.6000,0.680000,14.74672
3.459600e-03,0.6000,0.680000,14.74672
3.464700e-03,0.6000,0.680000,14.74672
3.469800e-03,0.6000,0.680000,14.74672
3.474900e-03,0.6000,0.680000,14.74672
3.480000e-03,0.6000,0.680000,14.74672
3.485100e-03,0.6000,0.680000,14.74672
3.490200e-03,0.6000,0.680000,14.74672
3.495300e-03,0.6000,0.680000,14.74672
3.500400e-03,0.6000,0.680000,14.74672
3.505500e-03,0.6000,0.680000,14.74672
3.510600e-03,0.6000,0.680000,14.74672
3.515700e-03,0.6000,0.680000,14.74672
3.520800e-03,0.6000,0.680000,14.74672
3.525900e-03,0.6000,0.680000,14.74672
3.531000e-03,0.6000,0.680000,14.74672
3.536100e-03,0.6000,0.680000,14.74672
3.541200e-03,0.6000,0.680000,14.74672
3.546300e-03,0.6000,0.680000,14.74672
3.551400e-03,0.6000,0.680000,14.74672
3.556500e-03,0.6000,0.680000,14.74672
3.561600e-03,0.6000,0.680000,14.74672
3.566700e-03,0.6000,0.680000,14.74672
3.571800e-03,0.6000,0.680000,14.74672
3.576900e-03,0.6000,0.680000,14.74672
3.582000e-03,0.6000,0.680000,14.74672
3.587100e-03,0.6000,0.680000,14.74672
3.592200e-03,0.6000,0.680000,14.74672
3.597300e-03,0.6000,0.680000,14.74672
3.602400e-03,0.6000,0.680000,14.74672
3.607500e-03,0.6000,0.680000,14.74672
3.612600e-03,0.6000,0.680000,14.74672
3.617700e-03,0.6000,0.680000,14.74672
3.622800e-03,0.6000,0.680000,14.74672
3.627900e-03,0.6000,0.680000,14.74672
3.633000e-03,0.6000,0.680000,14.74672
3.638100e-03,0.6000,0.680000,14.74672
3.643200e-03,0.6000,0.680000,14.74672
3.648300e-03,0.6000,0.680000,14.74672
3.653400e-03,0.6000,0.680000,14.74672
3.658500e-03,0.6000,0.680000,14.74672
3.663600e-03,0.6000,0.680000,14.74672
3.668700e-03,0.6000,0.680000,14.74672
3.673800e-03,0.6000,0.680000,14.74672
3.678900e-03,0.6000,0.680000,14.74672
3.684000e-03,0.6000,0.680000,14.74672
3.689100e-03,0.6000,0.680000,14.74672
3.694200e-03,0.6000,0.680000,14.74672
3.699300e-03,0.6000,0.680000,14.74672
3.704400e-03,0.6000,0.680000,14.74672
3.709500e-03,0.6000,0.680000,14.74672
3.714600e-03,0.6000,0.680000,14.74672
3.719700e-03,0.6000,0.680000,14.74672
3.724800e-03,0.6000,0.680000,14.74672
3.729900e-03,0.6000,0.680000,14.74672
3.735000e-03,0.6000,0.680000,14.74672
3.740100e-03,0.6000,0.680000,14.74672
3.745200e-03,0.6000,0.680000,14.74672
3.750300e-03,0.6000,0.680000,14.74672
3.755400e-03,0.6000,0.680000,14.74672
3.760500e-03,0.6000,0.680000,14.74672
3.765600e-03,0.6000,0.680000,14.74672
3.770700e-03,0.6000,0.680000,14.74672
3.775800e-03,0.6000,0.680000,14.74672
3.780900e-03,0.6000,0.680000,14.74672
3.786000e-03,0.6000,0.680000,14.74672
3.791100e-03,0.6000,0.680000,14.74672
3.796200e-03,0.6000,0.680000,14.74672
3.801300e-03,0.6000,0.680000,14.74672
3.806400e-03,0.6000,0.680000,14.74672
3.811500e-03,0.6000,0.680000,14.74672
3.816600e-03,0.6000,0.680000,14.74672
3.821700e-03,0.6000,0.680000,14.74672
3.826800e-03,0.6000,0.680000,14.74672
3.831900e-03,0.6000,0.680000,14.74672
3.837000e-03,0.6000,0.680000,14.74672
3.842100e-03,0.6000,0.680000,14.74672
3.847200e-03,0.6000,0.680000,14.74672
3.852300e-03,0.6000,0.680000,14.74672
3.857400e-03,0.6000,0.680000,14.74672
3.862500e-03,0.6000,0.680000,14.74672
3.867600e-03,0.6000,0.680000,14.74672
3.872700e-03,0.6000,0.680000,14.74672
3.877800e-03,0.6000,0.680000,14.74672
3.882900e-03,0.6000,0.680000,14.74672
3.888000e-03,0.6000,0.680000,14.74672
3.893100e-03,0.6000,0.680000,14.74672
3.898200e-03,0.6000,0.680000,14.74672
3.903300e-03,0.6000,0.680000,14.74672
3.908300e-03,0.6000,0.680000,14.74672
3.913300e-03,0.6000,0.680000,14.74672
3.918300e-03,0.6000,0.680000,14.74672
3.923300e-03,0.6000,0.680000,14.74672
3.928300e-03,0.6000,0.680000,14.74672
3.933300e-03,0.6000,0.680000,14.74672
3.938300e-03,0.6000,0.680000,14.74672
3.943300e-03,0.6000,0.680000,14.74672
3.948300e-03,0.6000,0.680000,14.74672
3.953300e-03,0.6000,0.680000,14.74672
3.958300e-03,0.6000,0.680000,14.74672
3.963300e-03,0.6000,0.680000,14.74672
3.968300e-03,0.6000,0.680000,14.74672
3.973300e-03,0.6000,0.680000,14.74672
3.978300e-03,0.6000,0.680000,14.74672
3.983300e-03,0.6000,0.680000,14.74672
3.988300e-03,0.6000,0.680000,14.74672
3.993300e-03,0.6000,0.680000,14.74672
3.998300e-03,0.6000,0.680000,14.74672
4.003300e-03,0.6000,0.680000,14.74672
4.008300e-03,0.6000,0.680000,14.74672
4.013300e-03,0.6000,0.680000,14.74672
4.018300e-03,0.6000,0.680000,14.74672
4.023300e-03,0.6000,0.680000,14.74672
4.028300e-03,0.6000,0.680000,14.74672
4.033300e-03,0.6000,0.680000,14.74672
4.038300e-03,0.6000,0.680000,14.74672
4.043300e-03,0.6000,0.680000,14.74672
4.048300e-03,0.6000,0.680000,14.74672
4.053300e-03,0.6000,0.680000,14.74672
4.058300e-03,0.6000,0.680000,14.74672
4.063300e-03,0.6000,0.680000,14.74672
4.068300e-03,0.6000,0.680000,14.74672
4.073300e-03,0.6000,0.680000,14.74672
4.078300e-03,0.6000,0.680000,14.74672
4.083300e-03,0.6000,0.680000,14.74672
4.088300e-03,0.6000,0.680000,14.74672
4.093300e-03,0.6000,0.680000,14.74672
4.098300e-03,0.6000,0.680000,14.74672
4.103300e-03,0.6000,0.680000,14.74672
4.108300e-03,0.6000,0.680000,14.74672
4.113300e-03,0.6000,0.680000,14.74672
4.118300e-03,0.6000,0.680000,14.74672
4.123300e-03,0.6000,0.680000,14.74672
4.128300e-03,0.6000,0.680000,14.74672
4.133300e-03,0.6000,0.680000,14.74672
4.138300e-03,0.6000,0.680000,14.74672
4.143300e-03,0.6000,0.680000,14.74672
4.148300e-03,0.6000,0.680000,14.74672
4.153300e-03,0.6000,0.680000,14.74672
4.158300e-03,0.6000,0.680000,14.74672
4.163300e-03,0.6000,0.680000,14.74672
4.168300e-03,0.6000,0.680000,14.74672
4.173300e-03,0.6000,0.680000,14.74672
4.178300e-03,0.6000,0.680000,14.74672
4.183300e-03,0.6000,0.680000,14.74672
4.188300e-03,0.6000,0.680000,14.74672
4.193300e-03,0.6000,0.680000,14.74672
4.198300e-03,0.6000,0.680000,14.74672
4.203300e-03,0.6000,0.680000,14.74672
4.208300e-03,0.6000,0.680000,14.74672
4.213300e-03,0.6000,0.680000,14.74672
4.218300e-03,0.6000,0.680000,14.74672
4.223300e-03,0.6000,0.680000,14.74672
4.228300e-03,0.6000,0.680000,14.74672
4.233300e-03,0.6000,0.680000,14.74672
4.238300e-03,0.6000,0.680000,14.74672
4.243300e-03,0.6000,0.680000,14.74672
4.248300e-03,0.6000,0.680000,14.74672
4.253300e-03,0.6000,0.680000,14.74672
4.258300e-03,0.6000,0.680000,14.74672
4.263300e-03,0.6000,0.680000,14.74672
4.268300e-03,0.6000,0.680000,14.74672
4.273300e-03,0.6000,0.680000,14.74672
4.278300e-03,0.6000,0.680000,14.74672
4.283300e-03,0.6000,0.680000,14.74672
4.288300e-03,0.6000,0.680000,14.74672
4.293300e-03,0.6000,0.680000,14.74672
4.298300e-03,0.6000,0.680000,14.74672
4.303300e-03,0.6000,0.680000,14.74672
4.308300e-03,0.6000,0.680000,14.74672
4.313300e-03,0.6000,0.680000,14.74672
4.318300e-03,0.6000,0.680000,14.74672
4.323300e-03,0.6000,0.680000,14.74672
4.328300e-03,0.6000,0.680000,14.74672
4.333300e-03,0.6000,0.680000,14.74672
4.338300e-03,0.6000,0.680000,14.74672
4.343300e-03,0.6000,0.680000,14.74672
4.348300e-03,0.6000,0.680000,14.74672
4.353300e-03,0.6000,0.680000,14.74672
4.358300e-03,0.6000,0.680000,14.74672
4.363300e-03,0.6000,0.680000,14.74672
4.368300e-03,0.6000,0.680000,14.74672
4.373300e-03,0.6000,0.680000,14.74672
4.378300e-03,0.6000,0.680000,14.74672
4.383300e-03,0.6000,0.680000,14.74672
4.388300e-03,0.6000,0.680000,14.74672
4.393300e-03,0.6000,0.680000,14.74672
4.398300e-03,0.6000,0.680000,14.74672
4.403300e-03,0.6000,0.680000,14.74672
4.408300e-03,0.6000,0.680000,14.74672
4.413300e-03,0.6000,0.680000,14.74672
4.418300e-03,0.6000,0.680000,14.74672
4.423300e-03,0.6000,0.680000,14.74672
4.428300e-03,0.6000,0.680000,14.74672
4.433300e-03,0.6000,0.680000,14.74672
4.438300e-03,0.6000,0.680000,14.74672
4.443300e-03,0.6000,0.680000,14.74672
4.448300e-03,0.6000,0.680000,14.74672
4.453300e-03,0.6000,0.680000,14.74672
4.458300e-03,0.6000,0.680000,14.74672
4.463300e-03,0.6000,0.680000,14.74672
4.468300e-03,0.6000,0.680000,14.74672
4.473300e-03,0.6000,0.680000,14.74672
4.478300e-03,0.6000,0.680000,14.74672
4.483300e-03,0.6000,0.680000,14.74672
4.488300e-03,0.6000,0.680000,14.74672
4.493300e-03,0.6000,0.680000,14.74672
4.498300e-03,0.6000,0.680000,14.74672
4.503300e-03,0.6000,0.680000,14.74672
4.508300e-03,0.6000,0.680000,14.74672
4.513300e-03,0.6000,0.680000,14.74672
4.518300e-03,0.6000,0.680000,14.74672
4.523300e-03,0.6000,0.680000,14.74672
4.528300e-03,0.6000,0.680000,14.74672
4.533300e-03,0.6000,0.680000,14.74672
4.538300e-03,0.6000,0.680000,14.74672
4.543300e-03,0.6000,0.680000,14.74672
4.548300e-03,0.6000,0.680000,14.74672
4.553300e-03,0.6000,0.680000,14.74672
4.558300e-03,0.6000,0.680000,14.74672
4.563300e-03,0.6000,0.680000,14.74672
4.568300e-03,0.6000,0.680000,14.74672
4.573300e-03,0.6000,0.680000,14.74672
4.578300e-03,0.6000,0.680000,14.74672
4.583300e-03,0.6000,0.680000,14.74672
4.588300e-03,0.6000,0.680000,14.74672
4.593300e-03,0.6000,0.680000,14.74672
4.598300e-03,0.6000,0.680000,14.74672
4.603300e-03,0.6000,0.680000,14.74672
4.608300e-03,0.6000,0.680000,14.74672
4.613300e-03,0.6000,0.680000,14.74672
4.618300e-03,0.6000,0.680000,14.74672
4.623300e-03,0.6000,0.680000,14.74672
4.628300e-03,0.6000,0.680000,14.74672
4.633300e-03,0.6000,0.680000,14.74672
4.638300e-03,0.6000,0.680000,14.74672
4.643300e-03,0.6000,0.680000,14.74672
4.648300e-03,0.6000,0.680000,14.74672
4.653300e-03,0.6000,0.680000,14.74672
4.658300e-03,0.6000,0.680000,14.74672
4.663300e-03,0.6000,0.680000,14.74672
4.668300e-03,0.6000,0.680000,14.74672
4.673300e-03,0.6000,0.680000,14.74672
4.678300e-03,0.6000,0.680000,14.74672
4.683300e-03,0.6000,0.680000,14.74672
4.688300e-03,0.6000,0.680000,14.74672
4.693300e-03,0.6000,0.680000,14.74672
4.698300e-03,0.6000,0.680000,14.74672
4.703300e-03,0.6000,0.680000,14.74672
4.708300e-03,0.6000,0.680000,14.74672
4.713300e-03,0.6000,0.680000,14.74672
4.718300e-03,0.6000,0.680000,14.74672
4.723300e-03,0.6000,0.680000,14.74672
4.728300e-03,0.6000,0.680000,14.74672
4.733300e-03,0.6000,0.680000,14.74672
4.738300e-03,0.6000,0.680000,14.74672
4.743300e-03,0.6000,0.680000,14.74672
4.748300e-03,0.6000,0.680000,14.74672
4.753300e-03,0.6000,0.680000,14.74672
4.758300e-03,0.6000,0.680000,14.74672
4.763300e-03,0.6000,0.680000,14.74672
4.768300e-03,0.6000,0.680000,14.74672
4.773300e-03,0.6000,0.680000,14.74672
4.778300e-03,0.6000,0.680000,14.74672
4.783300e-03,0.6000,0.680000,14.74672
4.788300e-03,0.6000,0.680000,14.74672
4.793300e-03,0.6000,0.680000,14.74672
4.798300e-03,0.6000,0.680000,14.74672
4.803300e-03,0.6000,0.680000,14.74672
4.808300e-03,0.6000,0.680000,14.74672
4.813300e-03,0.6000,0.680000,14.74672
4.818300e-03,0.6000,0.680000,14.74672
4.823300e-03,0.6000,0.680000,14.74672
4.828300e-03,0.6000,0.680000,14.74672
4.833300e-03,0.6000,0.680000,14.74672
4.838300e-03,0.6000,0.680000,14.74672
4.843300e-03,0.6000,0.680000,14.74672
4.848300e-03,0.6000,0.680000,14.74672
4.853300e-03,0.6000,0.680000,14.74672
4.858300e-03,0.6000,0.680000,14.74672
4.863300e-03,0.6000,0.680000,14.74672
4.868300e-03,0.6000,0.680000,14.74672
4.873300e-03,0.6000,0.680000,14.74672
4.878300e-03,0.6000,0.680000,14.74672
4.883300e-03,0.6000,0.680000,14.74672
4.888300e-03,0.6000,0.680000,14.74672
4.893300e-03,0.6000,0.680000,14.74672
4.898300e-03,0.6000,0.680000,14.74672
4.903300e-03,0.6000,0.680000,14.74672
4.908300e-03,0.6000,0.680000,14.74672
4.913300e-03,0.6000,0.680000,14.74672
4.918300e-03,0.6000,0.680000,14.74672
4.923300e-03,0.6000,0.680000,14.74672
4.928300e-03,0.6000,0.680000,14.74672
4.933300e-03,0.6000,0.680000,14.74672
4.938300e-03,0.6000,0.680000,14.74672
4.943300e-03,0.6000,0.680000,14.74672
4.948300e-03,0.6000,0.680000,14.74672
4.953300e-03,0.6000,0.680000,14.74672
4.958300e-03,0.6000,0.680000,14.74672
4.963300e-03,0.6000,0.680000,14.74672
4.968300e-03,0.6000,0.680000,14.74672
4.973300e-03,0.6000,0.680000,14.74672
4.978300e-03,0.6000,0.680000,14.74672
4.983300e-03,0.6000,0.680000,14.74672
4.988300e-03,0.6000,0.680000,14.74672
4.993300e-03,0.6000,0.680000,14.74672
4.998300e-03,0.6000,0.680000,14.74672
